price_record_id,material_id,vision_category,category,subcategory,device_origin,material_source_name,material_source_type,material_source_url,material_source_observation_date,material_evidence_level,material_notes,location_state,location_city,location_market_cluster,city_tier,date_recorded,time_recorded,unit_of_measure,source_base_price_min_inr,source_base_price_max_inr,source_base_price_mid_inr,location_price_factor,category_location_factor,date_factor,doorstep_informal_price_inr,wholesale_mandi_price_inr,authorized_recycler_offered_price_inr,market_range_min_inr,market_range_max_inr,formal_channel_bonus_inr,formal_bonus_percentage,price_trend_30d,price_trend_detail,top_authorized_buyer,buyer_authorization_no,data_source,verification_status,is_synthetic,generation_method
PRC-MA-PUN-00001,MAT-001,CRT,CRT,CRT Monitor - Standard,Desktop computer,Scrappbazaar + Scrap Savvy,direct_multi_source,https://www.scrappbazaar.com/rates ; https://scrapsavvykabadiwala.com/scrap-rates-today-scrap-prices/,2026-09-05,DIRECT_RANGE,Current pickup listings show ~₹150-180/piece.,Maharashtra,Pune,Kasba Peth Scrap Mandi / Hadapsar MIDC,Tier 1,2026-09-05,10:30:00,per_piece,150.0,180.0,165.0,1.0,1.0,1.0,140,165,180,135,190,40,28.6,Rising,Configured CRT-market scenario: rising.,Ecoreco Collection Center (Pune Hub),CPCB/EPR-EW/2023/MH-014,Synthetic scenario generated from material baselines and configured location/date factors,Synthetic - requires independent market verification,True,base_mid * location_factor * category_location_factor * date_factor
PRC-MA-PUN-00002,MAT-002,CRT,CRT,CRT TV - Standard,Television,Scrappbazaar + Scrap Savvy,direct_multi_source,https://www.scrappbazaar.com/rates ; https://scrapsavvykabadiwala.com/scrap-rates-today-scrap-prices/,2026-09-05,DIRECT_RANGE,Current listings show ~₹150-200/piece.,Maharashtra,Pune,Kasba Peth Scrap Mandi / Hadapsar MIDC,Tier 1,2026-09-05,10:30:00,per_piece,150.0,200.0,175.0,1.0,1.0,1.0,150,175,190,140,200,40,26.7,Rising,Configured CRT-market scenario: rising.,Ecoreco Collection Center (Pune Hub),CPCB/EPR-EW/2023/MH-014,Synthetic scenario generated from material baselines and configured location/date factors,Synthetic - requires independent market verification,True,base_mid * location_factor * category_location_factor * date_factor
PRC-MA-PUN-00003,MAT-003,CRT,CRT,CRT TV - Small 14-17 inch,Television,The Kabadiwala + Kabadiwala Online,proxy_from_direct,https://www.thekabadiwala.com/scrap-rates/Bhopal ; https://kabadiwalaonline.com/secrap-rates/,2026-09-05,PROXY,Size-specific value inferred from current CRT TV/monitor pickup rates.,Maharashtra,Pune,Kasba Peth Scrap Mandi / Hadapsar MIDC,Tier 1,2026-09-05,10:30:00,per_piece,100.0,160.0,130.0,1.0,1.0,1.0,110,130,140,105,145,30,27.3,Rising,Configured CRT-market scenario: rising.,Ecoreco Collection Center (Pune Hub),CPCB/EPR-EW/2023/MH-014,Synthetic scenario generated from material baselines and configured location/date factors,Synthetic - requires independent market verification,True,base_mid * location_factor * category_location_factor * date_factor
PRC-MA-PUN-00004,MAT-004,CRT,CRT,CRT Monitor - 17 inch,Desktop computer,Kabadiwala Online + Scrap Savvy,direct_multi_source,https://kabadiwalaonline.com/secrap-rates/ ; https://scrapsavvykabadiwala.com/scrap-rates-today-scrap-prices/,2026-09-05,DIRECT_RANGE,Standard CRT monitor rate.,Maharashtra,Pune,Kasba Peth Scrap Mandi / Hadapsar MIDC,Tier 1,2026-09-05,10:30:00,per_piece,150.0,180.0,165.0,1.0,1.0,1.0,140,165,180,135,190,40,28.6,Rising,Configured CRT-market scenario: rising.,Ecoreco Collection Center (Pune Hub),CPCB/EPR-EW/2023/MH-014,Synthetic scenario generated from material baselines and configured location/date factors,Synthetic - requires independent market verification,True,base_mid * location_factor * category_location_factor * date_factor
PRC-MA-PUN-00005,MAT-005,CRT,CRT,CRT TV - Large 21 inch+,Television,Scrappbazaar + Kabadiwalla Uncle,proxy_from_direct,https://www.scrappbazaar.com/rates ; https://www.kabadiwalla.in/cms-rates,2026-09-05,PROXY,Large-size premium is a conservative proxy around current CRT TV listings.,Maharashtra,Pune,Kasba Peth Scrap Mandi / Hadapsar MIDC,Tier 1,2026-09-05,10:30:00,per_piece,160.0,220.0,190.0,1.0,1.0,1.0,165,190,205,155,215,40,24.2,Rising,Configured CRT-market scenario: rising.,Ecoreco Collection Center (Pune Hub),CPCB/EPR-EW/2023/MH-014,Synthetic scenario generated from material baselines and configured location/date factors,Synthetic - requires independent market verification,True,base_mid * location_factor * category_location_factor * date_factor
PRC-MA-PUN-00006,MAT-006,LCD_LED,LCD Panel,LCD Monitor,Desktop computer,Kabadiwalla Uncle + Kabadiwala Online,direct_multi_source,https://www.kabadiwalla.in/cms-rates ; https://kabadiwalaonline.com/secrap-rates/,2026-09-05,DIRECT_RANGE,Current LCD monitor listings: ₹25-30/kg.,Maharashtra,Pune,Kasba Peth Scrap Mandi / Hadapsar MIDC,Tier 1,2026-09-05,10:30:00,per_kg,25.0,30.0,27.5,1.0,1.0,1.0,24,28,30,23,32,6,25.0,Rising,Configured LCD/LED-market scenario: rising.,Ecoreco Collection Center (Pune Hub),CPCB/EPR-EW/2023/MH-014,Synthetic scenario generated from material baselines and configured location/date factors,Synthetic - requires independent market verification,True,base_mid * location_factor * category_location_factor * date_factor
PRC-MA-PUN-00007,MAT-007,LCD_LED,LCD Panel,TFT Monitor,Desktop computer,Scrap Savvy,direct,https://scrapsavvykabadiwala.com/scrap-rates-today-scrap-prices/,2026-09-05,DIRECT,Quoted ₹30/kg.,Maharashtra,Pune,Kasba Peth Scrap Mandi / Hadapsar MIDC,Tier 1,2026-09-05,10:30:00,per_kg,30.0,30.0,30.0,1.0,1.0,1.0,26,30,32,25,34,6,23.1,Rising,Configured LCD/LED-market scenario: rising.,Ecoreco Collection Center (Pune Hub),CPCB/EPR-EW/2023/MH-014,Synthetic scenario generated from material baselines and configured location/date factors,Synthetic - requires independent market verification,True,base_mid * location_factor * category_location_factor * date_factor
PRC-MA-PUN-00008,MAT-008,LCD_LED,LCD Panel,LCD TV Panel / Assembly,Television,Kabadiwala Online + MetalMandi,direct_multi_source,https://kabadiwalaonline.com/secrap-rates/ ; https://www.metalmandi.in/,2026-09-05,DIRECT_RANGE,LCD display quotes cluster around ₹20-30/kg.,Maharashtra,Pune,Kasba Peth Scrap Mandi / Hadapsar MIDC,Tier 1,2026-09-05,10:30:00,per_kg,20.0,30.0,25.0,1.0,1.0,1.0,22,25,27,21,28,5,22.7,Rising,Configured LCD/LED-market scenario: rising.,Ecoreco Collection Center (Pune Hub),CPCB/EPR-EW/2023/MH-014,Synthetic scenario generated from material baselines and configured location/date factors,Synthetic - requires independent market verification,True,base_mid * location_factor * category_location_factor * date_factor
PRC-MA-PUN-00009,MAT-009,LCD_LED,LCD Panel,LED TV Panel / Assembly,Television,Scrappbazaar + MetalMandi,direct_multi_source,https://www.scrappbazaar.com/rates ; https://www.metalmandi.in/,2026-09-05,DIRECT_RANGE,Current LED/LCD listings around ₹20-22/kg.,Maharashtra,Pune,Kasba Peth Scrap Mandi / Hadapsar MIDC,Tier 1,2026-09-05,10:30:00,per_kg,20.0,22.0,21.0,1.0,1.0,1.0,18.1,21,23,17.2,24,4.9,27.1,Rising,Configured LCD/LED-market scenario: rising.,Ecoreco Collection Center (Pune Hub),CPCB/EPR-EW/2023/MH-014,Synthetic scenario generated from material baselines and configured location/date factors,Synthetic - requires independent market verification,True,base_mid * location_factor * category_location_factor * date_factor
PRC-MA-PUN-00010,MAT-010,LCD_LED,LCD Panel,Broken LCD/LED Display Lot,TV / monitor,Scrap Savvy + Scrappbazaar,proxy_from_direct,https://scrapsavvykabadiwala.com/scrap-rates-today-scrap-prices/ ; https://www.scrappbazaar.com/rates,2026-09-05,PROXY,Lower-end proxy for broken mixed display assemblies.,Maharashtra,Pune,Kasba Peth Scrap Mandi / Hadapsar MIDC,Tier 1,2026-09-05,10:30:00,per_kg,18.0,25.0,21.5,1.0,1.0,1.0,18.5,22,23,17.6,24,4.5,24.3,Rising,Configured LCD/LED-market scenario: rising.,Ecoreco Collection Center (Pune Hub),CPCB/EPR-EW/2023/MH-014,Synthetic scenario generated from material baselines and configured location/date factors,Synthetic - requires independent market verification,True,base_mid * location_factor * category_location_factor * date_factor
PRC-MA-PUN-00011,MAT-011,LCD_LED,LCD Panel,LCD/LED Display - Mixed Scrap,TV / monitor,Kabadiwala Online + Kabadiwalla Uncle,direct_multi_source,https://kabadiwalaonline.com/secrap-rates/ ; https://www.kabadiwalla.in/cms-rates,2026-09-05,DIRECT_RANGE,Generic mixed display baseline.,Maharashtra,Pune,Kasba Peth Scrap Mandi / Hadapsar MIDC,Tier 1,2026-09-05,10:30:00,per_kg,20.0,30.0,25.0,1.0,1.0,1.0,22,25,27,21,28,5,22.7,Rising,Configured LCD/LED-market scenario: rising.,Ecoreco Collection Center (Pune Hub),CPCB/EPR-EW/2023/MH-014,Synthetic scenario generated from material baselines and configured location/date factors,Synthetic - requires independent market verification,True,base_mid * location_factor * category_location_factor * date_factor
PRC-MA-PUN-00012,MAT-012,PCB,PCB,Laptop PCB - China Chip,Laptop,MetalMandi,direct,https://www.metalmandi.in/,2026-09-05,DIRECT,"Current MetalMandi grade listing; use as a benchmark, not a guaranteed pickup quote.",Maharashtra,Pune,Kasba Peth Scrap Mandi / Hadapsar MIDC,Tier 1,2026-09-05,10:30:00,per_kg,720.0,720.0,720.0,1.0,1.0,1.0,620,720,780,590,820,160,25.8,Rising,Configured PCB-market scenario: rising.,Ecoreco Collection Center (Pune Hub),CPCB/EPR-EW/2023/MH-014,Synthetic scenario generated from material baselines and configured location/date factors,Synthetic - requires independent market verification,True,base_mid * location_factor * category_location_factor * date_factor
PRC-MA-PUN-00013,MAT-013,PCB,PCB,Laptop PCB - VGA Chip,Laptop,MetalMandi,direct,https://www.metalmandi.in/,2026-09-05,DIRECT,"Current MetalMandi grade listing; use as a benchmark, not a guaranteed pickup quote.",Maharashtra,Pune,Kasba Peth Scrap Mandi / Hadapsar MIDC,Tier 1,2026-09-05,10:30:00,per_kg,810.0,810.0,810.0,1.0,1.0,1.0,695,810,875,660,920,180,25.9,Rising,Configured PCB-market scenario: rising.,Ecoreco Collection Center (Pune Hub),CPCB/EPR-EW/2023/MH-014,Synthetic scenario generated from material baselines and configured location/date factors,Synthetic - requires independent market verification,True,base_mid * location_factor * category_location_factor * date_factor
PRC-MA-PUN-00014,MAT-014,PCB,PCB,Laptop PCB - Server Board,Laptop / server,MetalMandi,direct,https://www.metalmandi.in/,2026-09-05,DIRECT,"Current MetalMandi grade listing; use as a benchmark, not a guaranteed pickup quote.",Maharashtra,Pune,Kasba Peth Scrap Mandi / Hadapsar MIDC,Tier 1,2026-09-05,10:30:00,per_kg,1800.0,1800.0,1800.0,1.0,1.0,1.0,1550,1800,1950,1450,2050,400,25.8,Rising,Configured PCB-market scenario: rising.,Ecoreco Collection Center (Pune Hub),CPCB/EPR-EW/2023/MH-014,Synthetic scenario generated from material baselines and configured location/date factors,Synthetic - requires independent market verification,True,base_mid * location_factor * category_location_factor * date_factor
PRC-MA-PUN-00015,MAT-015,PCB,PCB,Desktop PCB - China Chip,Desktop PC,MetalMandi,direct,https://www.metalmandi.in/,2026-09-05,DIRECT,"Current MetalMandi grade listing; use as a benchmark, not a guaranteed pickup quote.",Maharashtra,Pune,Kasba Peth Scrap Mandi / Hadapsar MIDC,Tier 1,2026-09-05,10:30:00,per_kg,180.0,180.0,180.0,1.0,1.0,1.0,155,180,195,145,205,40,25.8,Rising,Configured PCB-market scenario: rising.,Ecoreco Collection Center (Pune Hub),CPCB/EPR-EW/2023/MH-014,Synthetic scenario generated from material baselines and configured location/date factors,Synthetic - requires independent market verification,True,base_mid * location_factor * category_location_factor * date_factor
PRC-MA-PUN-00016,MAT-016,PCB,PCB,Desktop PCB - Single Chip,Desktop PC,MetalMandi,direct,https://www.metalmandi.in/,2026-09-05,DIRECT,"Current MetalMandi grade listing; use as a benchmark, not a guaranteed pickup quote.",Maharashtra,Pune,Kasba Peth Scrap Mandi / Hadapsar MIDC,Tier 1,2026-09-05,10:30:00,per_kg,675.0,675.0,675.0,1.0,1.0,1.0,580,675,730,550,765,150,25.9,Rising,Configured PCB-market scenario: rising.,Ecoreco Collection Center (Pune Hub),CPCB/EPR-EW/2023/MH-014,Synthetic scenario generated from material baselines and configured location/date factors,Synthetic - requires independent market verification,True,base_mid * location_factor * category_location_factor * date_factor
PRC-MA-PUN-00017,MAT-017,PCB,PCB,Desktop PCB - Double Chip,Desktop PC,MetalMandi,direct,https://www.metalmandi.in/,2026-09-05,DIRECT,"Current MetalMandi grade listing; use as a benchmark, not a guaranteed pickup quote.",Maharashtra,Pune,Kasba Peth Scrap Mandi / Hadapsar MIDC,Tier 1,2026-09-05,10:30:00,per_kg,1125.0,1125.0,1125.0,1.0,1.0,1.0,970,1100,1200,920,1250,230,23.7,Rising,Configured PCB-market scenario: rising.,Ecoreco Collection Center (Pune Hub),CPCB/EPR-EW/2023/MH-014,Synthetic scenario generated from material baselines and configured location/date factors,Synthetic - requires independent market verification,True,base_mid * location_factor * category_location_factor * date_factor
PRC-MA-PUN-00018,MAT-018,PCB,PCB,Set-top Box PCB - China Chip,Set-top box,MetalMandi,direct,https://www.metalmandi.in/,2026-09-05,DIRECT,"Current MetalMandi grade listing; use as a benchmark, not a guaranteed pickup quote.",Maharashtra,Pune,Kasba Peth Scrap Mandi / Hadapsar MIDC,Tier 1,2026-09-05,10:30:00,per_kg,126.0,126.0,126.0,1.0,1.0,1.0,110,125,135,105,140,25,22.7,Rising,Configured PCB-market scenario: rising.,Ecoreco Collection Center (Pune Hub),CPCB/EPR-EW/2023/MH-014,Synthetic scenario generated from material baselines and configured location/date factors,Synthetic - requires independent market verification,True,base_mid * location_factor * category_location_factor * date_factor
PRC-MA-PUN-00019,MAT-019,PCB,PCB,Set-top Box PCB - Black Chip,Set-top box,MetalMandi,direct,https://www.metalmandi.in/,2026-09-05,DIRECT,"Current MetalMandi grade listing; use as a benchmark, not a guaranteed pickup quote.",Maharashtra,Pune,Kasba Peth Scrap Mandi / Hadapsar MIDC,Tier 1,2026-09-05,10:30:00,per_kg,189.0,189.0,189.0,1.0,1.0,1.0,165,190,205,155,215,40,24.2,Rising,Configured PCB-market scenario: rising.,Ecoreco Collection Center (Pune Hub),CPCB/EPR-EW/2023/MH-014,Synthetic scenario generated from material baselines and configured location/date factors,Synthetic - requires independent market verification,True,base_mid * location_factor * category_location_factor * date_factor
PRC-MA-PUN-00020,MAT-020,PCB,PCB,Set-top Box PCB - VGA Chip,Set-top box,MetalMandi,direct,https://www.metalmandi.in/,2026-09-05,DIRECT,"Current MetalMandi grade listing; use as a benchmark, not a guaranteed pickup quote.",Maharashtra,Pune,Kasba Peth Scrap Mandi / Hadapsar MIDC,Tier 1,2026-09-05,10:30:00,per_kg,252.0,252.0,252.0,1.0,1.0,1.0,215,250,270,205,285,55,25.6,Rising,Configured PCB-market scenario: rising.,Ecoreco Collection Center (Pune Hub),CPCB/EPR-EW/2023/MH-014,Synthetic scenario generated from material baselines and configured location/date factors,Synthetic - requires independent market verification,True,base_mid * location_factor * category_location_factor * date_factor
PRC-MA-PUN-00021,MAT-021,PCB,PCB,Set-top Box PCB - Combo Chip,Set-top box,MetalMandi,direct,https://www.metalmandi.in/,2026-09-05,DIRECT,"Current MetalMandi grade listing; use as a benchmark, not a guaranteed pickup quote.",Maharashtra,Pune,Kasba Peth Scrap Mandi / Hadapsar MIDC,Tier 1,2026-09-05,10:30:00,per_kg,315.0,315.0,315.0,1.0,1.0,1.0,270,315,340,255,355,70,25.9,Rising,Configured PCB-market scenario: rising.,Ecoreco Collection Center (Pune Hub),CPCB/EPR-EW/2023/MH-014,Synthetic scenario generated from material baselines and configured location/date factors,Synthetic - requires independent market verification,True,base_mid * location_factor * category_location_factor * date_factor
PRC-MA-PUN-00022,MAT-022,PCB,PCB,Keypad Phone PCB - Branded,Keypad phone,MetalMandi,direct,https://www.metalmandi.in/,2026-09-05,DIRECT,"Current MetalMandi grade listing; use as a benchmark, not a guaranteed pickup quote.",Maharashtra,Pune,Kasba Peth Scrap Mandi / Hadapsar MIDC,Tier 1,2026-09-05,10:30:00,per_kg,113.0,113.0,113.0,1.0,1.0,1.0,97,115,120,92,125,23,23.7,Rising,Configured PCB-market scenario: rising.,Ecoreco Collection Center (Pune Hub),CPCB/EPR-EW/2023/MH-014,Synthetic scenario generated from material baselines and configured location/date factors,Synthetic - requires independent market verification,True,base_mid * location_factor * category_location_factor * date_factor
PRC-MA-PUN-00023,MAT-023,PCB,PCB,Keypad Phone PCB - China,Keypad phone,MetalMandi,direct,https://www.metalmandi.in/,2026-09-05,DIRECT,"Current MetalMandi grade listing; use as a benchmark, not a guaranteed pickup quote.",Maharashtra,Pune,Kasba Peth Scrap Mandi / Hadapsar MIDC,Tier 1,2026-09-05,10:30:00,per_kg,38.0,38.0,38.0,1.0,1.0,1.0,33,38,41,31,43,8,24.2,Rising,Configured PCB-market scenario: rising.,Ecoreco Collection Center (Pune Hub),CPCB/EPR-EW/2023/MH-014,Synthetic scenario generated from material baselines and configured location/date factors,Synthetic - requires independent market verification,True,base_mid * location_factor * category_location_factor * date_factor
PRC-MA-PUN-00024,MAT-024,PCB,PCB,Smartphone PCB - 8GB Grade,Smartphone,MetalMandi,direct,https://www.metalmandi.in/,2026-09-05,DIRECT,"Current MetalMandi grade listing; use as a benchmark, not a guaranteed pickup quote.",Maharashtra,Pune,Kasba Peth Scrap Mandi / Hadapsar MIDC,Tier 1,2026-09-05,10:30:00,per_kg,420.0,420.0,420.0,1.0,1.0,1.0,360,420,455,340,480,95,26.4,Rising,Configured PCB-market scenario: rising.,Ecoreco Collection Center (Pune Hub),CPCB/EPR-EW/2023/MH-014,Synthetic scenario generated from material baselines and configured location/date factors,Synthetic - requires independent market verification,True,base_mid * location_factor * category_location_factor * date_factor
PRC-MA-PUN-00025,MAT-025,PCB,PCB,Smartphone PCB - 128GB Grade,Smartphone,MetalMandi,direct,https://www.metalmandi.in/,2026-09-05,DIRECT,"Current MetalMandi grade listing; use as a benchmark, not a guaranteed pickup quote.",Maharashtra,Pune,Kasba Peth Scrap Mandi / Hadapsar MIDC,Tier 1,2026-09-05,10:30:00,per_kg,1260.0,1260.0,1260.0,1.0,1.0,1.0,1100,1250,1350,1050,1400,250,22.7,Rising,Configured PCB-market scenario: rising.,Ecoreco Collection Center (Pune Hub),CPCB/EPR-EW/2023/MH-014,Synthetic scenario generated from material baselines and configured location/date factors,Synthetic - requires independent market verification,True,base_mid * location_factor * category_location_factor * date_factor
PRC-MA-PUN-00026,MAT-026,PCB,PCB,Smartphone PCB - 256GB Grade,Smartphone,MetalMandi,direct,https://www.metalmandi.in/,2026-09-05,DIRECT,"Current MetalMandi grade listing; use as a benchmark, not a guaranteed pickup quote.",Maharashtra,Pune,Kasba Peth Scrap Mandi / Hadapsar MIDC,Tier 1,2026-09-05,10:30:00,per_kg,1960.0,1960.0,1960.0,1.0,1.0,1.0,1700,1950,2100,1600,2200,400,23.5,Rising,Configured PCB-market scenario: rising.,Ecoreco Collection Center (Pune Hub),CPCB/EPR-EW/2023/MH-014,Synthetic scenario generated from material baselines and configured location/date factors,Synthetic - requires independent market verification,True,base_mid * location_factor * category_location_factor * date_factor
PRC-MA-PUN-00027,MAT-027,PCB,PCB,Mixed Motherboard Scrap,Desktop / laptop,TradeIndia Ghaziabad listings,direct_range,https://www.tradeindia.com/ghaziabad/motherboard-scrap-city-193475.html,2026-09-05,DIRECT_RANGE,Current listings show roughly ₹360-500/kg for motherboard scrap.,Maharashtra,Pune,Kasba Peth Scrap Mandi / Hadapsar MIDC,Tier 1,2026-07-15,11:00:00,per_kg,360.0,500.0,430.0,1.0,1.0,0.965,355,415,450,335,470,95,26.8,Rising,Configured PCB-market scenario: rising.,Ecoreco Collection Center (Pune Hub),CPCB/EPR-EW/2023/MH-014,Synthetic scenario generated from material baselines and configured location/date factors,Synthetic - requires independent market verification,True,base_mid * location_factor * category_location_factor * date_factor
PRC-MA-PUN-00028,MAT-027,PCB,PCB,Mixed Motherboard Scrap,Desktop / laptop,TradeIndia Ghaziabad listings,direct_range,https://www.tradeindia.com/ghaziabad/motherboard-scrap-city-193475.html,2026-09-05,DIRECT_RANGE,Current listings show roughly ₹360-500/kg for motherboard scrap.,Maharashtra,Pune,Kasba Peth Scrap Mandi / Hadapsar MIDC,Tier 1,2026-08-01,11:00:00,per_kg,360.0,500.0,430.0,1.0,1.0,0.978,360,420,455,340,480,95,26.4,Rising,Configured PCB-market scenario: rising.,Ecoreco Collection Center (Pune Hub),CPCB/EPR-EW/2023/MH-014,Synthetic scenario generated from material baselines and configured location/date factors,Synthetic - requires independent market verification,True,base_mid * location_factor * category_location_factor * date_factor
PRC-MA-PUN-00029,MAT-027,PCB,PCB,Mixed Motherboard Scrap,Desktop / laptop,TradeIndia Ghaziabad listings,direct_range,https://www.tradeindia.com/ghaziabad/motherboard-scrap-city-193475.html,2026-09-05,DIRECT_RANGE,Current listings show roughly ₹360-500/kg for motherboard scrap.,Maharashtra,Pune,Kasba Peth Scrap Mandi / Hadapsar MIDC,Tier 1,2026-08-15,11:00:00,per_kg,360.0,500.0,430.0,1.0,1.0,0.985,365,425,455,345,480,90,24.7,Rising,Configured PCB-market scenario: rising.,Ecoreco Collection Center (Pune Hub),CPCB/EPR-EW/2023/MH-014,Synthetic scenario generated from material baselines and configured location/date factors,Synthetic - requires independent market verification,True,base_mid * location_factor * category_location_factor * date_factor
PRC-MA-PUN-00030,MAT-027,PCB,PCB,Mixed Motherboard Scrap,Desktop / laptop,TradeIndia Ghaziabad listings,direct_range,https://www.tradeindia.com/ghaziabad/motherboard-scrap-city-193475.html,2026-09-05,DIRECT_RANGE,Current listings show roughly ₹360-500/kg for motherboard scrap.,Maharashtra,Pune,Kasba Peth Scrap Mandi / Hadapsar MIDC,Tier 1,2026-09-01,11:00:00,per_kg,360.0,500.0,430.0,1.0,1.0,0.995,370,430,460,350,485,90,24.3,Rising,Configured PCB-market scenario: rising.,Ecoreco Collection Center (Pune Hub),CPCB/EPR-EW/2023/MH-014,Synthetic scenario generated from material baselines and configured location/date factors,Synthetic - requires independent market verification,True,base_mid * location_factor * category_location_factor * date_factor
PRC-MA-PUN-00031,MAT-027,PCB,PCB,Mixed Motherboard Scrap,Desktop / laptop,TradeIndia Ghaziabad listings,direct_range,https://www.tradeindia.com/ghaziabad/motherboard-scrap-city-193475.html,2026-09-05,DIRECT_RANGE,Current listings show roughly ₹360-500/kg for motherboard scrap.,Maharashtra,Pune,Kasba Peth Scrap Mandi / Hadapsar MIDC,Tier 1,2026-09-05,10:30:00,per_kg,360.0,500.0,430.0,1.0,1.0,1.0,370,430,465,350,490,95,25.7,Rising,Configured PCB-market scenario: rising.,Ecoreco Collection Center (Pune Hub),CPCB/EPR-EW/2023/MH-014,Synthetic scenario generated from material baselines and configured location/date factors,Synthetic - requires independent market verification,True,base_mid * location_factor * category_location_factor * date_factor
PRC-MA-PUN-00032,MAT-028,CABLES_WIRES,Cable,Bare Bright Copper Wire,Electrical/electronic wiring,BIN 2026 guide,direct_range,https://joinbin.com/scrap-rate-copper-india,2026-09-05,DIRECT_RANGE,Grade and copper recovery strongly affect actual offer.,Maharashtra,Pune,Kasba Peth Scrap Mandi / Hadapsar MIDC,Tier 1,2026-07-15,11:00:00,per_kg,650.0,700.0,675.0,1.0,1.0,0.965,560,650,705,530,740,145,25.9,Rising,Configured cable-market scenario: rising.,Ecoreco Collection Center (Pune Hub),CPCB/EPR-EW/2023/MH-014,Synthetic scenario generated from material baselines and configured location/date factors,Synthetic - requires independent market verification,True,base_mid * location_factor * category_location_factor * date_factor
PRC-MA-PUN-00033,MAT-028,CABLES_WIRES,Cable,Bare Bright Copper Wire,Electrical/electronic wiring,BIN 2026 guide,direct_range,https://joinbin.com/scrap-rate-copper-india,2026-09-05,DIRECT_RANGE,Grade and copper recovery strongly affect actual offer.,Maharashtra,Pune,Kasba Peth Scrap Mandi / Hadapsar MIDC,Tier 1,2026-08-01,11:00:00,per_kg,650.0,700.0,675.0,1.0,1.0,0.978,570,660,715,540,750,145,25.4,Rising,Configured cable-market scenario: rising.,Ecoreco Collection Center (Pune Hub),CPCB/EPR-EW/2023/MH-014,Synthetic scenario generated from material baselines and configured location/date factors,Synthetic - requires independent market verification,True,base_mid * location_factor * category_location_factor * date_factor
PRC-MA-PUN-00034,MAT-028,CABLES_WIRES,Cable,Bare Bright Copper Wire,Electrical/electronic wiring,BIN 2026 guide,direct_range,https://joinbin.com/scrap-rate-copper-india,2026-09-05,DIRECT_RANGE,Grade and copper recovery strongly affect actual offer.,Maharashtra,Pune,Kasba Peth Scrap Mandi / Hadapsar MIDC,Tier 1,2026-08-15,11:00:00,per_kg,650.0,700.0,675.0,1.0,1.0,0.985,570,665,720,540,755,150,26.3,Rising,Configured cable-market scenario: rising.,Ecoreco Collection Center (Pune Hub),CPCB/EPR-EW/2023/MH-014,Synthetic scenario generated from material baselines and configured location/date factors,Synthetic - requires independent market verification,True,base_mid * location_factor * category_location_factor * date_factor
PRC-MA-PUN-00035,MAT-028,CABLES_WIRES,Cable,Bare Bright Copper Wire,Electrical/electronic wiring,BIN 2026 guide,direct_range,https://joinbin.com/scrap-rate-copper-india,2026-09-05,DIRECT_RANGE,Grade and copper recovery strongly affect actual offer.,Maharashtra,Pune,Kasba Peth Scrap Mandi / Hadapsar MIDC,Tier 1,2026-09-01,11:00:00,per_kg,650.0,700.0,675.0,1.0,1.0,0.995,580,670,725,550,760,145,25.0,Rising,Configured cable-market scenario: rising.,Ecoreco Collection Center (Pune Hub),CPCB/EPR-EW/2023/MH-014,Synthetic scenario generated from material baselines and configured location/date factors,Synthetic - requires independent market verification,True,base_mid * location_factor * category_location_factor * date_factor
PRC-MA-PUN-00036,MAT-028,CABLES_WIRES,Cable,Bare Bright Copper Wire,Electrical/electronic wiring,BIN 2026 guide,direct_range,https://joinbin.com/scrap-rate-copper-india,2026-09-05,DIRECT_RANGE,Grade and copper recovery strongly affect actual offer.,Maharashtra,Pune,Kasba Peth Scrap Mandi / Hadapsar MIDC,Tier 1,2026-09-05,10:30:00,per_kg,650.0,700.0,675.0,1.0,1.0,1.0,580,675,730,550,765,150,25.9,Rising,Configured cable-market scenario: rising.,Ecoreco Collection Center (Pune Hub),CPCB/EPR-EW/2023/MH-014,Synthetic scenario generated from material baselines and configured location/date factors,Synthetic - requires independent market verification,True,base_mid * location_factor * category_location_factor * date_factor
PRC-MA-PUN-00037,MAT-029,CABLES_WIRES,Cable,#1 Clean Copper Wire,Electrical/electronic wiring,BIN 2026 guide,direct_range,https://joinbin.com/scrap-rate-copper-india,2026-09-05,DIRECT_RANGE,Grade and copper recovery strongly affect actual offer.,Maharashtra,Pune,Kasba Peth Scrap Mandi / Hadapsar MIDC,Tier 1,2026-09-05,10:30:00,per_kg,620.0,680.0,650.0,1.0,1.0,1.0,560,650,700,530,735,140,25.0,Rising,Configured cable-market scenario: rising.,Ecoreco Collection Center (Pune Hub),CPCB/EPR-EW/2023/MH-014,Synthetic scenario generated from material baselines and configured location/date factors,Synthetic - requires independent market verification,True,base_mid * location_factor * category_location_factor * date_factor
PRC-MA-PUN-00038,MAT-030,CABLES_WIRES,Cable,#2 Mixed Copper Wire,Electrical/electronic wiring,BIN 2026 guide,direct_range,https://joinbin.com/scrap-rate-copper-india,2026-09-05,DIRECT_RANGE,Grade and copper recovery strongly affect actual offer.,Maharashtra,Pune,Kasba Peth Scrap Mandi / Hadapsar MIDC,Tier 1,2026-09-05,10:30:00,per_kg,550.0,620.0,585.0,1.0,1.0,1.0,505,585,630,480,660,125,24.8,Rising,Configured cable-market scenario: rising.,Ecoreco Collection Center (Pune Hub),CPCB/EPR-EW/2023/MH-014,Synthetic scenario generated from material baselines and configured location/date factors,Synthetic - requires independent market verification,True,base_mid * location_factor * category_location_factor * date_factor
PRC-MA-PUN-00039,MAT-031,CABLES_WIRES,Cable,Insulated Copper Wire,Power/data cable,BIN 2026 guide,direct_range,https://joinbin.com/scrap-rate-copper-india,2026-09-05,DIRECT_RANGE,Grade and copper recovery strongly affect actual offer.,Maharashtra,Pune,Kasba Peth Scrap Mandi / Hadapsar MIDC,Tier 1,2026-07-15,11:00:00,per_kg,350.0,500.0,425.0,1.0,1.0,0.965,355,410,445,335,465,90,25.4,Rising,Configured cable-market scenario: rising.,Ecoreco Collection Center (Pune Hub),CPCB/EPR-EW/2023/MH-014,Synthetic scenario generated from material baselines and configured location/date factors,Synthetic - requires independent market verification,True,base_mid * location_factor * category_location_factor * date_factor
PRC-MA-PUN-00040,MAT-031,CABLES_WIRES,Cable,Insulated Copper Wire,Power/data cable,BIN 2026 guide,direct_range,https://joinbin.com/scrap-rate-copper-india,2026-09-05,DIRECT_RANGE,Grade and copper recovery strongly affect actual offer.,Maharashtra,Pune,Kasba Peth Scrap Mandi / Hadapsar MIDC,Tier 1,2026-08-01,11:00:00,per_kg,350.0,500.0,425.0,1.0,1.0,0.978,355,415,450,335,470,95,26.8,Rising,Configured cable-market scenario: rising.,Ecoreco Collection Center (Pune Hub),CPCB/EPR-EW/2023/MH-014,Synthetic scenario generated from material baselines and configured location/date factors,Synthetic - requires independent market verification,True,base_mid * location_factor * category_location_factor * date_factor
PRC-MA-PUN-00041,MAT-031,CABLES_WIRES,Cable,Insulated Copper Wire,Power/data cable,BIN 2026 guide,direct_range,https://joinbin.com/scrap-rate-copper-india,2026-09-05,DIRECT_RANGE,Grade and copper recovery strongly affect actual offer.,Maharashtra,Pune,Kasba Peth Scrap Mandi / Hadapsar MIDC,Tier 1,2026-08-15,11:00:00,per_kg,350.0,500.0,425.0,1.0,1.0,0.985,360,420,450,340,470,90,25.0,Rising,Configured cable-market scenario: rising.,Ecoreco Collection Center (Pune Hub),CPCB/EPR-EW/2023/MH-014,Synthetic scenario generated from material baselines and configured location/date factors,Synthetic - requires independent market verification,True,base_mid * location_factor * category_location_factor * date_factor
PRC-MA-PUN-00042,MAT-031,CABLES_WIRES,Cable,Insulated Copper Wire,Power/data cable,BIN 2026 guide,direct_range,https://joinbin.com/scrap-rate-copper-india,2026-09-05,DIRECT_RANGE,Grade and copper recovery strongly affect actual offer.,Maharashtra,Pune,Kasba Peth Scrap Mandi / Hadapsar MIDC,Tier 1,2026-09-01,11:00:00,per_kg,350.0,500.0,425.0,1.0,1.0,0.995,365,425,455,345,480,90,24.7,Rising,Configured cable-market scenario: rising.,Ecoreco Collection Center (Pune Hub),CPCB/EPR-EW/2023/MH-014,Synthetic scenario generated from material baselines and configured location/date factors,Synthetic - requires independent market verification,True,base_mid * location_factor * category_location_factor * date_factor
PRC-MA-PUN-00043,MAT-031,CABLES_WIRES,Cable,Insulated Copper Wire,Power/data cable,BIN 2026 guide,direct_range,https://joinbin.com/scrap-rate-copper-india,2026-09-05,DIRECT_RANGE,Grade and copper recovery strongly affect actual offer.,Maharashtra,Pune,Kasba Peth Scrap Mandi / Hadapsar MIDC,Tier 1,2026-09-05,10:30:00,per_kg,350.0,500.0,425.0,1.0,1.0,1.0,365,425,460,345,485,95,26.0,Rising,Configured cable-market scenario: rising.,Ecoreco Collection Center (Pune Hub),CPCB/EPR-EW/2023/MH-014,Synthetic scenario generated from material baselines and configured location/date factors,Synthetic - requires independent market verification,True,base_mid * location_factor * category_location_factor * date_factor
PRC-MA-PUN-00044,MAT-032,CABLES_WIRES,Cable,Copper Motor Winding Wire,Motor / fan winding,Scrapyard India,direct_range,https://www.scrapyard.co.in/copper-scrap-rates-india,2026-09-05,DIRECT_RANGE,Grade and copper recovery strongly affect actual offer.,Maharashtra,Pune,Kasba Peth Scrap Mandi / Hadapsar MIDC,Tier 1,2026-09-05,10:30:00,per_kg,420.0,450.0,435.0,1.0,1.0,1.0,375,435,470,355,495,95,25.3,Rising,Configured cable-market scenario: rising.,Ecoreco Collection Center (Pune Hub),CPCB/EPR-EW/2023/MH-014,Synthetic scenario generated from material baselines and configured location/date factors,Synthetic - requires independent market verification,True,base_mid * location_factor * category_location_factor * date_factor
PRC-MA-PUN-00045,MAT-033,CABLES_WIRES,Cable,Copper Transformer Winding,Transformer / PSU,Scrapyard India,direct_range,https://www.scrapyard.co.in/copper-scrap-rates-india,2026-09-05,DIRECT_RANGE,Grade and copper recovery strongly affect actual offer.,Maharashtra,Pune,Kasba Peth Scrap Mandi / Hadapsar MIDC,Tier 1,2026-09-05,10:30:00,per_kg,380.0,420.0,400.0,1.0,1.0,1.0,345,400,430,330,450,85,24.6,Rising,Configured cable-market scenario: rising.,Ecoreco Collection Center (Pune Hub),CPCB/EPR-EW/2023/MH-014,Synthetic scenario generated from material baselines and configured location/date factors,Synthetic - requires independent market verification,True,base_mid * location_factor * category_location_factor * date_factor
PRC-MA-PUN-00046,MAT-034,CABLES_WIRES,Cable,Copper Cable Scrap - High Grade,Power cable,ExportersIndia,direct_range,https://www.exportersindia.com/indian-suppliers/copper-cable-scrap.htm,2026-09-05,DIRECT_RANGE,Grade and copper recovery strongly affect actual offer.,Maharashtra,Pune,Kasba Peth Scrap Mandi / Hadapsar MIDC,Tier 1,2026-09-05,10:30:00,per_kg,650.0,775.0,712.5,1.0,1.0,1.0,615,710,770,585,810,155,25.2,Rising,Configured cable-market scenario: rising.,Ecoreco Collection Center (Pune Hub),CPCB/EPR-EW/2023/MH-014,Synthetic scenario generated from material baselines and configured location/date factors,Synthetic - requires independent market verification,True,base_mid * location_factor * category_location_factor * date_factor
PRC-MA-PUN-00047,MAT-035,CABLES_WIRES,Cable,Mixed Low-Grade Electronic Cable,Chargers / data cables,TradeIndia + Scrapyard India,proxy_from_direct,https://www.tradeindia.com/products/icw-insulated-copper-wire-scrap-9932932.html ; https://www.scrapyard.co.in/copper-scrap-rates-india,2026-09-05,PROXY,Grade and copper recovery strongly affect actual offer.,Maharashtra,Pune,Kasba Peth Scrap Mandi / Hadapsar MIDC,Tier 1,2026-09-05,10:30:00,per_kg,250.0,390.0,320.0,1.0,1.0,1.0,275,320,345,260,360,70,25.5,Rising,Configured cable-market scenario: rising.,Ecoreco Collection Center (Pune Hub),CPCB/EPR-EW/2023/MH-014,Synthetic scenario generated from material baselines and configured location/date factors,Synthetic - requires independent market verification,True,base_mid * location_factor * category_location_factor * date_factor
PRC-MA-PUN-00048,MAT-036,BATTERIES,Battery,Car Lead-Acid Battery,Car / automotive,ScrapTech,direct,https://scraptechindia.com/,2026-09-05,DIRECT,Battery chemistry must be known before using a specific chemistry rate.,Maharashtra,Pune,Kasba Peth Scrap Mandi / Hadapsar MIDC,Tier 1,2026-07-15,11:00:00,per_kg,125.0,125.0,125.0,1.0,1.04,0.965,110,125,135,105,140,25,22.7,Rising,Configured battery-market scenario: rising.,Ecoreco Collection Center (Pune Hub),CPCB/EPR-EW/2023/MH-014,Synthetic scenario generated from material baselines and configured location/date factors,Synthetic - requires independent market verification,True,base_mid * location_factor * category_location_factor * date_factor
PRC-MA-PUN-00049,MAT-036,BATTERIES,Battery,Car Lead-Acid Battery,Car / automotive,ScrapTech,direct,https://scraptechindia.com/,2026-09-05,DIRECT,Battery chemistry must be known before using a specific chemistry rate.,Maharashtra,Pune,Kasba Peth Scrap Mandi / Hadapsar MIDC,Tier 1,2026-08-01,11:00:00,per_kg,125.0,125.0,125.0,1.0,1.04,0.978,110,125,135,105,140,25,22.7,Rising,Configured battery-market scenario: rising.,Ecoreco Collection Center (Pune Hub),CPCB/EPR-EW/2023/MH-014,Synthetic scenario generated from material baselines and configured location/date factors,Synthetic - requires independent market verification,True,base_mid * location_factor * category_location_factor * date_factor
PRC-MA-PUN-00050,MAT-036,BATTERIES,Battery,Car Lead-Acid Battery,Car / automotive,ScrapTech,direct,https://scraptechindia.com/,2026-09-05,DIRECT,Battery chemistry must be known before using a specific chemistry rate.,Maharashtra,Pune,Kasba Peth Scrap Mandi / Hadapsar MIDC,Tier 1,2026-08-15,11:00:00,per_kg,125.0,125.0,125.0,1.0,1.04,0.985,110,130,140,105,145,30,27.3,Rising,Configured battery-market scenario: rising.,Ecoreco Collection Center (Pune Hub),CPCB/EPR-EW/2023/MH-014,Synthetic scenario generated from material baselines and configured location/date factors,Synthetic - requires independent market verification,True,base_mid * location_factor * category_location_factor * date_factor
PRC-MA-PUN-00051,MAT-036,BATTERIES,Battery,Car Lead-Acid Battery,Car / automotive,ScrapTech,direct,https://scraptechindia.com/,2026-09-05,DIRECT,Battery chemistry must be known before using a specific chemistry rate.,Maharashtra,Pune,Kasba Peth Scrap Mandi / Hadapsar MIDC,Tier 1,2026-09-01,11:00:00,per_kg,125.0,125.0,125.0,1.0,1.04,0.995,110,130,140,105,145,30,27.3,Rising,Configured battery-market scenario: rising.,Ecoreco Collection Center (Pune Hub),CPCB/EPR-EW/2023/MH-014,Synthetic scenario generated from material baselines and configured location/date factors,Synthetic - requires independent market verification,True,base_mid * location_factor * category_location_factor * date_factor
PRC-MA-PUN-00052,MAT-036,BATTERIES,Battery,Car Lead-Acid Battery,Car / automotive,ScrapTech,direct,https://scraptechindia.com/,2026-09-05,DIRECT,Battery chemistry must be known before using a specific chemistry rate.,Maharashtra,Pune,Kasba Peth Scrap Mandi / Hadapsar MIDC,Tier 1,2026-09-05,10:30:00,per_kg,125.0,125.0,125.0,1.0,1.04,1.0,110,130,140,105,145,30,27.3,Rising,Configured battery-market scenario: rising.,Ecoreco Collection Center (Pune Hub),CPCB/EPR-EW/2023/MH-014,Synthetic scenario generated from material baselines and configured location/date factors,Synthetic - requires independent market verification,True,base_mid * location_factor * category_location_factor * date_factor
PRC-MA-PUN-00053,MAT-037,BATTERIES,Battery,Inverter Battery,Home inverter,The Kabadiwala + ScrapTech,direct_multi_source,https://www.thekabadiwala.com/scrap-rates/Bhopal ; https://scraptechindia.com/,2026-09-05,DIRECT_RANGE,Battery chemistry must be known before using a specific chemistry rate.,Maharashtra,Pune,Kasba Peth Scrap Mandi / Hadapsar MIDC,Tier 1,2026-07-15,11:00:00,per_kg,80.0,110.0,95.0,1.0,1.04,0.965,82,95,105,78,110,23,28.0,Rising,Configured battery-market scenario: rising.,Ecoreco Collection Center (Pune Hub),CPCB/EPR-EW/2023/MH-014,Synthetic scenario generated from material baselines and configured location/date factors,Synthetic - requires independent market verification,True,base_mid * location_factor * category_location_factor * date_factor
PRC-MA-PUN-00054,MAT-037,BATTERIES,Battery,Inverter Battery,Home inverter,The Kabadiwala + ScrapTech,direct_multi_source,https://www.thekabadiwala.com/scrap-rates/Bhopal ; https://scraptechindia.com/,2026-09-05,DIRECT_RANGE,Battery chemistry must be known before using a specific chemistry rate.,Maharashtra,Pune,Kasba Peth Scrap Mandi / Hadapsar MIDC,Tier 1,2026-08-01,11:00:00,per_kg,80.0,110.0,95.0,1.0,1.04,0.978,83,97,105,79,110,22,26.5,Rising,Configured battery-market scenario: rising.,Ecoreco Collection Center (Pune Hub),CPCB/EPR-EW/2023/MH-014,Synthetic scenario generated from material baselines and configured location/date factors,Synthetic - requires independent market verification,True,base_mid * location_factor * category_location_factor * date_factor
PRC-MA-PUN-00055,MAT-037,BATTERIES,Battery,Inverter Battery,Home inverter,The Kabadiwala + ScrapTech,direct_multi_source,https://www.thekabadiwala.com/scrap-rates/Bhopal ; https://scraptechindia.com/,2026-09-05,DIRECT_RANGE,Battery chemistry must be known before using a specific chemistry rate.,Maharashtra,Pune,Kasba Peth Scrap Mandi / Hadapsar MIDC,Tier 1,2026-08-15,11:00:00,per_kg,80.0,110.0,95.0,1.0,1.04,0.985,84,97,105,80,110,21,25.0,Rising,Configured battery-market scenario: rising.,Ecoreco Collection Center (Pune Hub),CPCB/EPR-EW/2023/MH-014,Synthetic scenario generated from material baselines and configured location/date factors,Synthetic - requires independent market verification,True,base_mid * location_factor * category_location_factor * date_factor
PRC-MA-PUN-00056,MAT-037,BATTERIES,Battery,Inverter Battery,Home inverter,The Kabadiwala + ScrapTech,direct_multi_source,https://www.thekabadiwala.com/scrap-rates/Bhopal ; https://scraptechindia.com/,2026-09-05,DIRECT_RANGE,Battery chemistry must be known before using a specific chemistry rate.,Maharashtra,Pune,Kasba Peth Scrap Mandi / Hadapsar MIDC,Tier 1,2026-09-01,11:00:00,per_kg,80.0,110.0,95.0,1.0,1.04,0.995,85,98,105,81,110,20,23.5,Rising,Configured battery-market scenario: rising.,Ecoreco Collection Center (Pune Hub),CPCB/EPR-EW/2023/MH-014,Synthetic scenario generated from material baselines and configured location/date factors,Synthetic - requires independent market verification,True,base_mid * location_factor * category_location_factor * date_factor
PRC-MA-PUN-00057,MAT-037,BATTERIES,Battery,Inverter Battery,Home inverter,The Kabadiwala + ScrapTech,direct_multi_source,https://www.thekabadiwala.com/scrap-rates/Bhopal ; https://scraptechindia.com/,2026-09-05,DIRECT_RANGE,Battery chemistry must be known before using a specific chemistry rate.,Maharashtra,Pune,Kasba Peth Scrap Mandi / Hadapsar MIDC,Tier 1,2026-09-05,10:30:00,per_kg,80.0,110.0,95.0,1.0,1.04,1.0,85,99,105,81,110,20,23.5,Rising,Configured battery-market scenario: rising.,Ecoreco Collection Center (Pune Hub),CPCB/EPR-EW/2023/MH-014,Synthetic scenario generated from material baselines and configured location/date factors,Synthetic - requires independent market verification,True,base_mid * location_factor * category_location_factor * date_factor
PRC-MA-PUN-00058,MAT-038,BATTERIES,Battery,Lead-Acid Battery - Generic,UPS / backup power,ScrapTech,direct,https://scraptechindia.com/,2026-09-05,DIRECT,Battery chemistry must be known before using a specific chemistry rate.,Maharashtra,Pune,Kasba Peth Scrap Mandi / Hadapsar MIDC,Tier 1,2026-09-05,10:30:00,per_kg,95.0,95.0,95.0,1.0,1.04,1.0,85,99,105,81,110,20,23.5,Rising,Configured battery-market scenario: rising.,Ecoreco Collection Center (Pune Hub),CPCB/EPR-EW/2023/MH-014,Synthetic scenario generated from material baselines and configured location/date factors,Synthetic - requires independent market verification,True,base_mid * location_factor * category_location_factor * date_factor
PRC-MA-PUN-00059,MAT-039,BATTERIES,Battery,Li-ion Battery - Mixed,Consumer electronics,ScrapTech,direct,https://scraptechindia.com/,2026-09-05,DIRECT,Battery chemistry must be known before using a specific chemistry rate.,Maharashtra,Pune,Kasba Peth Scrap Mandi / Hadapsar MIDC,Tier 1,2026-09-05,10:30:00,per_kg,145.0,145.0,145.0,1.0,1.04,1.0,130,150,165,125,175,35,26.9,Rising,Configured battery-market scenario: rising.,Ecoreco Collection Center (Pune Hub),CPCB/EPR-EW/2023/MH-014,Synthetic scenario generated from material baselines and configured location/date factors,Synthetic - requires independent market verification,True,base_mid * location_factor * category_location_factor * date_factor
PRC-MA-PUN-00060,MAT-040,BATTERIES,Battery,Laptop Li-ion Battery,Laptop,MetalMandi,direct,https://www.metalmandi.in/,2026-09-05,DIRECT,Battery chemistry must be known before using a specific chemistry rate.,Maharashtra,Pune,Kasba Peth Scrap Mandi / Hadapsar MIDC,Tier 1,2026-09-05,10:30:00,per_kg,298.0,298.0,298.0,1.0,1.04,1.0,265,310,335,250,350,70,26.4,Rising,Configured battery-market scenario: rising.,Ecoreco Collection Center (Pune Hub),CPCB/EPR-EW/2023/MH-014,Synthetic scenario generated from material baselines and configured location/date factors,Synthetic - requires independent market verification,True,base_mid * location_factor * category_location_factor * date_factor
PRC-MA-PUN-00061,MAT-041,BATTERIES,Battery,Smartphone Li-ion Battery,Smartphone,MetalMandi,direct,https://www.metalmandi.in/,2026-09-05,DIRECT,Battery chemistry must be known before using a specific chemistry rate.,Maharashtra,Pune,Kasba Peth Scrap Mandi / Hadapsar MIDC,Tier 1,2026-09-05,10:30:00,per_kg,702.0,702.0,702.0,1.0,1.04,1.0,630,730,790,600,830,160,25.4,Rising,Configured battery-market scenario: rising.,Ecoreco Collection Center (Pune Hub),CPCB/EPR-EW/2023/MH-014,Synthetic scenario generated from material baselines and configured location/date factors,Synthetic - requires independent market verification,True,base_mid * location_factor * category_location_factor * date_factor
PRC-MA-PUN-00062,MAT-042,BATTERIES,Battery,Keypad Phone Battery,Keypad phone,MetalMandi,direct,https://www.metalmandi.in/,2026-09-05,DIRECT,Battery chemistry must be known before using a specific chemistry rate.,Maharashtra,Pune,Kasba Peth Scrap Mandi / Hadapsar MIDC,Tier 1,2026-09-05,10:30:00,per_kg,347.0,347.0,347.0,1.0,1.04,1.0,310,360,390,295,410,80,25.8,Rising,Configured battery-market scenario: rising.,Ecoreco Collection Center (Pune Hub),CPCB/EPR-EW/2023/MH-014,Synthetic scenario generated from material baselines and configured location/date factors,Synthetic - requires independent market verification,True,base_mid * location_factor * category_location_factor * date_factor
PRC-MA-PUN-00063,MAT-043,BATTERIES,Battery,Powerbank / Earbud / Small Gadget Battery,Small electronics,MetalMandi,direct,https://www.metalmandi.in/,2026-09-05,DIRECT,Battery chemistry must be known before using a specific chemistry rate.,Maharashtra,Pune,Kasba Peth Scrap Mandi / Hadapsar MIDC,Tier 1,2026-09-05,10:30:00,per_kg,273.0,273.0,273.0,1.0,1.04,1.0,245,285,305,235,320,60,24.5,Rising,Configured battery-market scenario: rising.,Ecoreco Collection Center (Pune Hub),CPCB/EPR-EW/2023/MH-014,Synthetic scenario generated from material baselines and configured location/date factors,Synthetic - requires independent market verification,True,base_mid * location_factor * category_location_factor * date_factor
PRC-MA-PUN-00064,MAT-044,BATTERIES,Battery,UPS / Non-Portable Li-ion Battery,UPS / stationary storage,MetalMandi,direct,https://www.metalmandi.in/,2026-09-05,DIRECT,Battery chemistry must be known before using a specific chemistry rate.,Maharashtra,Pune,Kasba Peth Scrap Mandi / Hadapsar MIDC,Tier 1,2026-09-05,10:30:00,per_kg,70.0,70.0,70.0,1.0,1.04,1.0,63,73,79,60,83,16,25.4,Rising,Configured battery-market scenario: rising.,Ecoreco Collection Center (Pune Hub),CPCB/EPR-EW/2023/MH-014,Synthetic scenario generated from material baselines and configured location/date factors,Synthetic - requires independent market verification,True,base_mid * location_factor * category_location_factor * date_factor
PRC-MA-PUN-00065,MAT-045,MOTORS,Motor,Mixed E-waste Motor - Copper Wiring,Small appliances,Kabadiwalla Uncle + Scrap Savvy,direct_multi_source,https://www.kabadiwalla.in/cms-rates ; https://scrapsavvykabadiwala.com/scrap-rates-today-scrap-prices/,2026-09-05,DIRECT_RANGE,Motor rate varies heavily with copper content and whether dismantled.,Maharashtra,Pune,Kasba Peth Scrap Mandi / Hadapsar MIDC,Tier 1,2026-09-05,10:30:00,per_kg,38.0,55.0,46.5,1.0,1.0,1.0,40,46,50,38,52,10,25.0,Rising,Configured motor-market scenario: rising.,Ecoreco Collection Center (Pune Hub),CPCB/EPR-EW/2023/MH-014,Synthetic scenario generated from material baselines and configured location/date factors,Synthetic - requires independent market verification,True,base_mid * location_factor * category_location_factor * date_factor
PRC-MA-PUN-00066,MAT-046,MOTORS,Motor,DC Fan Motor Scrap,DC fan / electronics cooling,ExportersIndia - Musa Traders,direct_range,https://www.exportersindia.com/musa-traders/copperscrap.htm,2026-09-05,DIRECT_RANGE,Motor rate varies heavily with copper content and whether dismantled.,Maharashtra,Pune,Kasba Peth Scrap Mandi / Hadapsar MIDC,Tier 1,2026-07-15,11:00:00,per_kg,50.0,70.0,60.0,1.0,1.0,0.965,50,58,63,48,66,13,26.0,Rising,Configured motor-market scenario: rising.,Ecoreco Collection Center (Pune Hub),CPCB/EPR-EW/2023/MH-014,Synthetic scenario generated from material baselines and configured location/date factors,Synthetic - requires independent market verification,True,base_mid * location_factor * category_location_factor * date_factor
PRC-MA-PUN-00067,MAT-046,MOTORS,Motor,DC Fan Motor Scrap,DC fan / electronics cooling,ExportersIndia - Musa Traders,direct_range,https://www.exportersindia.com/musa-traders/copperscrap.htm,2026-09-05,DIRECT_RANGE,Motor rate varies heavily with copper content and whether dismantled.,Maharashtra,Pune,Kasba Peth Scrap Mandi / Hadapsar MIDC,Tier 1,2026-08-01,11:00:00,per_kg,50.0,70.0,60.0,1.0,1.0,0.978,50,59,63,48,66,13,26.0,Rising,Configured motor-market scenario: rising.,Ecoreco Collection Center (Pune Hub),CPCB/EPR-EW/2023/MH-014,Synthetic scenario generated from material baselines and configured location/date factors,Synthetic - requires independent market verification,True,base_mid * location_factor * category_location_factor * date_factor
PRC-MA-PUN-00068,MAT-046,MOTORS,Motor,DC Fan Motor Scrap,DC fan / electronics cooling,ExportersIndia - Musa Traders,direct_range,https://www.exportersindia.com/musa-traders/copperscrap.htm,2026-09-05,DIRECT_RANGE,Motor rate varies heavily with copper content and whether dismantled.,Maharashtra,Pune,Kasba Peth Scrap Mandi / Hadapsar MIDC,Tier 1,2026-08-15,11:00:00,per_kg,50.0,70.0,60.0,1.0,1.0,0.985,51,59,64,48,67,13,25.5,Rising,Configured motor-market scenario: rising.,Ecoreco Collection Center (Pune Hub),CPCB/EPR-EW/2023/MH-014,Synthetic scenario generated from material baselines and configured location/date factors,Synthetic - requires independent market verification,True,base_mid * location_factor * category_location_factor * date_factor
PRC-MA-PUN-00069,MAT-046,MOTORS,Motor,DC Fan Motor Scrap,DC fan / electronics cooling,ExportersIndia - Musa Traders,direct_range,https://www.exportersindia.com/musa-traders/copperscrap.htm,2026-09-05,DIRECT_RANGE,Motor rate varies heavily with copper content and whether dismantled.,Maharashtra,Pune,Kasba Peth Scrap Mandi / Hadapsar MIDC,Tier 1,2026-09-01,11:00:00,per_kg,50.0,70.0,60.0,1.0,1.0,0.995,51,60,64,48,67,13,25.5,Rising,Configured motor-market scenario: rising.,Ecoreco Collection Center (Pune Hub),CPCB/EPR-EW/2023/MH-014,Synthetic scenario generated from material baselines and configured location/date factors,Synthetic - requires independent market verification,True,base_mid * location_factor * category_location_factor * date_factor
PRC-MA-PUN-00070,MAT-046,MOTORS,Motor,DC Fan Motor Scrap,DC fan / electronics cooling,ExportersIndia - Musa Traders,direct_range,https://www.exportersindia.com/musa-traders/copperscrap.htm,2026-09-05,DIRECT_RANGE,Motor rate varies heavily with copper content and whether dismantled.,Maharashtra,Pune,Kasba Peth Scrap Mandi / Hadapsar MIDC,Tier 1,2026-09-05,10:30:00,per_kg,50.0,70.0,60.0,1.0,1.0,1.0,52,60,65,49,68,13,25.0,Rising,Configured motor-market scenario: rising.,Ecoreco Collection Center (Pune Hub),CPCB/EPR-EW/2023/MH-014,Synthetic scenario generated from material baselines and configured location/date factors,Synthetic - requires independent market verification,True,base_mid * location_factor * category_location_factor * date_factor
PRC-MA-PUN-00071,MAT-047,MOTORS,Motor,Ceiling Fan Motor Scrap,Ceiling fan,Justdial supplier listing,direct_range,https://www.justdial.com/jdmart/Ernakulam/Ceiling-Fan-Scrap/pid-2216994813/0484P484STD3000251,2026-09-05,DIRECT_RANGE,Motor rate varies heavily with copper content and whether dismantled.,Maharashtra,Pune,Kasba Peth Scrap Mandi / Hadapsar MIDC,Tier 1,2026-07-15,11:00:00,per_kg,150.0,250.0,200.0,1.0,1.0,0.965,165,195,210,155,220,45,27.3,Rising,Configured motor-market scenario: rising.,Ecoreco Collection Center (Pune Hub),CPCB/EPR-EW/2023/MH-014,Synthetic scenario generated from material baselines and configured location/date factors,Synthetic - requires independent market verification,True,base_mid * location_factor * category_location_factor * date_factor
PRC-MA-PUN-00072,MAT-047,MOTORS,Motor,Ceiling Fan Motor Scrap,Ceiling fan,Justdial supplier listing,direct_range,https://www.justdial.com/jdmart/Ernakulam/Ceiling-Fan-Scrap/pid-2216994813/0484P484STD3000251,2026-09-05,DIRECT_RANGE,Motor rate varies heavily with copper content and whether dismantled.,Maharashtra,Pune,Kasba Peth Scrap Mandi / Hadapsar MIDC,Tier 1,2026-08-01,11:00:00,per_kg,150.0,250.0,200.0,1.0,1.0,0.978,170,195,210,160,220,40,23.5,Rising,Configured motor-market scenario: rising.,Ecoreco Collection Center (Pune Hub),CPCB/EPR-EW/2023/MH-014,Synthetic scenario generated from material baselines and configured location/date factors,Synthetic - requires independent market verification,True,base_mid * location_factor * category_location_factor * date_factor
PRC-MA-PUN-00073,MAT-047,MOTORS,Motor,Ceiling Fan Motor Scrap,Ceiling fan,Justdial supplier listing,direct_range,https://www.justdial.com/jdmart/Ernakulam/Ceiling-Fan-Scrap/pid-2216994813/0484P484STD3000251,2026-09-05,DIRECT_RANGE,Motor rate varies heavily with copper content and whether dismantled.,Maharashtra,Pune,Kasba Peth Scrap Mandi / Hadapsar MIDC,Tier 1,2026-08-15,11:00:00,per_kg,150.0,250.0,200.0,1.0,1.0,0.985,170,195,215,160,225,45,26.5,Rising,Configured motor-market scenario: rising.,Ecoreco Collection Center (Pune Hub),CPCB/EPR-EW/2023/MH-014,Synthetic scenario generated from material baselines and configured location/date factors,Synthetic - requires independent market verification,True,base_mid * location_factor * category_location_factor * date_factor
PRC-MA-PUN-00074,MAT-047,MOTORS,Motor,Ceiling Fan Motor Scrap,Ceiling fan,Justdial supplier listing,direct_range,https://www.justdial.com/jdmart/Ernakulam/Ceiling-Fan-Scrap/pid-2216994813/0484P484STD3000251,2026-09-05,DIRECT_RANGE,Motor rate varies heavily with copper content and whether dismantled.,Maharashtra,Pune,Kasba Peth Scrap Mandi / Hadapsar MIDC,Tier 1,2026-09-01,11:00:00,per_kg,150.0,250.0,200.0,1.0,1.0,0.995,170,200,215,160,225,45,26.5,Rising,Configured motor-market scenario: rising.,Ecoreco Collection Center (Pune Hub),CPCB/EPR-EW/2023/MH-014,Synthetic scenario generated from material baselines and configured location/date factors,Synthetic - requires independent market verification,True,base_mid * location_factor * category_location_factor * date_factor
PRC-MA-PUN-00075,MAT-047,MOTORS,Motor,Ceiling Fan Motor Scrap,Ceiling fan,Justdial supplier listing,direct_range,https://www.justdial.com/jdmart/Ernakulam/Ceiling-Fan-Scrap/pid-2216994813/0484P484STD3000251,2026-09-05,DIRECT_RANGE,Motor rate varies heavily with copper content and whether dismantled.,Maharashtra,Pune,Kasba Peth Scrap Mandi / Hadapsar MIDC,Tier 1,2026-09-05,10:30:00,per_kg,150.0,250.0,200.0,1.0,1.0,1.0,170,200,215,160,225,45,26.5,Rising,Configured motor-market scenario: rising.,Ecoreco Collection Center (Pune Hub),CPCB/EPR-EW/2023/MH-014,Synthetic scenario generated from material baselines and configured location/date factors,Synthetic - requires independent market verification,True,base_mid * location_factor * category_location_factor * date_factor
PRC-MA-PUN-00076,MAT-048,MOTORS,Motor,Small Appliance Motor,Mixer / pump / appliance,Kabadiwalla Uncle + Musa Traders,proxy_from_direct,https://www.kabadiwalla.in/cms-rates ; https://www.exportersindia.com/musa-traders/copperscrap.htm,2026-09-05,PROXY,Motor rate varies heavily with copper content and whether dismantled.,Maharashtra,Pune,Kasba Peth Scrap Mandi / Hadapsar MIDC,Tier 1,2026-09-05,10:30:00,per_kg,38.0,70.0,54.0,1.0,1.0,1.0,46,54,58,44,61,12,26.1,Rising,Configured motor-market scenario: rising.,Ecoreco Collection Center (Pune Hub),CPCB/EPR-EW/2023/MH-014,Synthetic scenario generated from material baselines and configured location/date factors,Synthetic - requires independent market verification,True,base_mid * location_factor * category_location_factor * date_factor
PRC-MA-PUN-00077,MAT-049,MOTORS,Motor,Printer / Scanner Motor,Printer / scanner,Kabadiwalla Uncle + Musa Traders,proxy_from_direct,https://www.kabadiwalla.in/cms-rates ; https://www.exportersindia.com/musa-traders/copperscrap.htm,2026-09-05,PROXY,Motor rate varies heavily with copper content and whether dismantled.,Maharashtra,Pune,Kasba Peth Scrap Mandi / Hadapsar MIDC,Tier 1,2026-09-05,10:30:00,per_kg,38.0,70.0,54.0,1.0,1.0,1.0,46,54,58,44,61,12,26.1,Rising,Configured motor-market scenario: rising.,Ecoreco Collection Center (Pune Hub),CPCB/EPR-EW/2023/MH-014,Synthetic scenario generated from material baselines and configured location/date factors,Synthetic - requires independent market verification,True,base_mid * location_factor * category_location_factor * date_factor
PRC-MA-PUN-00078,MAT-050,MOTORS,Motor,Large Copper-Wound Motor,Industrial / appliance motor,Scrap Savvy + fan-motor listing,proxy_from_direct,https://scrapsavvykabadiwala.com/scrap-rates-today-scrap-prices/ ; https://www.justdial.com/jdmart/Ernakulam/Ceiling-Fan-Scrap/pid-2216994813/0484P484STD3000251,2026-09-05,PROXY,Motor rate varies heavily with copper content and whether dismantled.,Maharashtra,Pune,Kasba Peth Scrap Mandi / Hadapsar MIDC,Tier 1,2026-09-05,10:30:00,per_kg,55.0,150.0,102.5,1.0,1.0,1.0,88,100,110,84,115,22,25.0,Rising,Configured motor-market scenario: rising.,Ecoreco Collection Center (Pune Hub),CPCB/EPR-EW/2023/MH-014,Synthetic scenario generated from material baselines and configured location/date factors,Synthetic - requires independent market verification,True,base_mid * location_factor * category_location_factor * date_factor
PRC-MA-PUN-00079,MAT-051,PLASTICS,Mixed Plastic,ABS Plastic - Electronics Housing,Computer / appliance casing,TradeIndia,direct_range,https://www.tradeindia.com/products/abs-plastic-scraps-c1707904.html,2026-09-05,DIRECT_RANGE,Plastic resin identification materially changes value.,Maharashtra,Pune,Kasba Peth Scrap Mandi / Hadapsar MIDC,Tier 1,2026-09-05,10:30:00,per_kg,30.0,40.0,35.0,1.0,1.0,1.0,30,35,38,28,40,8,26.7,Rising,Configured plastic-market scenario: rising.,Ecoreco Collection Center (Pune Hub),CPCB/EPR-EW/2023/MH-014,Synthetic scenario generated from material baselines and configured location/date factors,Synthetic - requires independent market verification,True,base_mid * location_factor * category_location_factor * date_factor
PRC-MA-PUN-00080,MAT-052,PLASTICS,Mixed Plastic,HDPE Plastic Scrap,Cable/accessory housings,Scrapprice India,direct,https://scrapprice.in/scrap-materials,2026-09-05,DIRECT,Plastic resin identification materially changes value.,Maharashtra,Pune,Kasba Peth Scrap Mandi / Hadapsar MIDC,Tier 1,2026-09-05,10:30:00,per_kg,57.5,57.5,57.5,1.0,1.0,1.0,49,58,62,47,65,13,26.5,Rising,Configured plastic-market scenario: rising.,Ecoreco Collection Center (Pune Hub),CPCB/EPR-EW/2023/MH-014,Synthetic scenario generated from material baselines and configured location/date factors,Synthetic - requires independent market verification,True,base_mid * location_factor * category_location_factor * date_factor
PRC-MA-PUN-00081,MAT-053,PLASTICS,Mixed Plastic,PP Plastic Scrap,Electronics housings / parts,Scrapprice India,direct,https://scrapprice.in/scrap-materials,2026-09-05,DIRECT,Plastic resin identification materially changes value.,Maharashtra,Pune,Kasba Peth Scrap Mandi / Hadapsar MIDC,Tier 1,2026-09-05,10:30:00,per_kg,77.83,77.83,77.83,1.0,1.0,1.0,67,78,84,64,88,17,25.4,Rising,Configured plastic-market scenario: rising.,Ecoreco Collection Center (Pune Hub),CPCB/EPR-EW/2023/MH-014,Synthetic scenario generated from material baselines and configured location/date factors,Synthetic - requires independent market verification,True,base_mid * location_factor * category_location_factor * date_factor
PRC-MA-PUN-00082,MAT-054,PLASTICS,Mixed Plastic,LDPE Plastic Scrap,Flexible electronic packaging / insulation,Scrapprice India,direct,https://scrapprice.in/scrap-materials,2026-09-05,DIRECT,Plastic resin identification materially changes value.,Maharashtra,Pune,Kasba Peth Scrap Mandi / Hadapsar MIDC,Tier 1,2026-09-05,10:30:00,per_kg,83.0,83.0,83.0,1.0,1.0,1.0,71,83,90,67,94,19,26.8,Rising,Configured plastic-market scenario: rising.,Ecoreco Collection Center (Pune Hub),CPCB/EPR-EW/2023/MH-014,Synthetic scenario generated from material baselines and configured location/date factors,Synthetic - requires independent market verification,True,base_mid * location_factor * category_location_factor * date_factor
PRC-MA-PUN-00083,MAT-055,PLASTICS,Mixed Plastic,PVC Plastic Scrap,Cable insulation / housings,Scrapprice India,direct,https://scrapprice.in/scrap-materials,2026-09-05,DIRECT,Plastic resin identification materially changes value.,Maharashtra,Pune,Kasba Peth Scrap Mandi / Hadapsar MIDC,Tier 1,2026-09-05,10:30:00,per_kg,22.2,22.2,22.2,1.0,1.0,1.0,19.1,22,24,18.1,25,4.9,25.7,Rising,Configured plastic-market scenario: rising.,Ecoreco Collection Center (Pune Hub),CPCB/EPR-EW/2023/MH-014,Synthetic scenario generated from material baselines and configured location/date factors,Synthetic - requires independent market verification,True,base_mid * location_factor * category_location_factor * date_factor
PRC-MA-PUN-00084,MAT-056,PLASTICS,Mixed Plastic,PET Plastic Scrap,Packaging / accessory plastics,Scrapprice India,direct,https://scrapprice.in/scrap-materials,2026-09-05,DIRECT,Plastic resin identification materially changes value.,Maharashtra,Pune,Kasba Peth Scrap Mandi / Hadapsar MIDC,Tier 1,2026-09-05,10:30:00,per_kg,33.5,33.5,33.5,1.0,1.0,1.0,29,34,36,28,38,7,24.1,Rising,Configured plastic-market scenario: rising.,Ecoreco Collection Center (Pune Hub),CPCB/EPR-EW/2023/MH-014,Synthetic scenario generated from material baselines and configured location/date factors,Synthetic - requires independent market verification,True,base_mid * location_factor * category_location_factor * date_factor
PRC-MA-PUN-00085,MAT-057,PLASTICS,Mixed Plastic,Mixed Plastic - E-waste,Mixed electronic plastic,The Kabadiwala + Scrapprice India,direct_multi_source,https://www.thekabadiwala.com/scrap-rates/Bhopal ; https://scrapprice.in/scrap-materials,2026-09-05,DIRECT_RANGE,Plastic resin identification materially changes value.,Maharashtra,Pune,Kasba Peth Scrap Mandi / Hadapsar MIDC,Tier 1,2026-09-05,10:30:00,per_kg,12.0,57.29,34.64,1.0,1.0,1.0,30,35,37,28,39,7,23.3,Rising,Configured plastic-market scenario: rising.,Ecoreco Collection Center (Pune Hub),CPCB/EPR-EW/2023/MH-014,Synthetic scenario generated from material baselines and configured location/date factors,Synthetic - requires independent market verification,True,base_mid * location_factor * category_location_factor * date_factor
PRC-MA-PUN-00086,MAT-058,MOBILE_TABLETS,Mobile Phone,Keypad Phone - Complete,Keypad phone,Scrap Savvy + Kabadiwala Online,direct_multi_source,https://scrapsavvykabadiwala.com/scrap-rates-today-scrap-prices/ ; https://kabadiwalaonline.com/secrap-rates/,2026-09-05,DIRECT_RANGE,"Complete-device pickup prices depend heavily on model, storage, condition and lock status.",Maharashtra,Pune,Kasba Peth Scrap Mandi / Hadapsar MIDC,Tier 1,2026-09-05,10:30:00,per_piece,10.0,20.0,15.0,1.0,1.0,1.0,12.9,15,16.2,12.3,17,3.3,25.6,Rising,Configured synthetic market scenario.,Ecoreco Collection Center (Pune Hub),CPCB/EPR-EW/2023/MH-014,Synthetic scenario generated from material baselines and configured location/date factors,Synthetic - requires independent market verification,True,base_mid * location_factor * category_location_factor * date_factor
PRC-MA-PUN-00087,MAT-059,MOBILE_TABLETS,Mobile Phone,Smartphone - Generic Complete,Smartphone,Scrap Savvy + Kabadiwala Online,direct_multi_source,https://scrapsavvykabadiwala.com/scrap-rates-today-scrap-prices/ ; https://kabadiwalaonline.com/secrap-rates/,2026-09-05,DIRECT_RANGE,"Complete-device pickup prices depend heavily on model, storage, condition and lock status.",Maharashtra,Pune,Kasba Peth Scrap Mandi / Hadapsar MIDC,Tier 1,2026-09-05,10:30:00,per_piece,20.0,60.0,40.0,1.0,1.0,1.0,34,40,43,32,45,9,26.5,Rising,Configured synthetic market scenario.,Ecoreco Collection Center (Pune Hub),CPCB/EPR-EW/2023/MH-014,Synthetic scenario generated from material baselines and configured location/date factors,Synthetic - requires independent market verification,True,base_mid * location_factor * category_location_factor * date_factor
PRC-MA-PUN-00088,MAT-060,MOBILE_TABLETS,Mobile Phone,Tablet - Generic Complete,Tablet,Kabadiwalla Uncle + Kabadiwala Online,direct_multi_source,https://www.kabadiwalla.in/cms-rates ; https://kabadiwalaonline.com/secrap-rates/,2026-09-05,DIRECT_RANGE,"Complete-device pickup prices depend heavily on model, storage, condition and lock status.",Maharashtra,Pune,Kasba Peth Scrap Mandi / Hadapsar MIDC,Tier 1,2026-09-05,10:30:00,per_piece,30.0,60.0,45.0,1.0,1.0,1.0,39,45,49,37,51,10,25.6,Rising,Configured synthetic market scenario.,Ecoreco Collection Center (Pune Hub),CPCB/EPR-EW/2023/MH-014,Synthetic scenario generated from material baselines and configured location/date factors,Synthetic - requires independent market verification,True,base_mid * location_factor * category_location_factor * date_factor
PRC-MA-PUN-00089,MAT-061,MOBILE_TABLETS,Mobile Phone,Android Smartphone - 16GB,Smartphone,Scrap Mitra,direct,https://scrapmitra.com/,2026-09-05,DIRECT,"Complete-device pickup prices depend heavily on model, storage, condition and lock status.",Maharashtra,Pune,Kasba Peth Scrap Mandi / Hadapsar MIDC,Tier 1,2026-09-05,10:30:00,per_piece,200.0,200.0,200.0,1.0,1.0,1.0,170,200,215,160,225,45,26.5,Rising,Configured synthetic market scenario.,Ecoreco Collection Center (Pune Hub),CPCB/EPR-EW/2023/MH-014,Synthetic scenario generated from material baselines and configured location/date factors,Synthetic - requires independent market verification,True,base_mid * location_factor * category_location_factor * date_factor
PRC-MA-PUN-00090,MAT-062,MOBILE_TABLETS,Mobile Phone,Android Smartphone - 32GB,Smartphone,Scrap Mitra,direct,https://scrapmitra.com/,2026-09-05,DIRECT,"Complete-device pickup prices depend heavily on model, storage, condition and lock status.",Maharashtra,Pune,Kasba Peth Scrap Mandi / Hadapsar MIDC,Tier 1,2026-09-05,10:30:00,per_piece,400.0,400.0,400.0,1.0,1.0,1.0,345,400,430,330,450,85,24.6,Rising,Configured synthetic market scenario.,Ecoreco Collection Center (Pune Hub),CPCB/EPR-EW/2023/MH-014,Synthetic scenario generated from material baselines and configured location/date factors,Synthetic - requires independent market verification,True,base_mid * location_factor * category_location_factor * date_factor
PRC-MA-PUN-00091,MAT-063,MOBILE_TABLETS,Mobile Phone,Android Smartphone - 64GB,Smartphone,Scrap Mitra,direct,https://scrapmitra.com/,2026-09-05,DIRECT,"Complete-device pickup prices depend heavily on model, storage, condition and lock status.",Maharashtra,Pune,Kasba Peth Scrap Mandi / Hadapsar MIDC,Tier 1,2026-09-05,10:30:00,per_piece,650.0,650.0,650.0,1.0,1.0,1.0,560,650,700,530,735,140,25.0,Rising,Configured synthetic market scenario.,Ecoreco Collection Center (Pune Hub),CPCB/EPR-EW/2023/MH-014,Synthetic scenario generated from material baselines and configured location/date factors,Synthetic - requires independent market verification,True,base_mid * location_factor * category_location_factor * date_factor
PRC-MA-PUN-00092,MAT-064,MOBILE_TABLETS,Mobile Phone,Android Smartphone - 128GB,Smartphone,Scrap Mitra,direct,https://scrapmitra.com/,2026-09-05,DIRECT,"Complete-device pickup prices depend heavily on model, storage, condition and lock status.",Maharashtra,Pune,Kasba Peth Scrap Mandi / Hadapsar MIDC,Tier 1,2026-09-05,10:30:00,per_piece,1000.0,1000.0,1000.0,1.0,1.0,1.0,860,1000,1100,815,1150,240,27.9,Rising,Configured synthetic market scenario.,Ecoreco Collection Center (Pune Hub),CPCB/EPR-EW/2023/MH-014,Synthetic scenario generated from material baselines and configured location/date factors,Synthetic - requires independent market verification,True,base_mid * location_factor * category_location_factor * date_factor
PRC-MA-PUN-00093,MAT-065,MOBILE_TABLETS,Mobile Phone,Android Smartphone - 256GB,Smartphone,Scrap Mitra,direct,https://scrapmitra.com/,2026-09-05,DIRECT,"Complete-device pickup prices depend heavily on model, storage, condition and lock status.",Maharashtra,Pune,Kasba Peth Scrap Mandi / Hadapsar MIDC,Tier 1,2026-09-05,10:30:00,per_piece,2300.0,2300.0,2300.0,1.0,1.0,1.0,2000,2300,2500,1900,2600,500,25.0,Rising,Configured synthetic market scenario.,Ecoreco Collection Center (Pune Hub),CPCB/EPR-EW/2023/MH-014,Synthetic scenario generated from material baselines and configured location/date factors,Synthetic - requires independent market verification,True,base_mid * location_factor * category_location_factor * date_factor
PRC-MA-MUM-00094,MAT-001,CRT,CRT,CRT Monitor - Standard,Desktop computer,Scrappbazaar + Scrap Savvy,direct_multi_source,https://www.scrappbazaar.com/rates ; https://scrapsavvykabadiwala.com/scrap-rates-today-scrap-prices/,2026-09-05,DIRECT_RANGE,Current pickup listings show ~₹150-180/piece.,Maharashtra,Mumbai,Dharavi 13th Compound / Kurla CST Road,Tier 1,2026-09-05,10:30:00,per_piece,150.0,180.0,165.0,1.03,1.0,1.0,145,170,185,140,195,40,27.6,Rising,Configured CRT-market scenario: rising.,Eco Recycling Ltd (Ecoreco Mumbai HQ),CPCB/EPR-EW/2022/MH-003,Synthetic scenario generated from material baselines and configured location/date factors,Synthetic - requires independent market verification,True,base_mid * location_factor * category_location_factor * date_factor
PRC-MA-MUM-00095,MAT-002,CRT,CRT,CRT TV - Standard,Television,Scrappbazaar + Scrap Savvy,direct_multi_source,https://www.scrappbazaar.com/rates ; https://scrapsavvykabadiwala.com/scrap-rates-today-scrap-prices/,2026-09-05,DIRECT_RANGE,Current listings show ~₹150-200/piece.,Maharashtra,Mumbai,Dharavi 13th Compound / Kurla CST Road,Tier 1,2026-09-05,10:30:00,per_piece,150.0,200.0,175.0,1.03,1.0,1.0,155,180,195,145,205,40,25.8,Rising,Configured CRT-market scenario: rising.,Eco Recycling Ltd (Ecoreco Mumbai HQ),CPCB/EPR-EW/2022/MH-003,Synthetic scenario generated from material baselines and configured location/date factors,Synthetic - requires independent market verification,True,base_mid * location_factor * category_location_factor * date_factor
PRC-MA-MUM-00096,MAT-003,CRT,CRT,CRT TV - Small 14-17 inch,Television,The Kabadiwala + Kabadiwala Online,proxy_from_direct,https://www.thekabadiwala.com/scrap-rates/Bhopal ; https://kabadiwalaonline.com/secrap-rates/,2026-09-05,PROXY,Size-specific value inferred from current CRT TV/monitor pickup rates.,Maharashtra,Mumbai,Dharavi 13th Compound / Kurla CST Road,Tier 1,2026-09-05,10:30:00,per_piece,100.0,160.0,130.0,1.03,1.0,1.0,115,135,145,110,150,30,26.1,Rising,Configured CRT-market scenario: rising.,Eco Recycling Ltd (Ecoreco Mumbai HQ),CPCB/EPR-EW/2022/MH-003,Synthetic scenario generated from material baselines and configured location/date factors,Synthetic - requires independent market verification,True,base_mid * location_factor * category_location_factor * date_factor
PRC-MA-MUM-00097,MAT-004,CRT,CRT,CRT Monitor - 17 inch,Desktop computer,Kabadiwala Online + Scrap Savvy,direct_multi_source,https://kabadiwalaonline.com/secrap-rates/ ; https://scrapsavvykabadiwala.com/scrap-rates-today-scrap-prices/,2026-09-05,DIRECT_RANGE,Standard CRT monitor rate.,Maharashtra,Mumbai,Dharavi 13th Compound / Kurla CST Road,Tier 1,2026-09-05,10:30:00,per_piece,150.0,180.0,165.0,1.03,1.0,1.0,145,170,185,140,195,40,27.6,Rising,Configured CRT-market scenario: rising.,Eco Recycling Ltd (Ecoreco Mumbai HQ),CPCB/EPR-EW/2022/MH-003,Synthetic scenario generated from material baselines and configured location/date factors,Synthetic - requires independent market verification,True,base_mid * location_factor * category_location_factor * date_factor
PRC-MA-MUM-00098,MAT-005,CRT,CRT,CRT TV - Large 21 inch+,Television,Scrappbazaar + Kabadiwalla Uncle,proxy_from_direct,https://www.scrappbazaar.com/rates ; https://www.kabadiwalla.in/cms-rates,2026-09-05,PROXY,Large-size premium is a conservative proxy around current CRT TV listings.,Maharashtra,Mumbai,Dharavi 13th Compound / Kurla CST Road,Tier 1,2026-09-05,10:30:00,per_piece,160.0,220.0,190.0,1.03,1.0,1.0,170,195,210,160,220,40,23.5,Rising,Configured CRT-market scenario: rising.,Eco Recycling Ltd (Ecoreco Mumbai HQ),CPCB/EPR-EW/2022/MH-003,Synthetic scenario generated from material baselines and configured location/date factors,Synthetic - requires independent market verification,True,base_mid * location_factor * category_location_factor * date_factor
PRC-MA-MUM-00099,MAT-006,LCD_LED,LCD Panel,LCD Monitor,Desktop computer,Kabadiwalla Uncle + Kabadiwala Online,direct_multi_source,https://www.kabadiwalla.in/cms-rates ; https://kabadiwalaonline.com/secrap-rates/,2026-09-05,DIRECT_RANGE,Current LCD monitor listings: ₹25-30/kg.,Maharashtra,Mumbai,Dharavi 13th Compound / Kurla CST Road,Tier 1,2026-09-05,10:30:00,per_kg,25.0,30.0,27.5,1.03,1.0,1.0,24,28,31,23,33,7,29.2,Rising,Configured LCD/LED-market scenario: rising.,Eco Recycling Ltd (Ecoreco Mumbai HQ),CPCB/EPR-EW/2022/MH-003,Synthetic scenario generated from material baselines and configured location/date factors,Synthetic - requires independent market verification,True,base_mid * location_factor * category_location_factor * date_factor
PRC-MA-MUM-00100,MAT-007,LCD_LED,LCD Panel,TFT Monitor,Desktop computer,Scrap Savvy,direct,https://scrapsavvykabadiwala.com/scrap-rates-today-scrap-prices/,2026-09-05,DIRECT,Quoted ₹30/kg.,Maharashtra,Mumbai,Dharavi 13th Compound / Kurla CST Road,Tier 1,2026-09-05,10:30:00,per_kg,30.0,30.0,30.0,1.03,1.0,1.0,27,31,33,26,35,6,22.2,Rising,Configured LCD/LED-market scenario: rising.,Eco Recycling Ltd (Ecoreco Mumbai HQ),CPCB/EPR-EW/2022/MH-003,Synthetic scenario generated from material baselines and configured location/date factors,Synthetic - requires independent market verification,True,base_mid * location_factor * category_location_factor * date_factor
PRC-MA-MUM-00101,MAT-008,LCD_LED,LCD Panel,LCD TV Panel / Assembly,Television,Kabadiwala Online + MetalMandi,direct_multi_source,https://kabadiwalaonline.com/secrap-rates/ ; https://www.metalmandi.in/,2026-09-05,DIRECT_RANGE,LCD display quotes cluster around ₹20-30/kg.,Maharashtra,Mumbai,Dharavi 13th Compound / Kurla CST Road,Tier 1,2026-09-05,10:30:00,per_kg,20.0,30.0,25.0,1.03,1.0,1.0,22,26,28,21,29,6,27.3,Rising,Configured LCD/LED-market scenario: rising.,Eco Recycling Ltd (Ecoreco Mumbai HQ),CPCB/EPR-EW/2022/MH-003,Synthetic scenario generated from material baselines and configured location/date factors,Synthetic - requires independent market verification,True,base_mid * location_factor * category_location_factor * date_factor
PRC-MA-MUM-00102,MAT-009,LCD_LED,LCD Panel,LED TV Panel / Assembly,Television,Scrappbazaar + MetalMandi,direct_multi_source,https://www.scrappbazaar.com/rates ; https://www.metalmandi.in/,2026-09-05,DIRECT_RANGE,Current LED/LCD listings around ₹20-22/kg.,Maharashtra,Mumbai,Dharavi 13th Compound / Kurla CST Road,Tier 1,2026-09-05,10:30:00,per_kg,20.0,22.0,21.0,1.03,1.0,1.0,18.6,22,23,17.7,24,4.4,23.7,Rising,Configured LCD/LED-market scenario: rising.,Eco Recycling Ltd (Ecoreco Mumbai HQ),CPCB/EPR-EW/2022/MH-003,Synthetic scenario generated from material baselines and configured location/date factors,Synthetic - requires independent market verification,True,base_mid * location_factor * category_location_factor * date_factor
PRC-MA-MUM-00103,MAT-010,LCD_LED,LCD Panel,Broken LCD/LED Display Lot,TV / monitor,Scrap Savvy + Scrappbazaar,proxy_from_direct,https://scrapsavvykabadiwala.com/scrap-rates-today-scrap-prices/ ; https://www.scrappbazaar.com/rates,2026-09-05,PROXY,Lower-end proxy for broken mixed display assemblies.,Maharashtra,Mumbai,Dharavi 13th Compound / Kurla CST Road,Tier 1,2026-09-05,10:30:00,per_kg,18.0,25.0,21.5,1.03,1.0,1.0,19,22,24,18.1,25,5,26.3,Rising,Configured LCD/LED-market scenario: rising.,Eco Recycling Ltd (Ecoreco Mumbai HQ),CPCB/EPR-EW/2022/MH-003,Synthetic scenario generated from material baselines and configured location/date factors,Synthetic - requires independent market verification,True,base_mid * location_factor * category_location_factor * date_factor
PRC-MA-MUM-00104,MAT-011,LCD_LED,LCD Panel,LCD/LED Display - Mixed Scrap,TV / monitor,Kabadiwala Online + Kabadiwalla Uncle,direct_multi_source,https://kabadiwalaonline.com/secrap-rates/ ; https://www.kabadiwalla.in/cms-rates,2026-09-05,DIRECT_RANGE,Generic mixed display baseline.,Maharashtra,Mumbai,Dharavi 13th Compound / Kurla CST Road,Tier 1,2026-09-05,10:30:00,per_kg,20.0,30.0,25.0,1.03,1.0,1.0,22,26,28,21,29,6,27.3,Rising,Configured LCD/LED-market scenario: rising.,Eco Recycling Ltd (Ecoreco Mumbai HQ),CPCB/EPR-EW/2022/MH-003,Synthetic scenario generated from material baselines and configured location/date factors,Synthetic - requires independent market verification,True,base_mid * location_factor * category_location_factor * date_factor
PRC-MA-MUM-00105,MAT-012,PCB,PCB,Laptop PCB - China Chip,Laptop,MetalMandi,direct,https://www.metalmandi.in/,2026-09-05,DIRECT,"Current MetalMandi grade listing; use as a benchmark, not a guaranteed pickup quote.",Maharashtra,Mumbai,Dharavi 13th Compound / Kurla CST Road,Tier 1,2026-09-05,10:30:00,per_kg,720.0,720.0,720.0,1.03,1.05,1.0,670,780,840,635,880,170,25.4,Rising,Configured PCB-market scenario: rising.,Eco Recycling Ltd (Ecoreco Mumbai HQ),CPCB/EPR-EW/2022/MH-003,Synthetic scenario generated from material baselines and configured location/date factors,Synthetic - requires independent market verification,True,base_mid * location_factor * category_location_factor * date_factor
PRC-MA-MUM-00106,MAT-013,PCB,PCB,Laptop PCB - VGA Chip,Laptop,MetalMandi,direct,https://www.metalmandi.in/,2026-09-05,DIRECT,"Current MetalMandi grade listing; use as a benchmark, not a guaranteed pickup quote.",Maharashtra,Mumbai,Dharavi 13th Compound / Kurla CST Road,Tier 1,2026-09-05,10:30:00,per_kg,810.0,810.0,810.0,1.03,1.05,1.0,755,875,945,715,990,190,25.2,Rising,Configured PCB-market scenario: rising.,Eco Recycling Ltd (Ecoreco Mumbai HQ),CPCB/EPR-EW/2022/MH-003,Synthetic scenario generated from material baselines and configured location/date factors,Synthetic - requires independent market verification,True,base_mid * location_factor * category_location_factor * date_factor
PRC-MA-MUM-00107,MAT-014,PCB,PCB,Laptop PCB - Server Board,Laptop / server,MetalMandi,direct,https://www.metalmandi.in/,2026-09-05,DIRECT,"Current MetalMandi grade listing; use as a benchmark, not a guaranteed pickup quote.",Maharashtra,Mumbai,Dharavi 13th Compound / Kurla CST Road,Tier 1,2026-09-05,10:30:00,per_kg,1800.0,1800.0,1800.0,1.03,1.05,1.0,1650,1950,2100,1550,2200,450,27.3,Rising,Configured PCB-market scenario: rising.,Eco Recycling Ltd (Ecoreco Mumbai HQ),CPCB/EPR-EW/2022/MH-003,Synthetic scenario generated from material baselines and configured location/date factors,Synthetic - requires independent market verification,True,base_mid * location_factor * category_location_factor * date_factor
PRC-MA-MUM-00108,MAT-015,PCB,PCB,Desktop PCB - China Chip,Desktop PC,MetalMandi,direct,https://www.metalmandi.in/,2026-09-05,DIRECT,"Current MetalMandi grade listing; use as a benchmark, not a guaranteed pickup quote.",Maharashtra,Mumbai,Dharavi 13th Compound / Kurla CST Road,Tier 1,2026-09-05,10:30:00,per_kg,180.0,180.0,180.0,1.03,1.05,1.0,165,195,210,155,220,45,27.3,Rising,Configured PCB-market scenario: rising.,Eco Recycling Ltd (Ecoreco Mumbai HQ),CPCB/EPR-EW/2022/MH-003,Synthetic scenario generated from material baselines and configured location/date factors,Synthetic - requires independent market verification,True,base_mid * location_factor * category_location_factor * date_factor
PRC-MA-MUM-00109,MAT-016,PCB,PCB,Desktop PCB - Single Chip,Desktop PC,MetalMandi,direct,https://www.metalmandi.in/,2026-09-05,DIRECT,"Current MetalMandi grade listing; use as a benchmark, not a guaranteed pickup quote.",Maharashtra,Mumbai,Dharavi 13th Compound / Kurla CST Road,Tier 1,2026-09-05,10:30:00,per_kg,675.0,675.0,675.0,1.03,1.05,1.0,630,730,790,600,830,160,25.4,Rising,Configured PCB-market scenario: rising.,Eco Recycling Ltd (Ecoreco Mumbai HQ),CPCB/EPR-EW/2022/MH-003,Synthetic scenario generated from material baselines and configured location/date factors,Synthetic - requires independent market verification,True,base_mid * location_factor * category_location_factor * date_factor
PRC-MA-MUM-00110,MAT-017,PCB,PCB,Desktop PCB - Double Chip,Desktop PC,MetalMandi,direct,https://www.metalmandi.in/,2026-09-05,DIRECT,"Current MetalMandi grade listing; use as a benchmark, not a guaranteed pickup quote.",Maharashtra,Mumbai,Dharavi 13th Compound / Kurla CST Road,Tier 1,2026-09-05,10:30:00,per_kg,1125.0,1125.0,1125.0,1.03,1.05,1.0,1050,1200,1300,1000,1350,250,23.8,Rising,Configured PCB-market scenario: rising.,Eco Recycling Ltd (Ecoreco Mumbai HQ),CPCB/EPR-EW/2022/MH-003,Synthetic scenario generated from material baselines and configured location/date factors,Synthetic - requires independent market verification,True,base_mid * location_factor * category_location_factor * date_factor
PRC-MA-MUM-00111,MAT-018,PCB,PCB,Set-top Box PCB - China Chip,Set-top box,MetalMandi,direct,https://www.metalmandi.in/,2026-09-05,DIRECT,"Current MetalMandi grade listing; use as a benchmark, not a guaranteed pickup quote.",Maharashtra,Mumbai,Dharavi 13th Compound / Kurla CST Road,Tier 1,2026-09-05,10:30:00,per_kg,126.0,126.0,126.0,1.03,1.05,1.0,115,135,145,110,150,30,26.1,Rising,Configured PCB-market scenario: rising.,Eco Recycling Ltd (Ecoreco Mumbai HQ),CPCB/EPR-EW/2022/MH-003,Synthetic scenario generated from material baselines and configured location/date factors,Synthetic - requires independent market verification,True,base_mid * location_factor * category_location_factor * date_factor
PRC-MA-MUM-00112,MAT-019,PCB,PCB,Set-top Box PCB - Black Chip,Set-top box,MetalMandi,direct,https://www.metalmandi.in/,2026-09-05,DIRECT,"Current MetalMandi grade listing; use as a benchmark, not a guaranteed pickup quote.",Maharashtra,Mumbai,Dharavi 13th Compound / Kurla CST Road,Tier 1,2026-09-05,10:30:00,per_kg,189.0,189.0,189.0,1.03,1.05,1.0,175,205,220,165,230,45,25.7,Rising,Configured PCB-market scenario: rising.,Eco Recycling Ltd (Ecoreco Mumbai HQ),CPCB/EPR-EW/2022/MH-003,Synthetic scenario generated from material baselines and configured location/date factors,Synthetic - requires independent market verification,True,base_mid * location_factor * category_location_factor * date_factor
PRC-MA-MUM-00113,MAT-020,PCB,PCB,Set-top Box PCB - VGA Chip,Set-top box,MetalMandi,direct,https://www.metalmandi.in/,2026-09-05,DIRECT,"Current MetalMandi grade listing; use as a benchmark, not a guaranteed pickup quote.",Maharashtra,Mumbai,Dharavi 13th Compound / Kurla CST Road,Tier 1,2026-09-05,10:30:00,per_kg,252.0,252.0,252.0,1.03,1.05,1.0,235,275,295,225,310,60,25.5,Rising,Configured PCB-market scenario: rising.,Eco Recycling Ltd (Ecoreco Mumbai HQ),CPCB/EPR-EW/2022/MH-003,Synthetic scenario generated from material baselines and configured location/date factors,Synthetic - requires independent market verification,True,base_mid * location_factor * category_location_factor * date_factor
PRC-MA-MUM-00114,MAT-021,PCB,PCB,Set-top Box PCB - Combo Chip,Set-top box,MetalMandi,direct,https://www.metalmandi.in/,2026-09-05,DIRECT,"Current MetalMandi grade listing; use as a benchmark, not a guaranteed pickup quote.",Maharashtra,Mumbai,Dharavi 13th Compound / Kurla CST Road,Tier 1,2026-09-05,10:30:00,per_kg,315.0,315.0,315.0,1.03,1.05,1.0,295,340,370,280,390,75,25.4,Rising,Configured PCB-market scenario: rising.,Eco Recycling Ltd (Ecoreco Mumbai HQ),CPCB/EPR-EW/2022/MH-003,Synthetic scenario generated from material baselines and configured location/date factors,Synthetic - requires independent market verification,True,base_mid * location_factor * category_location_factor * date_factor
PRC-MA-MUM-00115,MAT-022,PCB,PCB,Keypad Phone PCB - Branded,Keypad phone,MetalMandi,direct,https://www.metalmandi.in/,2026-09-05,DIRECT,"Current MetalMandi grade listing; use as a benchmark, not a guaranteed pickup quote.",Maharashtra,Mumbai,Dharavi 13th Compound / Kurla CST Road,Tier 1,2026-09-05,10:30:00,per_kg,113.0,113.0,113.0,1.03,1.05,1.0,105,120,130,100,135,25,23.8,Rising,Configured PCB-market scenario: rising.,Eco Recycling Ltd (Ecoreco Mumbai HQ),CPCB/EPR-EW/2022/MH-003,Synthetic scenario generated from material baselines and configured location/date factors,Synthetic - requires independent market verification,True,base_mid * location_factor * category_location_factor * date_factor
PRC-MA-MUM-00116,MAT-023,PCB,PCB,Keypad Phone PCB - China,Keypad phone,MetalMandi,direct,https://www.metalmandi.in/,2026-09-05,DIRECT,"Current MetalMandi grade listing; use as a benchmark, not a guaranteed pickup quote.",Maharashtra,Mumbai,Dharavi 13th Compound / Kurla CST Road,Tier 1,2026-09-05,10:30:00,per_kg,38.0,38.0,38.0,1.03,1.05,1.0,35,41,44,33,46,9,25.7,Rising,Configured PCB-market scenario: rising.,Eco Recycling Ltd (Ecoreco Mumbai HQ),CPCB/EPR-EW/2022/MH-003,Synthetic scenario generated from material baselines and configured location/date factors,Synthetic - requires independent market verification,True,base_mid * location_factor * category_location_factor * date_factor
PRC-MA-MUM-00117,MAT-024,PCB,PCB,Smartphone PCB - 8GB Grade,Smartphone,MetalMandi,direct,https://www.metalmandi.in/,2026-09-05,DIRECT,"Current MetalMandi grade listing; use as a benchmark, not a guaranteed pickup quote.",Maharashtra,Mumbai,Dharavi 13th Compound / Kurla CST Road,Tier 1,2026-09-05,10:30:00,per_kg,420.0,420.0,420.0,1.03,1.05,1.0,390,455,490,370,515,100,25.6,Rising,Configured PCB-market scenario: rising.,Eco Recycling Ltd (Ecoreco Mumbai HQ),CPCB/EPR-EW/2022/MH-003,Synthetic scenario generated from material baselines and configured location/date factors,Synthetic - requires independent market verification,True,base_mid * location_factor * category_location_factor * date_factor
PRC-MA-MUM-00118,MAT-025,PCB,PCB,Smartphone PCB - 128GB Grade,Smartphone,MetalMandi,direct,https://www.metalmandi.in/,2026-09-05,DIRECT,"Current MetalMandi grade listing; use as a benchmark, not a guaranteed pickup quote.",Maharashtra,Mumbai,Dharavi 13th Compound / Kurla CST Road,Tier 1,2026-09-05,10:30:00,per_kg,1260.0,1260.0,1260.0,1.03,1.05,1.0,1150,1350,1450,1100,1500,300,26.1,Rising,Configured PCB-market scenario: rising.,Eco Recycling Ltd (Ecoreco Mumbai HQ),CPCB/EPR-EW/2022/MH-003,Synthetic scenario generated from material baselines and configured location/date factors,Synthetic - requires independent market verification,True,base_mid * location_factor * category_location_factor * date_factor
PRC-MA-MUM-00119,MAT-026,PCB,PCB,Smartphone PCB - 256GB Grade,Smartphone,MetalMandi,direct,https://www.metalmandi.in/,2026-09-05,DIRECT,"Current MetalMandi grade listing; use as a benchmark, not a guaranteed pickup quote.",Maharashtra,Mumbai,Dharavi 13th Compound / Kurla CST Road,Tier 1,2026-09-05,10:30:00,per_kg,1960.0,1960.0,1960.0,1.03,1.05,1.0,1800,2100,2300,1700,2400,500,27.8,Rising,Configured PCB-market scenario: rising.,Eco Recycling Ltd (Ecoreco Mumbai HQ),CPCB/EPR-EW/2022/MH-003,Synthetic scenario generated from material baselines and configured location/date factors,Synthetic - requires independent market verification,True,base_mid * location_factor * category_location_factor * date_factor
PRC-MA-MUM-00120,MAT-027,PCB,PCB,Mixed Motherboard Scrap,Desktop / laptop,TradeIndia Ghaziabad listings,direct_range,https://www.tradeindia.com/ghaziabad/motherboard-scrap-city-193475.html,2026-09-05,DIRECT_RANGE,Current listings show roughly ₹360-500/kg for motherboard scrap.,Maharashtra,Mumbai,Dharavi 13th Compound / Kurla CST Road,Tier 1,2026-07-15,11:00:00,per_kg,360.0,500.0,430.0,1.03,1.05,0.965,385,450,485,365,510,100,26.0,Rising,Configured PCB-market scenario: rising.,Eco Recycling Ltd (Ecoreco Mumbai HQ),CPCB/EPR-EW/2022/MH-003,Synthetic scenario generated from material baselines and configured location/date factors,Synthetic - requires independent market verification,True,base_mid * location_factor * category_location_factor * date_factor
PRC-MA-MUM-00121,MAT-027,PCB,PCB,Mixed Motherboard Scrap,Desktop / laptop,TradeIndia Ghaziabad listings,direct_range,https://www.tradeindia.com/ghaziabad/motherboard-scrap-city-193475.html,2026-09-05,DIRECT_RANGE,Current listings show roughly ₹360-500/kg for motherboard scrap.,Maharashtra,Mumbai,Dharavi 13th Compound / Kurla CST Road,Tier 1,2026-08-01,11:00:00,per_kg,360.0,500.0,430.0,1.03,1.05,0.978,390,455,490,370,515,100,25.6,Rising,Configured PCB-market scenario: rising.,Eco Recycling Ltd (Ecoreco Mumbai HQ),CPCB/EPR-EW/2022/MH-003,Synthetic scenario generated from material baselines and configured location/date factors,Synthetic - requires independent market verification,True,base_mid * location_factor * category_location_factor * date_factor
PRC-MA-MUM-00122,MAT-027,PCB,PCB,Mixed Motherboard Scrap,Desktop / laptop,TradeIndia Ghaziabad listings,direct_range,https://www.tradeindia.com/ghaziabad/motherboard-scrap-city-193475.html,2026-09-05,DIRECT_RANGE,Current listings show roughly ₹360-500/kg for motherboard scrap.,Maharashtra,Mumbai,Dharavi 13th Compound / Kurla CST Road,Tier 1,2026-08-15,11:00:00,per_kg,360.0,500.0,430.0,1.03,1.05,0.985,395,460,495,375,520,100,25.3,Rising,Configured PCB-market scenario: rising.,Eco Recycling Ltd (Ecoreco Mumbai HQ),CPCB/EPR-EW/2022/MH-003,Synthetic scenario generated from material baselines and configured location/date factors,Synthetic - requires independent market verification,True,base_mid * location_factor * category_location_factor * date_factor
PRC-MA-MUM-00123,MAT-027,PCB,PCB,Mixed Motherboard Scrap,Desktop / laptop,TradeIndia Ghaziabad listings,direct_range,https://www.tradeindia.com/ghaziabad/motherboard-scrap-city-193475.html,2026-09-05,DIRECT_RANGE,Current listings show roughly ₹360-500/kg for motherboard scrap.,Maharashtra,Mumbai,Dharavi 13th Compound / Kurla CST Road,Tier 1,2026-09-01,11:00:00,per_kg,360.0,500.0,430.0,1.03,1.05,0.995,400,465,500,380,525,100,25.0,Rising,Configured PCB-market scenario: rising.,Eco Recycling Ltd (Ecoreco Mumbai HQ),CPCB/EPR-EW/2022/MH-003,Synthetic scenario generated from material baselines and configured location/date factors,Synthetic - requires independent market verification,True,base_mid * location_factor * category_location_factor * date_factor
PRC-MA-MUM-00124,MAT-027,PCB,PCB,Mixed Motherboard Scrap,Desktop / laptop,TradeIndia Ghaziabad listings,direct_range,https://www.tradeindia.com/ghaziabad/motherboard-scrap-city-193475.html,2026-09-05,DIRECT_RANGE,Current listings show roughly ₹360-500/kg for motherboard scrap.,Maharashtra,Mumbai,Dharavi 13th Compound / Kurla CST Road,Tier 1,2026-09-05,10:30:00,per_kg,360.0,500.0,430.0,1.03,1.05,1.0,400,465,500,380,525,100,25.0,Rising,Configured PCB-market scenario: rising.,Eco Recycling Ltd (Ecoreco Mumbai HQ),CPCB/EPR-EW/2022/MH-003,Synthetic scenario generated from material baselines and configured location/date factors,Synthetic - requires independent market verification,True,base_mid * location_factor * category_location_factor * date_factor
PRC-MA-MUM-00125,MAT-028,CABLES_WIRES,Cable,Bare Bright Copper Wire,Electrical/electronic wiring,BIN 2026 guide,direct_range,https://joinbin.com/scrap-rate-copper-india,2026-09-05,DIRECT_RANGE,Grade and copper recovery strongly affect actual offer.,Maharashtra,Mumbai,Dharavi 13th Compound / Kurla CST Road,Tier 1,2026-07-15,11:00:00,per_kg,650.0,700.0,675.0,1.03,1.0,0.965,575,670,725,545,760,150,26.1,Rising,Configured cable-market scenario: rising.,Eco Recycling Ltd (Ecoreco Mumbai HQ),CPCB/EPR-EW/2022/MH-003,Synthetic scenario generated from material baselines and configured location/date factors,Synthetic - requires independent market verification,True,base_mid * location_factor * category_location_factor * date_factor
PRC-MA-MUM-00126,MAT-028,CABLES_WIRES,Cable,Bare Bright Copper Wire,Electrical/electronic wiring,BIN 2026 guide,direct_range,https://joinbin.com/scrap-rate-copper-india,2026-09-05,DIRECT_RANGE,Grade and copper recovery strongly affect actual offer.,Maharashtra,Mumbai,Dharavi 13th Compound / Kurla CST Road,Tier 1,2026-08-01,11:00:00,per_kg,650.0,700.0,675.0,1.03,1.0,0.978,585,680,735,555,770,150,25.6,Rising,Configured cable-market scenario: rising.,Eco Recycling Ltd (Ecoreco Mumbai HQ),CPCB/EPR-EW/2022/MH-003,Synthetic scenario generated from material baselines and configured location/date factors,Synthetic - requires independent market verification,True,base_mid * location_factor * category_location_factor * date_factor
PRC-MA-MUM-00127,MAT-028,CABLES_WIRES,Cable,Bare Bright Copper Wire,Electrical/electronic wiring,BIN 2026 guide,direct_range,https://joinbin.com/scrap-rate-copper-india,2026-09-05,DIRECT_RANGE,Grade and copper recovery strongly affect actual offer.,Maharashtra,Mumbai,Dharavi 13th Compound / Kurla CST Road,Tier 1,2026-08-15,11:00:00,per_kg,650.0,700.0,675.0,1.03,1.0,0.985,590,685,740,560,775,150,25.4,Rising,Configured cable-market scenario: rising.,Eco Recycling Ltd (Ecoreco Mumbai HQ),CPCB/EPR-EW/2022/MH-003,Synthetic scenario generated from material baselines and configured location/date factors,Synthetic - requires independent market verification,True,base_mid * location_factor * category_location_factor * date_factor
PRC-MA-MUM-00128,MAT-028,CABLES_WIRES,Cable,Bare Bright Copper Wire,Electrical/electronic wiring,BIN 2026 guide,direct_range,https://joinbin.com/scrap-rate-copper-india,2026-09-05,DIRECT_RANGE,Grade and copper recovery strongly affect actual offer.,Maharashtra,Mumbai,Dharavi 13th Compound / Kurla CST Road,Tier 1,2026-09-01,11:00:00,per_kg,650.0,700.0,675.0,1.03,1.0,0.995,595,690,745,565,780,150,25.2,Rising,Configured cable-market scenario: rising.,Eco Recycling Ltd (Ecoreco Mumbai HQ),CPCB/EPR-EW/2022/MH-003,Synthetic scenario generated from material baselines and configured location/date factors,Synthetic - requires independent market verification,True,base_mid * location_factor * category_location_factor * date_factor
PRC-MA-MUM-00129,MAT-028,CABLES_WIRES,Cable,Bare Bright Copper Wire,Electrical/electronic wiring,BIN 2026 guide,direct_range,https://joinbin.com/scrap-rate-copper-india,2026-09-05,DIRECT_RANGE,Grade and copper recovery strongly affect actual offer.,Maharashtra,Mumbai,Dharavi 13th Compound / Kurla CST Road,Tier 1,2026-09-05,10:30:00,per_kg,650.0,700.0,675.0,1.03,1.0,1.0,600,695,750,570,790,150,25.0,Rising,Configured cable-market scenario: rising.,Eco Recycling Ltd (Ecoreco Mumbai HQ),CPCB/EPR-EW/2022/MH-003,Synthetic scenario generated from material baselines and configured location/date factors,Synthetic - requires independent market verification,True,base_mid * location_factor * category_location_factor * date_factor
PRC-MA-MUM-00130,MAT-029,CABLES_WIRES,Cable,#1 Clean Copper Wire,Electrical/electronic wiring,BIN 2026 guide,direct_range,https://joinbin.com/scrap-rate-copper-india,2026-09-05,DIRECT_RANGE,Grade and copper recovery strongly affect actual offer.,Maharashtra,Mumbai,Dharavi 13th Compound / Kurla CST Road,Tier 1,2026-09-05,10:30:00,per_kg,620.0,680.0,650.0,1.03,1.0,1.0,575,670,725,545,760,150,26.1,Rising,Configured cable-market scenario: rising.,Eco Recycling Ltd (Ecoreco Mumbai HQ),CPCB/EPR-EW/2022/MH-003,Synthetic scenario generated from material baselines and configured location/date factors,Synthetic - requires independent market verification,True,base_mid * location_factor * category_location_factor * date_factor
PRC-MA-MUM-00131,MAT-030,CABLES_WIRES,Cable,#2 Mixed Copper Wire,Electrical/electronic wiring,BIN 2026 guide,direct_range,https://joinbin.com/scrap-rate-copper-india,2026-09-05,DIRECT_RANGE,Grade and copper recovery strongly affect actual offer.,Maharashtra,Mumbai,Dharavi 13th Compound / Kurla CST Road,Tier 1,2026-09-05,10:30:00,per_kg,550.0,620.0,585.0,1.03,1.0,1.0,520,605,650,495,680,130,25.0,Rising,Configured cable-market scenario: rising.,Eco Recycling Ltd (Ecoreco Mumbai HQ),CPCB/EPR-EW/2022/MH-003,Synthetic scenario generated from material baselines and configured location/date factors,Synthetic - requires independent market verification,True,base_mid * location_factor * category_location_factor * date_factor
PRC-MA-MUM-00132,MAT-031,CABLES_WIRES,Cable,Insulated Copper Wire,Power/data cable,BIN 2026 guide,direct_range,https://joinbin.com/scrap-rate-copper-india,2026-09-05,DIRECT_RANGE,Grade and copper recovery strongly affect actual offer.,Maharashtra,Mumbai,Dharavi 13th Compound / Kurla CST Road,Tier 1,2026-07-15,11:00:00,per_kg,350.0,500.0,425.0,1.03,1.0,0.965,365,420,455,345,480,90,24.7,Rising,Configured cable-market scenario: rising.,Eco Recycling Ltd (Ecoreco Mumbai HQ),CPCB/EPR-EW/2022/MH-003,Synthetic scenario generated from material baselines and configured location/date factors,Synthetic - requires independent market verification,True,base_mid * location_factor * category_location_factor * date_factor
PRC-MA-MUM-00133,MAT-031,CABLES_WIRES,Cable,Insulated Copper Wire,Power/data cable,BIN 2026 guide,direct_range,https://joinbin.com/scrap-rate-copper-india,2026-09-05,DIRECT_RANGE,Grade and copper recovery strongly affect actual offer.,Maharashtra,Mumbai,Dharavi 13th Compound / Kurla CST Road,Tier 1,2026-08-01,11:00:00,per_kg,350.0,500.0,425.0,1.03,1.0,0.978,370,430,460,350,485,90,24.3,Rising,Configured cable-market scenario: rising.,Eco Recycling Ltd (Ecoreco Mumbai HQ),CPCB/EPR-EW/2022/MH-003,Synthetic scenario generated from material baselines and configured location/date factors,Synthetic - requires independent market verification,True,base_mid * location_factor * category_location_factor * date_factor
PRC-MA-MUM-00134,MAT-031,CABLES_WIRES,Cable,Insulated Copper Wire,Power/data cable,BIN 2026 guide,direct_range,https://joinbin.com/scrap-rate-copper-india,2026-09-05,DIRECT_RANGE,Grade and copper recovery strongly affect actual offer.,Maharashtra,Mumbai,Dharavi 13th Compound / Kurla CST Road,Tier 1,2026-08-15,11:00:00,per_kg,350.0,500.0,425.0,1.03,1.0,0.985,370,430,465,350,490,95,25.7,Rising,Configured cable-market scenario: rising.,Eco Recycling Ltd (Ecoreco Mumbai HQ),CPCB/EPR-EW/2022/MH-003,Synthetic scenario generated from material baselines and configured location/date factors,Synthetic - requires independent market verification,True,base_mid * location_factor * category_location_factor * date_factor
PRC-MA-MUM-00135,MAT-031,CABLES_WIRES,Cable,Insulated Copper Wire,Power/data cable,BIN 2026 guide,direct_range,https://joinbin.com/scrap-rate-copper-india,2026-09-05,DIRECT_RANGE,Grade and copper recovery strongly affect actual offer.,Maharashtra,Mumbai,Dharavi 13th Compound / Kurla CST Road,Tier 1,2026-09-01,11:00:00,per_kg,350.0,500.0,425.0,1.03,1.0,0.995,375,435,470,355,495,95,25.3,Rising,Configured cable-market scenario: rising.,Eco Recycling Ltd (Ecoreco Mumbai HQ),CPCB/EPR-EW/2022/MH-003,Synthetic scenario generated from material baselines and configured location/date factors,Synthetic - requires independent market verification,True,base_mid * location_factor * category_location_factor * date_factor
PRC-MA-MUM-00136,MAT-031,CABLES_WIRES,Cable,Insulated Copper Wire,Power/data cable,BIN 2026 guide,direct_range,https://joinbin.com/scrap-rate-copper-india,2026-09-05,DIRECT_RANGE,Grade and copper recovery strongly affect actual offer.,Maharashtra,Mumbai,Dharavi 13th Compound / Kurla CST Road,Tier 1,2026-09-05,10:30:00,per_kg,350.0,500.0,425.0,1.03,1.0,1.0,375,440,475,355,500,100,26.7,Rising,Configured cable-market scenario: rising.,Eco Recycling Ltd (Ecoreco Mumbai HQ),CPCB/EPR-EW/2022/MH-003,Synthetic scenario generated from material baselines and configured location/date factors,Synthetic - requires independent market verification,True,base_mid * location_factor * category_location_factor * date_factor
PRC-MA-MUM-00137,MAT-032,CABLES_WIRES,Cable,Copper Motor Winding Wire,Motor / fan winding,Scrapyard India,direct_range,https://www.scrapyard.co.in/copper-scrap-rates-india,2026-09-05,DIRECT_RANGE,Grade and copper recovery strongly affect actual offer.,Maharashtra,Mumbai,Dharavi 13th Compound / Kurla CST Road,Tier 1,2026-09-05,10:30:00,per_kg,420.0,450.0,435.0,1.03,1.0,1.0,385,450,485,365,510,100,26.0,Rising,Configured cable-market scenario: rising.,Eco Recycling Ltd (Ecoreco Mumbai HQ),CPCB/EPR-EW/2022/MH-003,Synthetic scenario generated from material baselines and configured location/date factors,Synthetic - requires independent market verification,True,base_mid * location_factor * category_location_factor * date_factor
PRC-MA-MUM-00138,MAT-033,CABLES_WIRES,Cable,Copper Transformer Winding,Transformer / PSU,Scrapyard India,direct_range,https://www.scrapyard.co.in/copper-scrap-rates-india,2026-09-05,DIRECT_RANGE,Grade and copper recovery strongly affect actual offer.,Maharashtra,Mumbai,Dharavi 13th Compound / Kurla CST Road,Tier 1,2026-09-05,10:30:00,per_kg,380.0,420.0,400.0,1.03,1.0,1.0,355,410,445,335,465,90,25.4,Rising,Configured cable-market scenario: rising.,Eco Recycling Ltd (Ecoreco Mumbai HQ),CPCB/EPR-EW/2022/MH-003,Synthetic scenario generated from material baselines and configured location/date factors,Synthetic - requires independent market verification,True,base_mid * location_factor * category_location_factor * date_factor
PRC-MA-MUM-00139,MAT-034,CABLES_WIRES,Cable,Copper Cable Scrap - High Grade,Power cable,ExportersIndia,direct_range,https://www.exportersindia.com/indian-suppliers/copper-cable-scrap.htm,2026-09-05,DIRECT_RANGE,Grade and copper recovery strongly affect actual offer.,Maharashtra,Mumbai,Dharavi 13th Compound / Kurla CST Road,Tier 1,2026-09-05,10:30:00,per_kg,650.0,775.0,712.5,1.03,1.0,1.0,630,735,795,600,835,165,26.2,Rising,Configured cable-market scenario: rising.,Eco Recycling Ltd (Ecoreco Mumbai HQ),CPCB/EPR-EW/2022/MH-003,Synthetic scenario generated from material baselines and configured location/date factors,Synthetic - requires independent market verification,True,base_mid * location_factor * category_location_factor * date_factor
PRC-MA-MUM-00140,MAT-035,CABLES_WIRES,Cable,Mixed Low-Grade Electronic Cable,Chargers / data cables,TradeIndia + Scrapyard India,proxy_from_direct,https://www.tradeindia.com/products/icw-insulated-copper-wire-scrap-9932932.html ; https://www.scrapyard.co.in/copper-scrap-rates-india,2026-09-05,PROXY,Grade and copper recovery strongly affect actual offer.,Maharashtra,Mumbai,Dharavi 13th Compound / Kurla CST Road,Tier 1,2026-09-05,10:30:00,per_kg,250.0,390.0,320.0,1.03,1.0,1.0,285,330,355,270,375,70,24.6,Rising,Configured cable-market scenario: rising.,Eco Recycling Ltd (Ecoreco Mumbai HQ),CPCB/EPR-EW/2022/MH-003,Synthetic scenario generated from material baselines and configured location/date factors,Synthetic - requires independent market verification,True,base_mid * location_factor * category_location_factor * date_factor
PRC-MA-MUM-00141,MAT-036,BATTERIES,Battery,Car Lead-Acid Battery,Car / automotive,ScrapTech,direct,https://scraptechindia.com/,2026-09-05,DIRECT,Battery chemistry must be known before using a specific chemistry rate.,Maharashtra,Mumbai,Dharavi 13th Compound / Kurla CST Road,Tier 1,2026-07-15,11:00:00,per_kg,125.0,125.0,125.0,1.03,1.0,0.965,105,125,135,100,140,30,28.6,Rising,Configured battery-market scenario: rising.,Eco Recycling Ltd (Ecoreco Mumbai HQ),CPCB/EPR-EW/2022/MH-003,Synthetic scenario generated from material baselines and configured location/date factors,Synthetic - requires independent market verification,True,base_mid * location_factor * category_location_factor * date_factor
PRC-MA-MUM-00142,MAT-036,BATTERIES,Battery,Car Lead-Acid Battery,Car / automotive,ScrapTech,direct,https://scraptechindia.com/,2026-09-05,DIRECT,Battery chemistry must be known before using a specific chemistry rate.,Maharashtra,Mumbai,Dharavi 13th Compound / Kurla CST Road,Tier 1,2026-08-01,11:00:00,per_kg,125.0,125.0,125.0,1.03,1.0,0.978,110,125,135,105,140,25,22.7,Rising,Configured battery-market scenario: rising.,Eco Recycling Ltd (Ecoreco Mumbai HQ),CPCB/EPR-EW/2022/MH-003,Synthetic scenario generated from material baselines and configured location/date factors,Synthetic - requires independent market verification,True,base_mid * location_factor * category_location_factor * date_factor
PRC-MA-MUM-00143,MAT-036,BATTERIES,Battery,Car Lead-Acid Battery,Car / automotive,ScrapTech,direct,https://scraptechindia.com/,2026-09-05,DIRECT,Battery chemistry must be known before using a specific chemistry rate.,Maharashtra,Mumbai,Dharavi 13th Compound / Kurla CST Road,Tier 1,2026-08-15,11:00:00,per_kg,125.0,125.0,125.0,1.03,1.0,0.985,110,125,135,105,140,25,22.7,Rising,Configured battery-market scenario: rising.,Eco Recycling Ltd (Ecoreco Mumbai HQ),CPCB/EPR-EW/2022/MH-003,Synthetic scenario generated from material baselines and configured location/date factors,Synthetic - requires independent market verification,True,base_mid * location_factor * category_location_factor * date_factor
PRC-MA-MUM-00144,MAT-036,BATTERIES,Battery,Car Lead-Acid Battery,Car / automotive,ScrapTech,direct,https://scraptechindia.com/,2026-09-05,DIRECT,Battery chemistry must be known before using a specific chemistry rate.,Maharashtra,Mumbai,Dharavi 13th Compound / Kurla CST Road,Tier 1,2026-09-01,11:00:00,per_kg,125.0,125.0,125.0,1.03,1.0,0.995,110,130,140,105,145,30,27.3,Rising,Configured battery-market scenario: rising.,Eco Recycling Ltd (Ecoreco Mumbai HQ),CPCB/EPR-EW/2022/MH-003,Synthetic scenario generated from material baselines and configured location/date factors,Synthetic - requires independent market verification,True,base_mid * location_factor * category_location_factor * date_factor
PRC-MA-MUM-00145,MAT-036,BATTERIES,Battery,Car Lead-Acid Battery,Car / automotive,ScrapTech,direct,https://scraptechindia.com/,2026-09-05,DIRECT,Battery chemistry must be known before using a specific chemistry rate.,Maharashtra,Mumbai,Dharavi 13th Compound / Kurla CST Road,Tier 1,2026-09-05,10:30:00,per_kg,125.0,125.0,125.0,1.03,1.0,1.0,110,130,140,105,145,30,27.3,Rising,Configured battery-market scenario: rising.,Eco Recycling Ltd (Ecoreco Mumbai HQ),CPCB/EPR-EW/2022/MH-003,Synthetic scenario generated from material baselines and configured location/date factors,Synthetic - requires independent market verification,True,base_mid * location_factor * category_location_factor * date_factor
PRC-MA-MUM-00146,MAT-037,BATTERIES,Battery,Inverter Battery,Home inverter,The Kabadiwala + ScrapTech,direct_multi_source,https://www.thekabadiwala.com/scrap-rates/Bhopal ; https://scraptechindia.com/,2026-09-05,DIRECT_RANGE,Battery chemistry must be known before using a specific chemistry rate.,Maharashtra,Mumbai,Dharavi 13th Compound / Kurla CST Road,Tier 1,2026-07-15,11:00:00,per_kg,80.0,110.0,95.0,1.03,1.0,0.965,81,94,100,77,105,19,23.5,Rising,Configured battery-market scenario: rising.,Eco Recycling Ltd (Ecoreco Mumbai HQ),CPCB/EPR-EW/2022/MH-003,Synthetic scenario generated from material baselines and configured location/date factors,Synthetic - requires independent market verification,True,base_mid * location_factor * category_location_factor * date_factor
PRC-MA-MUM-00147,MAT-037,BATTERIES,Battery,Inverter Battery,Home inverter,The Kabadiwala + ScrapTech,direct_multi_source,https://www.thekabadiwala.com/scrap-rates/Bhopal ; https://scraptechindia.com/,2026-09-05,DIRECT_RANGE,Battery chemistry must be known before using a specific chemistry rate.,Maharashtra,Mumbai,Dharavi 13th Compound / Kurla CST Road,Tier 1,2026-08-01,11:00:00,per_kg,80.0,110.0,95.0,1.03,1.0,0.978,82,96,105,78,110,23,28.0,Rising,Configured battery-market scenario: rising.,Eco Recycling Ltd (Ecoreco Mumbai HQ),CPCB/EPR-EW/2022/MH-003,Synthetic scenario generated from material baselines and configured location/date factors,Synthetic - requires independent market verification,True,base_mid * location_factor * category_location_factor * date_factor
PRC-MA-MUM-00148,MAT-037,BATTERIES,Battery,Inverter Battery,Home inverter,The Kabadiwala + ScrapTech,direct_multi_source,https://www.thekabadiwala.com/scrap-rates/Bhopal ; https://scraptechindia.com/,2026-09-05,DIRECT_RANGE,Battery chemistry must be known before using a specific chemistry rate.,Maharashtra,Mumbai,Dharavi 13th Compound / Kurla CST Road,Tier 1,2026-08-15,11:00:00,per_kg,80.0,110.0,95.0,1.03,1.0,0.985,83,96,105,79,110,22,26.5,Rising,Configured battery-market scenario: rising.,Eco Recycling Ltd (Ecoreco Mumbai HQ),CPCB/EPR-EW/2022/MH-003,Synthetic scenario generated from material baselines and configured location/date factors,Synthetic - requires independent market verification,True,base_mid * location_factor * category_location_factor * date_factor
PRC-MA-MUM-00149,MAT-037,BATTERIES,Battery,Inverter Battery,Home inverter,The Kabadiwala + ScrapTech,direct_multi_source,https://www.thekabadiwala.com/scrap-rates/Bhopal ; https://scraptechindia.com/,2026-09-05,DIRECT_RANGE,Battery chemistry must be known before using a specific chemistry rate.,Maharashtra,Mumbai,Dharavi 13th Compound / Kurla CST Road,Tier 1,2026-09-01,11:00:00,per_kg,80.0,110.0,95.0,1.03,1.0,0.995,84,97,105,80,110,21,25.0,Rising,Configured battery-market scenario: rising.,Eco Recycling Ltd (Ecoreco Mumbai HQ),CPCB/EPR-EW/2022/MH-003,Synthetic scenario generated from material baselines and configured location/date factors,Synthetic - requires independent market verification,True,base_mid * location_factor * category_location_factor * date_factor
PRC-MA-MUM-00150,MAT-037,BATTERIES,Battery,Inverter Battery,Home inverter,The Kabadiwala + ScrapTech,direct_multi_source,https://www.thekabadiwala.com/scrap-rates/Bhopal ; https://scraptechindia.com/,2026-09-05,DIRECT_RANGE,Battery chemistry must be known before using a specific chemistry rate.,Maharashtra,Mumbai,Dharavi 13th Compound / Kurla CST Road,Tier 1,2026-09-05,10:30:00,per_kg,80.0,110.0,95.0,1.03,1.0,1.0,84,98,105,80,110,21,25.0,Rising,Configured battery-market scenario: rising.,Eco Recycling Ltd (Ecoreco Mumbai HQ),CPCB/EPR-EW/2022/MH-003,Synthetic scenario generated from material baselines and configured location/date factors,Synthetic - requires independent market verification,True,base_mid * location_factor * category_location_factor * date_factor
PRC-MA-MUM-00151,MAT-038,BATTERIES,Battery,Lead-Acid Battery - Generic,UPS / backup power,ScrapTech,direct,https://scraptechindia.com/,2026-09-05,DIRECT,Battery chemistry must be known before using a specific chemistry rate.,Maharashtra,Mumbai,Dharavi 13th Compound / Kurla CST Road,Tier 1,2026-09-05,10:30:00,per_kg,95.0,95.0,95.0,1.03,1.0,1.0,84,98,105,80,110,21,25.0,Rising,Configured battery-market scenario: rising.,Eco Recycling Ltd (Ecoreco Mumbai HQ),CPCB/EPR-EW/2022/MH-003,Synthetic scenario generated from material baselines and configured location/date factors,Synthetic - requires independent market verification,True,base_mid * location_factor * category_location_factor * date_factor
PRC-MA-MUM-00152,MAT-039,BATTERIES,Battery,Li-ion Battery - Mixed,Consumer electronics,ScrapTech,direct,https://scraptechindia.com/,2026-09-05,DIRECT,Battery chemistry must be known before using a specific chemistry rate.,Maharashtra,Mumbai,Dharavi 13th Compound / Kurla CST Road,Tier 1,2026-09-05,10:30:00,per_kg,145.0,145.0,145.0,1.03,1.0,1.0,130,150,160,125,170,30,23.1,Rising,Configured battery-market scenario: rising.,Eco Recycling Ltd (Ecoreco Mumbai HQ),CPCB/EPR-EW/2022/MH-003,Synthetic scenario generated from material baselines and configured location/date factors,Synthetic - requires independent market verification,True,base_mid * location_factor * category_location_factor * date_factor
PRC-MA-MUM-00153,MAT-040,BATTERIES,Battery,Laptop Li-ion Battery,Laptop,MetalMandi,direct,https://www.metalmandi.in/,2026-09-05,DIRECT,Battery chemistry must be known before using a specific chemistry rate.,Maharashtra,Mumbai,Dharavi 13th Compound / Kurla CST Road,Tier 1,2026-09-05,10:30:00,per_kg,298.0,298.0,298.0,1.03,1.0,1.0,265,305,330,250,345,65,24.5,Rising,Configured battery-market scenario: rising.,Eco Recycling Ltd (Ecoreco Mumbai HQ),CPCB/EPR-EW/2022/MH-003,Synthetic scenario generated from material baselines and configured location/date factors,Synthetic - requires independent market verification,True,base_mid * location_factor * category_location_factor * date_factor
PRC-MA-MUM-00154,MAT-041,BATTERIES,Battery,Smartphone Li-ion Battery,Smartphone,MetalMandi,direct,https://www.metalmandi.in/,2026-09-05,DIRECT,Battery chemistry must be known before using a specific chemistry rate.,Maharashtra,Mumbai,Dharavi 13th Compound / Kurla CST Road,Tier 1,2026-09-05,10:30:00,per_kg,702.0,702.0,702.0,1.03,1.0,1.0,620,725,780,590,820,160,25.8,Rising,Configured battery-market scenario: rising.,Eco Recycling Ltd (Ecoreco Mumbai HQ),CPCB/EPR-EW/2022/MH-003,Synthetic scenario generated from material baselines and configured location/date factors,Synthetic - requires independent market verification,True,base_mid * location_factor * category_location_factor * date_factor
PRC-MA-MUM-00155,MAT-042,BATTERIES,Battery,Keypad Phone Battery,Keypad phone,MetalMandi,direct,https://www.metalmandi.in/,2026-09-05,DIRECT,Battery chemistry must be known before using a specific chemistry rate.,Maharashtra,Mumbai,Dharavi 13th Compound / Kurla CST Road,Tier 1,2026-09-05,10:30:00,per_kg,347.0,347.0,347.0,1.03,1.0,1.0,305,355,385,290,405,80,26.2,Rising,Configured battery-market scenario: rising.,Eco Recycling Ltd (Ecoreco Mumbai HQ),CPCB/EPR-EW/2022/MH-003,Synthetic scenario generated from material baselines and configured location/date factors,Synthetic - requires independent market verification,True,base_mid * location_factor * category_location_factor * date_factor
PRC-MA-MUM-00156,MAT-043,BATTERIES,Battery,Powerbank / Earbud / Small Gadget Battery,Small electronics,MetalMandi,direct,https://www.metalmandi.in/,2026-09-05,DIRECT,Battery chemistry must be known before using a specific chemistry rate.,Maharashtra,Mumbai,Dharavi 13th Compound / Kurla CST Road,Tier 1,2026-09-05,10:30:00,per_kg,273.0,273.0,273.0,1.03,1.0,1.0,240,280,305,230,320,65,27.1,Rising,Configured battery-market scenario: rising.,Eco Recycling Ltd (Ecoreco Mumbai HQ),CPCB/EPR-EW/2022/MH-003,Synthetic scenario generated from material baselines and configured location/date factors,Synthetic - requires independent market verification,True,base_mid * location_factor * category_location_factor * date_factor
PRC-MA-MUM-00157,MAT-044,BATTERIES,Battery,UPS / Non-Portable Li-ion Battery,UPS / stationary storage,MetalMandi,direct,https://www.metalmandi.in/,2026-09-05,DIRECT,Battery chemistry must be known before using a specific chemistry rate.,Maharashtra,Mumbai,Dharavi 13th Compound / Kurla CST Road,Tier 1,2026-09-05,10:30:00,per_kg,70.0,70.0,70.0,1.03,1.0,1.0,62,72,78,59,82,16,25.8,Rising,Configured battery-market scenario: rising.,Eco Recycling Ltd (Ecoreco Mumbai HQ),CPCB/EPR-EW/2022/MH-003,Synthetic scenario generated from material baselines and configured location/date factors,Synthetic - requires independent market verification,True,base_mid * location_factor * category_location_factor * date_factor
PRC-MA-MUM-00158,MAT-045,MOTORS,Motor,Mixed E-waste Motor - Copper Wiring,Small appliances,Kabadiwalla Uncle + Scrap Savvy,direct_multi_source,https://www.kabadiwalla.in/cms-rates ; https://scrapsavvykabadiwala.com/scrap-rates-today-scrap-prices/,2026-09-05,DIRECT_RANGE,Motor rate varies heavily with copper content and whether dismantled.,Maharashtra,Mumbai,Dharavi 13th Compound / Kurla CST Road,Tier 1,2026-09-05,10:30:00,per_kg,38.0,55.0,46.5,1.03,1.0,1.0,41,48,52,39,55,11,26.8,Rising,Configured motor-market scenario: rising.,Eco Recycling Ltd (Ecoreco Mumbai HQ),CPCB/EPR-EW/2022/MH-003,Synthetic scenario generated from material baselines and configured location/date factors,Synthetic - requires independent market verification,True,base_mid * location_factor * category_location_factor * date_factor
PRC-MA-MUM-00159,MAT-046,MOTORS,Motor,DC Fan Motor Scrap,DC fan / electronics cooling,ExportersIndia - Musa Traders,direct_range,https://www.exportersindia.com/musa-traders/copperscrap.htm,2026-09-05,DIRECT_RANGE,Motor rate varies heavily with copper content and whether dismantled.,Maharashtra,Mumbai,Dharavi 13th Compound / Kurla CST Road,Tier 1,2026-07-15,11:00:00,per_kg,50.0,70.0,60.0,1.03,1.0,0.965,51,60,64,48,67,13,25.5,Rising,Configured motor-market scenario: rising.,Eco Recycling Ltd (Ecoreco Mumbai HQ),CPCB/EPR-EW/2022/MH-003,Synthetic scenario generated from material baselines and configured location/date factors,Synthetic - requires independent market verification,True,base_mid * location_factor * category_location_factor * date_factor
PRC-MA-MUM-00160,MAT-046,MOTORS,Motor,DC Fan Motor Scrap,DC fan / electronics cooling,ExportersIndia - Musa Traders,direct_range,https://www.exportersindia.com/musa-traders/copperscrap.htm,2026-09-05,DIRECT_RANGE,Motor rate varies heavily with copper content and whether dismantled.,Maharashtra,Mumbai,Dharavi 13th Compound / Kurla CST Road,Tier 1,2026-08-01,11:00:00,per_kg,50.0,70.0,60.0,1.03,1.0,0.978,52,60,65,49,68,13,25.0,Rising,Configured motor-market scenario: rising.,Eco Recycling Ltd (Ecoreco Mumbai HQ),CPCB/EPR-EW/2022/MH-003,Synthetic scenario generated from material baselines and configured location/date factors,Synthetic - requires independent market verification,True,base_mid * location_factor * category_location_factor * date_factor
PRC-MA-MUM-00161,MAT-046,MOTORS,Motor,DC Fan Motor Scrap,DC fan / electronics cooling,ExportersIndia - Musa Traders,direct_range,https://www.exportersindia.com/musa-traders/copperscrap.htm,2026-09-05,DIRECT_RANGE,Motor rate varies heavily with copper content and whether dismantled.,Maharashtra,Mumbai,Dharavi 13th Compound / Kurla CST Road,Tier 1,2026-08-15,11:00:00,per_kg,50.0,70.0,60.0,1.03,1.0,0.985,52,61,66,49,69,14,26.9,Rising,Configured motor-market scenario: rising.,Eco Recycling Ltd (Ecoreco Mumbai HQ),CPCB/EPR-EW/2022/MH-003,Synthetic scenario generated from material baselines and configured location/date factors,Synthetic - requires independent market verification,True,base_mid * location_factor * category_location_factor * date_factor
PRC-MA-MUM-00162,MAT-046,MOTORS,Motor,DC Fan Motor Scrap,DC fan / electronics cooling,ExportersIndia - Musa Traders,direct_range,https://www.exportersindia.com/musa-traders/copperscrap.htm,2026-09-05,DIRECT_RANGE,Motor rate varies heavily with copper content and whether dismantled.,Maharashtra,Mumbai,Dharavi 13th Compound / Kurla CST Road,Tier 1,2026-09-01,11:00:00,per_kg,50.0,70.0,60.0,1.03,1.0,0.995,53,61,66,50,69,13,24.5,Rising,Configured motor-market scenario: rising.,Eco Recycling Ltd (Ecoreco Mumbai HQ),CPCB/EPR-EW/2022/MH-003,Synthetic scenario generated from material baselines and configured location/date factors,Synthetic - requires independent market verification,True,base_mid * location_factor * category_location_factor * date_factor
PRC-MA-MUM-00163,MAT-046,MOTORS,Motor,DC Fan Motor Scrap,DC fan / electronics cooling,ExportersIndia - Musa Traders,direct_range,https://www.exportersindia.com/musa-traders/copperscrap.htm,2026-09-05,DIRECT_RANGE,Motor rate varies heavily with copper content and whether dismantled.,Maharashtra,Mumbai,Dharavi 13th Compound / Kurla CST Road,Tier 1,2026-09-05,10:30:00,per_kg,50.0,70.0,60.0,1.03,1.0,1.0,53,62,67,50,70,14,26.4,Rising,Configured motor-market scenario: rising.,Eco Recycling Ltd (Ecoreco Mumbai HQ),CPCB/EPR-EW/2022/MH-003,Synthetic scenario generated from material baselines and configured location/date factors,Synthetic - requires independent market verification,True,base_mid * location_factor * category_location_factor * date_factor
PRC-MA-MUM-00164,MAT-047,MOTORS,Motor,Ceiling Fan Motor Scrap,Ceiling fan,Justdial supplier listing,direct_range,https://www.justdial.com/jdmart/Ernakulam/Ceiling-Fan-Scrap/pid-2216994813/0484P484STD3000251,2026-09-05,DIRECT_RANGE,Motor rate varies heavily with copper content and whether dismantled.,Maharashtra,Mumbai,Dharavi 13th Compound / Kurla CST Road,Tier 1,2026-07-15,11:00:00,per_kg,150.0,250.0,200.0,1.03,1.0,0.965,170,200,215,160,225,45,26.5,Rising,Configured motor-market scenario: rising.,Eco Recycling Ltd (Ecoreco Mumbai HQ),CPCB/EPR-EW/2022/MH-003,Synthetic scenario generated from material baselines and configured location/date factors,Synthetic - requires independent market verification,True,base_mid * location_factor * category_location_factor * date_factor
PRC-MA-MUM-00165,MAT-047,MOTORS,Motor,Ceiling Fan Motor Scrap,Ceiling fan,Justdial supplier listing,direct_range,https://www.justdial.com/jdmart/Ernakulam/Ceiling-Fan-Scrap/pid-2216994813/0484P484STD3000251,2026-09-05,DIRECT_RANGE,Motor rate varies heavily with copper content and whether dismantled.,Maharashtra,Mumbai,Dharavi 13th Compound / Kurla CST Road,Tier 1,2026-08-01,11:00:00,per_kg,150.0,250.0,200.0,1.03,1.0,0.978,175,200,220,165,230,45,25.7,Rising,Configured motor-market scenario: rising.,Eco Recycling Ltd (Ecoreco Mumbai HQ),CPCB/EPR-EW/2022/MH-003,Synthetic scenario generated from material baselines and configured location/date factors,Synthetic - requires independent market verification,True,base_mid * location_factor * category_location_factor * date_factor
PRC-MA-MUM-00166,MAT-047,MOTORS,Motor,Ceiling Fan Motor Scrap,Ceiling fan,Justdial supplier listing,direct_range,https://www.justdial.com/jdmart/Ernakulam/Ceiling-Fan-Scrap/pid-2216994813/0484P484STD3000251,2026-09-05,DIRECT_RANGE,Motor rate varies heavily with copper content and whether dismantled.,Maharashtra,Mumbai,Dharavi 13th Compound / Kurla CST Road,Tier 1,2026-08-15,11:00:00,per_kg,150.0,250.0,200.0,1.03,1.0,0.985,175,205,220,165,230,45,25.7,Rising,Configured motor-market scenario: rising.,Eco Recycling Ltd (Ecoreco Mumbai HQ),CPCB/EPR-EW/2022/MH-003,Synthetic scenario generated from material baselines and configured location/date factors,Synthetic - requires independent market verification,True,base_mid * location_factor * category_location_factor * date_factor
PRC-MA-MUM-00167,MAT-047,MOTORS,Motor,Ceiling Fan Motor Scrap,Ceiling fan,Justdial supplier listing,direct_range,https://www.justdial.com/jdmart/Ernakulam/Ceiling-Fan-Scrap/pid-2216994813/0484P484STD3000251,2026-09-05,DIRECT_RANGE,Motor rate varies heavily with copper content and whether dismantled.,Maharashtra,Mumbai,Dharavi 13th Compound / Kurla CST Road,Tier 1,2026-09-01,11:00:00,per_kg,150.0,250.0,200.0,1.03,1.0,0.995,175,205,220,165,230,45,25.7,Rising,Configured motor-market scenario: rising.,Eco Recycling Ltd (Ecoreco Mumbai HQ),CPCB/EPR-EW/2022/MH-003,Synthetic scenario generated from material baselines and configured location/date factors,Synthetic - requires independent market verification,True,base_mid * location_factor * category_location_factor * date_factor
PRC-MA-MUM-00168,MAT-047,MOTORS,Motor,Ceiling Fan Motor Scrap,Ceiling fan,Justdial supplier listing,direct_range,https://www.justdial.com/jdmart/Ernakulam/Ceiling-Fan-Scrap/pid-2216994813/0484P484STD3000251,2026-09-05,DIRECT_RANGE,Motor rate varies heavily with copper content and whether dismantled.,Maharashtra,Mumbai,Dharavi 13th Compound / Kurla CST Road,Tier 1,2026-09-05,10:30:00,per_kg,150.0,250.0,200.0,1.03,1.0,1.0,175,205,220,165,230,45,25.7,Rising,Configured motor-market scenario: rising.,Eco Recycling Ltd (Ecoreco Mumbai HQ),CPCB/EPR-EW/2022/MH-003,Synthetic scenario generated from material baselines and configured location/date factors,Synthetic - requires independent market verification,True,base_mid * location_factor * category_location_factor * date_factor
PRC-MA-MUM-00169,MAT-048,MOTORS,Motor,Small Appliance Motor,Mixer / pump / appliance,Kabadiwalla Uncle + Musa Traders,proxy_from_direct,https://www.kabadiwalla.in/cms-rates ; https://www.exportersindia.com/musa-traders/copperscrap.htm,2026-09-05,PROXY,Motor rate varies heavily with copper content and whether dismantled.,Maharashtra,Mumbai,Dharavi 13th Compound / Kurla CST Road,Tier 1,2026-09-05,10:30:00,per_kg,38.0,70.0,54.0,1.03,1.0,1.0,48,56,60,46,63,12,25.0,Rising,Configured motor-market scenario: rising.,Eco Recycling Ltd (Ecoreco Mumbai HQ),CPCB/EPR-EW/2022/MH-003,Synthetic scenario generated from material baselines and configured location/date factors,Synthetic - requires independent market verification,True,base_mid * location_factor * category_location_factor * date_factor
PRC-MA-MUM-00170,MAT-049,MOTORS,Motor,Printer / Scanner Motor,Printer / scanner,Kabadiwalla Uncle + Musa Traders,proxy_from_direct,https://www.kabadiwalla.in/cms-rates ; https://www.exportersindia.com/musa-traders/copperscrap.htm,2026-09-05,PROXY,Motor rate varies heavily with copper content and whether dismantled.,Maharashtra,Mumbai,Dharavi 13th Compound / Kurla CST Road,Tier 1,2026-09-05,10:30:00,per_kg,38.0,70.0,54.0,1.03,1.0,1.0,48,56,60,46,63,12,25.0,Rising,Configured motor-market scenario: rising.,Eco Recycling Ltd (Ecoreco Mumbai HQ),CPCB/EPR-EW/2022/MH-003,Synthetic scenario generated from material baselines and configured location/date factors,Synthetic - requires independent market verification,True,base_mid * location_factor * category_location_factor * date_factor
PRC-MA-MUM-00171,MAT-050,MOTORS,Motor,Large Copper-Wound Motor,Industrial / appliance motor,Scrap Savvy + fan-motor listing,proxy_from_direct,https://scrapsavvykabadiwala.com/scrap-rates-today-scrap-prices/ ; https://www.justdial.com/jdmart/Ernakulam/Ceiling-Fan-Scrap/pid-2216994813/0484P484STD3000251,2026-09-05,PROXY,Motor rate varies heavily with copper content and whether dismantled.,Maharashtra,Mumbai,Dharavi 13th Compound / Kurla CST Road,Tier 1,2026-09-05,10:30:00,per_kg,55.0,150.0,102.5,1.03,1.0,1.0,91,105,115,86,120,24,26.4,Rising,Configured motor-market scenario: rising.,Eco Recycling Ltd (Ecoreco Mumbai HQ),CPCB/EPR-EW/2022/MH-003,Synthetic scenario generated from material baselines and configured location/date factors,Synthetic - requires independent market verification,True,base_mid * location_factor * category_location_factor * date_factor
PRC-MA-MUM-00172,MAT-051,PLASTICS,Mixed Plastic,ABS Plastic - Electronics Housing,Computer / appliance casing,TradeIndia,direct_range,https://www.tradeindia.com/products/abs-plastic-scraps-c1707904.html,2026-09-05,DIRECT_RANGE,Plastic resin identification materially changes value.,Maharashtra,Mumbai,Dharavi 13th Compound / Kurla CST Road,Tier 1,2026-09-05,10:30:00,per_kg,30.0,40.0,35.0,1.03,1.0,1.0,31,36,39,29,41,8,25.8,Rising,Configured plastic-market scenario: rising.,Eco Recycling Ltd (Ecoreco Mumbai HQ),CPCB/EPR-EW/2022/MH-003,Synthetic scenario generated from material baselines and configured location/date factors,Synthetic - requires independent market verification,True,base_mid * location_factor * category_location_factor * date_factor
PRC-MA-MUM-00173,MAT-052,PLASTICS,Mixed Plastic,HDPE Plastic Scrap,Cable/accessory housings,Scrapprice India,direct,https://scrapprice.in/scrap-materials,2026-09-05,DIRECT,Plastic resin identification materially changes value.,Maharashtra,Mumbai,Dharavi 13th Compound / Kurla CST Road,Tier 1,2026-09-05,10:30:00,per_kg,57.5,57.5,57.5,1.03,1.0,1.0,51,59,64,48,67,13,25.5,Rising,Configured plastic-market scenario: rising.,Eco Recycling Ltd (Ecoreco Mumbai HQ),CPCB/EPR-EW/2022/MH-003,Synthetic scenario generated from material baselines and configured location/date factors,Synthetic - requires independent market verification,True,base_mid * location_factor * category_location_factor * date_factor
PRC-MA-MUM-00174,MAT-053,PLASTICS,Mixed Plastic,PP Plastic Scrap,Electronics housings / parts,Scrapprice India,direct,https://scrapprice.in/scrap-materials,2026-09-05,DIRECT,Plastic resin identification materially changes value.,Maharashtra,Mumbai,Dharavi 13th Compound / Kurla CST Road,Tier 1,2026-09-05,10:30:00,per_kg,77.83,77.83,77.83,1.03,1.0,1.0,69,80,87,66,91,18,26.1,Rising,Configured plastic-market scenario: rising.,Eco Recycling Ltd (Ecoreco Mumbai HQ),CPCB/EPR-EW/2022/MH-003,Synthetic scenario generated from material baselines and configured location/date factors,Synthetic - requires independent market verification,True,base_mid * location_factor * category_location_factor * date_factor
PRC-MA-MUM-00175,MAT-054,PLASTICS,Mixed Plastic,LDPE Plastic Scrap,Flexible electronic packaging / insulation,Scrapprice India,direct,https://scrapprice.in/scrap-materials,2026-09-05,DIRECT,Plastic resin identification materially changes value.,Maharashtra,Mumbai,Dharavi 13th Compound / Kurla CST Road,Tier 1,2026-09-05,10:30:00,per_kg,83.0,83.0,83.0,1.03,1.0,1.0,74,85,92,70,97,18,24.3,Rising,Configured plastic-market scenario: rising.,Eco Recycling Ltd (Ecoreco Mumbai HQ),CPCB/EPR-EW/2022/MH-003,Synthetic scenario generated from material baselines and configured location/date factors,Synthetic - requires independent market verification,True,base_mid * location_factor * category_location_factor * date_factor
PRC-MA-MUM-00176,MAT-055,PLASTICS,Mixed Plastic,PVC Plastic Scrap,Cable insulation / housings,Scrapprice India,direct,https://scrapprice.in/scrap-materials,2026-09-05,DIRECT,Plastic resin identification materially changes value.,Maharashtra,Mumbai,Dharavi 13th Compound / Kurla CST Road,Tier 1,2026-09-05,10:30:00,per_kg,22.2,22.2,22.2,1.03,1.0,1.0,19.7,23,25,18.7,26,5.3,26.9,Rising,Configured plastic-market scenario: rising.,Eco Recycling Ltd (Ecoreco Mumbai HQ),CPCB/EPR-EW/2022/MH-003,Synthetic scenario generated from material baselines and configured location/date factors,Synthetic - requires independent market verification,True,base_mid * location_factor * category_location_factor * date_factor
PRC-MA-MUM-00177,MAT-056,PLASTICS,Mixed Plastic,PET Plastic Scrap,Packaging / accessory plastics,Scrapprice India,direct,https://scrapprice.in/scrap-materials,2026-09-05,DIRECT,Plastic resin identification materially changes value.,Maharashtra,Mumbai,Dharavi 13th Compound / Kurla CST Road,Tier 1,2026-09-05,10:30:00,per_kg,33.5,33.5,33.5,1.03,1.0,1.0,30,35,37,28,39,7,23.3,Rising,Configured plastic-market scenario: rising.,Eco Recycling Ltd (Ecoreco Mumbai HQ),CPCB/EPR-EW/2022/MH-003,Synthetic scenario generated from material baselines and configured location/date factors,Synthetic - requires independent market verification,True,base_mid * location_factor * category_location_factor * date_factor
PRC-MA-MUM-00178,MAT-057,PLASTICS,Mixed Plastic,Mixed Plastic - E-waste,Mixed electronic plastic,The Kabadiwala + Scrapprice India,direct_multi_source,https://www.thekabadiwala.com/scrap-rates/Bhopal ; https://scrapprice.in/scrap-materials,2026-09-05,DIRECT_RANGE,Plastic resin identification materially changes value.,Maharashtra,Mumbai,Dharavi 13th Compound / Kurla CST Road,Tier 1,2026-09-05,10:30:00,per_kg,12.0,57.29,34.64,1.03,1.0,1.0,31,36,39,29,41,8,25.8,Rising,Configured plastic-market scenario: rising.,Eco Recycling Ltd (Ecoreco Mumbai HQ),CPCB/EPR-EW/2022/MH-003,Synthetic scenario generated from material baselines and configured location/date factors,Synthetic - requires independent market verification,True,base_mid * location_factor * category_location_factor * date_factor
PRC-MA-MUM-00179,MAT-058,MOBILE_TABLETS,Mobile Phone,Keypad Phone - Complete,Keypad phone,Scrap Savvy + Kabadiwala Online,direct_multi_source,https://scrapsavvykabadiwala.com/scrap-rates-today-scrap-prices/ ; https://kabadiwalaonline.com/secrap-rates/,2026-09-05,DIRECT_RANGE,"Complete-device pickup prices depend heavily on model, storage, condition and lock status.",Maharashtra,Mumbai,Dharavi 13th Compound / Kurla CST Road,Tier 1,2026-09-05,10:30:00,per_piece,10.0,20.0,15.0,1.03,1.0,1.0,13.3,15.5,16.7,12.6,17.5,3.4,25.6,Rising,Configured synthetic market scenario.,Eco Recycling Ltd (Ecoreco Mumbai HQ),CPCB/EPR-EW/2022/MH-003,Synthetic scenario generated from material baselines and configured location/date factors,Synthetic - requires independent market verification,True,base_mid * location_factor * category_location_factor * date_factor
PRC-MA-MUM-00180,MAT-059,MOBILE_TABLETS,Mobile Phone,Smartphone - Generic Complete,Smartphone,Scrap Savvy + Kabadiwala Online,direct_multi_source,https://scrapsavvykabadiwala.com/scrap-rates-today-scrap-prices/ ; https://kabadiwalaonline.com/secrap-rates/,2026-09-05,DIRECT_RANGE,"Complete-device pickup prices depend heavily on model, storage, condition and lock status.",Maharashtra,Mumbai,Dharavi 13th Compound / Kurla CST Road,Tier 1,2026-09-05,10:30:00,per_piece,20.0,60.0,40.0,1.03,1.0,1.0,35,41,44,33,46,9,25.7,Rising,Configured synthetic market scenario.,Eco Recycling Ltd (Ecoreco Mumbai HQ),CPCB/EPR-EW/2022/MH-003,Synthetic scenario generated from material baselines and configured location/date factors,Synthetic - requires independent market verification,True,base_mid * location_factor * category_location_factor * date_factor
PRC-MA-MUM-00181,MAT-060,MOBILE_TABLETS,Mobile Phone,Tablet - Generic Complete,Tablet,Kabadiwalla Uncle + Kabadiwala Online,direct_multi_source,https://www.kabadiwalla.in/cms-rates ; https://kabadiwalaonline.com/secrap-rates/,2026-09-05,DIRECT_RANGE,"Complete-device pickup prices depend heavily on model, storage, condition and lock status.",Maharashtra,Mumbai,Dharavi 13th Compound / Kurla CST Road,Tier 1,2026-09-05,10:30:00,per_piece,30.0,60.0,45.0,1.03,1.0,1.0,40,46,50,38,52,10,25.0,Rising,Configured synthetic market scenario.,Eco Recycling Ltd (Ecoreco Mumbai HQ),CPCB/EPR-EW/2022/MH-003,Synthetic scenario generated from material baselines and configured location/date factors,Synthetic - requires independent market verification,True,base_mid * location_factor * category_location_factor * date_factor
PRC-MA-MUM-00182,MAT-061,MOBILE_TABLETS,Mobile Phone,Android Smartphone - 16GB,Smartphone,Scrap Mitra,direct,https://scrapmitra.com/,2026-09-05,DIRECT,"Complete-device pickup prices depend heavily on model, storage, condition and lock status.",Maharashtra,Mumbai,Dharavi 13th Compound / Kurla CST Road,Tier 1,2026-09-05,10:30:00,per_piece,200.0,200.0,200.0,1.03,1.0,1.0,175,205,220,165,230,45,25.7,Rising,Configured synthetic market scenario.,Eco Recycling Ltd (Ecoreco Mumbai HQ),CPCB/EPR-EW/2022/MH-003,Synthetic scenario generated from material baselines and configured location/date factors,Synthetic - requires independent market verification,True,base_mid * location_factor * category_location_factor * date_factor
PRC-MA-MUM-00183,MAT-062,MOBILE_TABLETS,Mobile Phone,Android Smartphone - 32GB,Smartphone,Scrap Mitra,direct,https://scrapmitra.com/,2026-09-05,DIRECT,"Complete-device pickup prices depend heavily on model, storage, condition and lock status.",Maharashtra,Mumbai,Dharavi 13th Compound / Kurla CST Road,Tier 1,2026-09-05,10:30:00,per_piece,400.0,400.0,400.0,1.03,1.0,1.0,355,410,445,335,465,90,25.4,Rising,Configured synthetic market scenario.,Eco Recycling Ltd (Ecoreco Mumbai HQ),CPCB/EPR-EW/2022/MH-003,Synthetic scenario generated from material baselines and configured location/date factors,Synthetic - requires independent market verification,True,base_mid * location_factor * category_location_factor * date_factor
PRC-MA-MUM-00184,MAT-063,MOBILE_TABLETS,Mobile Phone,Android Smartphone - 64GB,Smartphone,Scrap Mitra,direct,https://scrapmitra.com/,2026-09-05,DIRECT,"Complete-device pickup prices depend heavily on model, storage, condition and lock status.",Maharashtra,Mumbai,Dharavi 13th Compound / Kurla CST Road,Tier 1,2026-09-05,10:30:00,per_piece,650.0,650.0,650.0,1.03,1.0,1.0,575,670,725,545,760,150,26.1,Rising,Configured synthetic market scenario.,Eco Recycling Ltd (Ecoreco Mumbai HQ),CPCB/EPR-EW/2022/MH-003,Synthetic scenario generated from material baselines and configured location/date factors,Synthetic - requires independent market verification,True,base_mid * location_factor * category_location_factor * date_factor
PRC-MA-MUM-00185,MAT-064,MOBILE_TABLETS,Mobile Phone,Android Smartphone - 128GB,Smartphone,Scrap Mitra,direct,https://scrapmitra.com/,2026-09-05,DIRECT,"Complete-device pickup prices depend heavily on model, storage, condition and lock status.",Maharashtra,Mumbai,Dharavi 13th Compound / Kurla CST Road,Tier 1,2026-09-05,10:30:00,per_piece,1000.0,1000.0,1000.0,1.03,1.0,1.0,885,1050,1100,840,1150,215,24.3,Rising,Configured synthetic market scenario.,Eco Recycling Ltd (Ecoreco Mumbai HQ),CPCB/EPR-EW/2022/MH-003,Synthetic scenario generated from material baselines and configured location/date factors,Synthetic - requires independent market verification,True,base_mid * location_factor * category_location_factor * date_factor
PRC-MA-MUM-00186,MAT-065,MOBILE_TABLETS,Mobile Phone,Android Smartphone - 256GB,Smartphone,Scrap Mitra,direct,https://scrapmitra.com/,2026-09-05,DIRECT,"Complete-device pickup prices depend heavily on model, storage, condition and lock status.",Maharashtra,Mumbai,Dharavi 13th Compound / Kurla CST Road,Tier 1,2026-09-05,10:30:00,per_piece,2300.0,2300.0,2300.0,1.03,1.0,1.0,2050,2350,2550,1950,2700,500,24.4,Rising,Configured synthetic market scenario.,Eco Recycling Ltd (Ecoreco Mumbai HQ),CPCB/EPR-EW/2022/MH-003,Synthetic scenario generated from material baselines and configured location/date factors,Synthetic - requires independent market verification,True,base_mid * location_factor * category_location_factor * date_factor
PRC-MA-NAG-00187,MAT-001,CRT,CRT,CRT Monitor - Standard,Desktop computer,Scrappbazaar + Scrap Savvy,direct_multi_source,https://www.scrappbazaar.com/rates ; https://scrapsavvykabadiwala.com/scrap-rates-today-scrap-prices/,2026-09-05,DIRECT_RANGE,Current pickup listings show ~₹150-180/piece.,Maharashtra,Nagpur,MIDC Hingna Industrial Area / Nandanvan,Tier 2,2026-09-05,10:30:00,per_piece,150.0,180.0,165.0,0.96,1.0,1.0,135,160,170,130,180,35,25.9,Stable,Configured CRT-market scenario: stable.,Suritex E-Waste Recyclers Nagpur,MPCB/ROT-NAG/EW-2023/08,Synthetic scenario generated from material baselines and configured location/date factors,Synthetic - requires independent market verification,True,base_mid * location_factor * category_location_factor * date_factor
PRC-MA-NAG-00188,MAT-002,CRT,CRT,CRT TV - Standard,Television,Scrappbazaar + Scrap Savvy,direct_multi_source,https://www.scrappbazaar.com/rates ; https://scrapsavvykabadiwala.com/scrap-rates-today-scrap-prices/,2026-09-05,DIRECT_RANGE,Current listings show ~₹150-200/piece.,Maharashtra,Nagpur,MIDC Hingna Industrial Area / Nandanvan,Tier 2,2026-09-05,10:30:00,per_piece,150.0,200.0,175.0,0.96,1.0,1.0,145,170,180,140,190,35,24.1,Stable,Configured CRT-market scenario: stable.,Suritex E-Waste Recyclers Nagpur,MPCB/ROT-NAG/EW-2023/08,Synthetic scenario generated from material baselines and configured location/date factors,Synthetic - requires independent market verification,True,base_mid * location_factor * category_location_factor * date_factor
PRC-MA-NAG-00189,MAT-003,CRT,CRT,CRT TV - Small 14-17 inch,Television,The Kabadiwala + Kabadiwala Online,proxy_from_direct,https://www.thekabadiwala.com/scrap-rates/Bhopal ; https://kabadiwalaonline.com/secrap-rates/,2026-09-05,PROXY,Size-specific value inferred from current CRT TV/monitor pickup rates.,Maharashtra,Nagpur,MIDC Hingna Industrial Area / Nandanvan,Tier 2,2026-09-05,10:30:00,per_piece,100.0,160.0,130.0,0.96,1.0,1.0,105,125,135,100,140,30,28.6,Stable,Configured CRT-market scenario: stable.,Suritex E-Waste Recyclers Nagpur,MPCB/ROT-NAG/EW-2023/08,Synthetic scenario generated from material baselines and configured location/date factors,Synthetic - requires independent market verification,True,base_mid * location_factor * category_location_factor * date_factor
PRC-MA-NAG-00190,MAT-004,CRT,CRT,CRT Monitor - 17 inch,Desktop computer,Kabadiwala Online + Scrap Savvy,direct_multi_source,https://kabadiwalaonline.com/secrap-rates/ ; https://scrapsavvykabadiwala.com/scrap-rates-today-scrap-prices/,2026-09-05,DIRECT_RANGE,Standard CRT monitor rate.,Maharashtra,Nagpur,MIDC Hingna Industrial Area / Nandanvan,Tier 2,2026-09-05,10:30:00,per_piece,150.0,180.0,165.0,0.96,1.0,1.0,135,160,170,130,180,35,25.9,Stable,Configured CRT-market scenario: stable.,Suritex E-Waste Recyclers Nagpur,MPCB/ROT-NAG/EW-2023/08,Synthetic scenario generated from material baselines and configured location/date factors,Synthetic - requires independent market verification,True,base_mid * location_factor * category_location_factor * date_factor
PRC-MA-NAG-00191,MAT-005,CRT,CRT,CRT TV - Large 21 inch+,Television,Scrappbazaar + Kabadiwalla Uncle,proxy_from_direct,https://www.scrappbazaar.com/rates ; https://www.kabadiwalla.in/cms-rates,2026-09-05,PROXY,Large-size premium is a conservative proxy around current CRT TV listings.,Maharashtra,Nagpur,MIDC Hingna Industrial Area / Nandanvan,Tier 2,2026-09-05,10:30:00,per_piece,160.0,220.0,190.0,0.96,1.0,1.0,155,180,195,145,205,40,25.8,Stable,Configured CRT-market scenario: stable.,Suritex E-Waste Recyclers Nagpur,MPCB/ROT-NAG/EW-2023/08,Synthetic scenario generated from material baselines and configured location/date factors,Synthetic - requires independent market verification,True,base_mid * location_factor * category_location_factor * date_factor
PRC-MA-NAG-00192,MAT-006,LCD_LED,LCD Panel,LCD Monitor,Desktop computer,Kabadiwalla Uncle + Kabadiwala Online,direct_multi_source,https://www.kabadiwalla.in/cms-rates ; https://kabadiwalaonline.com/secrap-rates/,2026-09-05,DIRECT_RANGE,Current LCD monitor listings: ₹25-30/kg.,Maharashtra,Nagpur,MIDC Hingna Industrial Area / Nandanvan,Tier 2,2026-09-05,10:30:00,per_kg,25.0,30.0,27.5,0.96,1.0,1.0,23,26,29,22,30,6,26.1,Stable,Configured LCD/LED-market scenario: stable.,Suritex E-Waste Recyclers Nagpur,MPCB/ROT-NAG/EW-2023/08,Synthetic scenario generated from material baselines and configured location/date factors,Synthetic - requires independent market verification,True,base_mid * location_factor * category_location_factor * date_factor
PRC-MA-NAG-00193,MAT-007,LCD_LED,LCD Panel,TFT Monitor,Desktop computer,Scrap Savvy,direct,https://scrapsavvykabadiwala.com/scrap-rates-today-scrap-prices/,2026-09-05,DIRECT,Quoted ₹30/kg.,Maharashtra,Nagpur,MIDC Hingna Industrial Area / Nandanvan,Tier 2,2026-09-05,10:30:00,per_kg,30.0,30.0,30.0,0.96,1.0,1.0,25,29,31,24,33,6,24.0,Stable,Configured LCD/LED-market scenario: stable.,Suritex E-Waste Recyclers Nagpur,MPCB/ROT-NAG/EW-2023/08,Synthetic scenario generated from material baselines and configured location/date factors,Synthetic - requires independent market verification,True,base_mid * location_factor * category_location_factor * date_factor
PRC-MA-NAG-00194,MAT-008,LCD_LED,LCD Panel,LCD TV Panel / Assembly,Television,Kabadiwala Online + MetalMandi,direct_multi_source,https://kabadiwalaonline.com/secrap-rates/ ; https://www.metalmandi.in/,2026-09-05,DIRECT_RANGE,LCD display quotes cluster around ₹20-30/kg.,Maharashtra,Nagpur,MIDC Hingna Industrial Area / Nandanvan,Tier 2,2026-09-05,10:30:00,per_kg,20.0,30.0,25.0,0.96,1.0,1.0,21,24,26,19.9,27,5,23.8,Stable,Configured LCD/LED-market scenario: stable.,Suritex E-Waste Recyclers Nagpur,MPCB/ROT-NAG/EW-2023/08,Synthetic scenario generated from material baselines and configured location/date factors,Synthetic - requires independent market verification,True,base_mid * location_factor * category_location_factor * date_factor
PRC-MA-NAG-00195,MAT-009,LCD_LED,LCD Panel,LED TV Panel / Assembly,Television,Scrappbazaar + MetalMandi,direct_multi_source,https://www.scrappbazaar.com/rates ; https://www.metalmandi.in/,2026-09-05,DIRECT_RANGE,Current LED/LCD listings around ₹20-22/kg.,Maharashtra,Nagpur,MIDC Hingna Industrial Area / Nandanvan,Tier 2,2026-09-05,10:30:00,per_kg,20.0,22.0,21.0,0.96,1.0,1.0,17.3,20,22,16.4,23,4.7,27.2,Stable,Configured LCD/LED-market scenario: stable.,Suritex E-Waste Recyclers Nagpur,MPCB/ROT-NAG/EW-2023/08,Synthetic scenario generated from material baselines and configured location/date factors,Synthetic - requires independent market verification,True,base_mid * location_factor * category_location_factor * date_factor
PRC-MA-NAG-00196,MAT-010,LCD_LED,LCD Panel,Broken LCD/LED Display Lot,TV / monitor,Scrap Savvy + Scrappbazaar,proxy_from_direct,https://scrapsavvykabadiwala.com/scrap-rates-today-scrap-prices/ ; https://www.scrappbazaar.com/rates,2026-09-05,PROXY,Lower-end proxy for broken mixed display assemblies.,Maharashtra,Nagpur,MIDC Hingna Industrial Area / Nandanvan,Tier 2,2026-09-05,10:30:00,per_kg,18.0,25.0,21.5,0.96,1.0,1.0,17.8,21,22,16.9,23,4.2,23.6,Stable,Configured LCD/LED-market scenario: stable.,Suritex E-Waste Recyclers Nagpur,MPCB/ROT-NAG/EW-2023/08,Synthetic scenario generated from material baselines and configured location/date factors,Synthetic - requires independent market verification,True,base_mid * location_factor * category_location_factor * date_factor
PRC-MA-NAG-00197,MAT-011,LCD_LED,LCD Panel,LCD/LED Display - Mixed Scrap,TV / monitor,Kabadiwala Online + Kabadiwalla Uncle,direct_multi_source,https://kabadiwalaonline.com/secrap-rates/ ; https://www.kabadiwalla.in/cms-rates,2026-09-05,DIRECT_RANGE,Generic mixed display baseline.,Maharashtra,Nagpur,MIDC Hingna Industrial Area / Nandanvan,Tier 2,2026-09-05,10:30:00,per_kg,20.0,30.0,25.0,0.96,1.0,1.0,21,24,26,19.9,27,5,23.8,Stable,Configured LCD/LED-market scenario: stable.,Suritex E-Waste Recyclers Nagpur,MPCB/ROT-NAG/EW-2023/08,Synthetic scenario generated from material baselines and configured location/date factors,Synthetic - requires independent market verification,True,base_mid * location_factor * category_location_factor * date_factor
PRC-MA-NAG-00198,MAT-012,PCB,PCB,Laptop PCB - China Chip,Laptop,MetalMandi,direct,https://www.metalmandi.in/,2026-09-05,DIRECT,"Current MetalMandi grade listing; use as a benchmark, not a guaranteed pickup quote.",Maharashtra,Nagpur,MIDC Hingna Industrial Area / Nandanvan,Tier 2,2026-09-05,10:30:00,per_kg,720.0,720.0,720.0,0.96,1.0,1.0,595,690,745,565,780,150,25.2,Stable,Configured PCB-market scenario: stable.,Suritex E-Waste Recyclers Nagpur,MPCB/ROT-NAG/EW-2023/08,Synthetic scenario generated from material baselines and configured location/date factors,Synthetic - requires independent market verification,True,base_mid * location_factor * category_location_factor * date_factor
PRC-MA-NAG-00199,MAT-013,PCB,PCB,Laptop PCB - VGA Chip,Laptop,MetalMandi,direct,https://www.metalmandi.in/,2026-09-05,DIRECT,"Current MetalMandi grade listing; use as a benchmark, not a guaranteed pickup quote.",Maharashtra,Nagpur,MIDC Hingna Industrial Area / Nandanvan,Tier 2,2026-09-05,10:30:00,per_kg,810.0,810.0,810.0,0.96,1.0,1.0,670,780,840,635,880,170,25.4,Stable,Configured PCB-market scenario: stable.,Suritex E-Waste Recyclers Nagpur,MPCB/ROT-NAG/EW-2023/08,Synthetic scenario generated from material baselines and configured location/date factors,Synthetic - requires independent market verification,True,base_mid * location_factor * category_location_factor * date_factor
PRC-MA-NAG-00200,MAT-014,PCB,PCB,Laptop PCB - Server Board,Laptop / server,MetalMandi,direct,https://www.metalmandi.in/,2026-09-05,DIRECT,"Current MetalMandi grade listing; use as a benchmark, not a guaranteed pickup quote.",Maharashtra,Nagpur,MIDC Hingna Industrial Area / Nandanvan,Tier 2,2026-09-05,10:30:00,per_kg,1800.0,1800.0,1800.0,0.96,1.0,1.0,1500,1750,1850,1400,1950,350,23.3,Stable,Configured PCB-market scenario: stable.,Suritex E-Waste Recyclers Nagpur,MPCB/ROT-NAG/EW-2023/08,Synthetic scenario generated from material baselines and configured location/date factors,Synthetic - requires independent market verification,True,base_mid * location_factor * category_location_factor * date_factor
PRC-MA-NAG-00201,MAT-015,PCB,PCB,Desktop PCB - China Chip,Desktop PC,MetalMandi,direct,https://www.metalmandi.in/,2026-09-05,DIRECT,"Current MetalMandi grade listing; use as a benchmark, not a guaranteed pickup quote.",Maharashtra,Nagpur,MIDC Hingna Industrial Area / Nandanvan,Tier 2,2026-09-05,10:30:00,per_kg,180.0,180.0,180.0,0.96,1.0,1.0,150,175,185,140,195,35,23.3,Stable,Configured PCB-market scenario: stable.,Suritex E-Waste Recyclers Nagpur,MPCB/ROT-NAG/EW-2023/08,Synthetic scenario generated from material baselines and configured location/date factors,Synthetic - requires independent market verification,True,base_mid * location_factor * category_location_factor * date_factor
PRC-MA-NAG-00202,MAT-016,PCB,PCB,Desktop PCB - Single Chip,Desktop PC,MetalMandi,direct,https://www.metalmandi.in/,2026-09-05,DIRECT,"Current MetalMandi grade listing; use as a benchmark, not a guaranteed pickup quote.",Maharashtra,Nagpur,MIDC Hingna Industrial Area / Nandanvan,Tier 2,2026-09-05,10:30:00,per_kg,675.0,675.0,675.0,0.96,1.0,1.0,555,650,700,525,735,145,26.1,Stable,Configured PCB-market scenario: stable.,Suritex E-Waste Recyclers Nagpur,MPCB/ROT-NAG/EW-2023/08,Synthetic scenario generated from material baselines and configured location/date factors,Synthetic - requires independent market verification,True,base_mid * location_factor * category_location_factor * date_factor
PRC-MA-NAG-00203,MAT-017,PCB,PCB,Desktop PCB - Double Chip,Desktop PC,MetalMandi,direct,https://www.metalmandi.in/,2026-09-05,DIRECT,"Current MetalMandi grade listing; use as a benchmark, not a guaranteed pickup quote.",Maharashtra,Nagpur,MIDC Hingna Industrial Area / Nandanvan,Tier 2,2026-09-05,10:30:00,per_kg,1125.0,1125.0,1125.0,0.96,1.0,1.0,930,1100,1150,885,1200,220,23.7,Stable,Configured PCB-market scenario: stable.,Suritex E-Waste Recyclers Nagpur,MPCB/ROT-NAG/EW-2023/08,Synthetic scenario generated from material baselines and configured location/date factors,Synthetic - requires independent market verification,True,base_mid * location_factor * category_location_factor * date_factor
PRC-MA-NAG-00204,MAT-018,PCB,PCB,Set-top Box PCB - China Chip,Set-top box,MetalMandi,direct,https://www.metalmandi.in/,2026-09-05,DIRECT,"Current MetalMandi grade listing; use as a benchmark, not a guaranteed pickup quote.",Maharashtra,Nagpur,MIDC Hingna Industrial Area / Nandanvan,Tier 2,2026-09-05,10:30:00,per_kg,126.0,126.0,126.0,0.96,1.0,1.0,105,120,130,100,135,25,23.8,Stable,Configured PCB-market scenario: stable.,Suritex E-Waste Recyclers Nagpur,MPCB/ROT-NAG/EW-2023/08,Synthetic scenario generated from material baselines and configured location/date factors,Synthetic - requires independent market verification,True,base_mid * location_factor * category_location_factor * date_factor
PRC-MA-NAG-00205,MAT-019,PCB,PCB,Set-top Box PCB - Black Chip,Set-top box,MetalMandi,direct,https://www.metalmandi.in/,2026-09-05,DIRECT,"Current MetalMandi grade listing; use as a benchmark, not a guaranteed pickup quote.",Maharashtra,Nagpur,MIDC Hingna Industrial Area / Nandanvan,Tier 2,2026-09-05,10:30:00,per_kg,189.0,189.0,189.0,0.96,1.0,1.0,155,180,195,145,205,40,25.8,Stable,Configured PCB-market scenario: stable.,Suritex E-Waste Recyclers Nagpur,MPCB/ROT-NAG/EW-2023/08,Synthetic scenario generated from material baselines and configured location/date factors,Synthetic - requires independent market verification,True,base_mid * location_factor * category_location_factor * date_factor
PRC-MA-NAG-00206,MAT-020,PCB,PCB,Set-top Box PCB - VGA Chip,Set-top box,MetalMandi,direct,https://www.metalmandi.in/,2026-09-05,DIRECT,"Current MetalMandi grade listing; use as a benchmark, not a guaranteed pickup quote.",Maharashtra,Nagpur,MIDC Hingna Industrial Area / Nandanvan,Tier 2,2026-09-05,10:30:00,per_kg,252.0,252.0,252.0,0.96,1.0,1.0,210,240,260,200,275,50,23.8,Stable,Configured PCB-market scenario: stable.,Suritex E-Waste Recyclers Nagpur,MPCB/ROT-NAG/EW-2023/08,Synthetic scenario generated from material baselines and configured location/date factors,Synthetic - requires independent market verification,True,base_mid * location_factor * category_location_factor * date_factor
PRC-MA-NAG-00207,MAT-021,PCB,PCB,Set-top Box PCB - Combo Chip,Set-top box,MetalMandi,direct,https://www.metalmandi.in/,2026-09-05,DIRECT,"Current MetalMandi grade listing; use as a benchmark, not a guaranteed pickup quote.",Maharashtra,Nagpur,MIDC Hingna Industrial Area / Nandanvan,Tier 2,2026-09-05,10:30:00,per_kg,315.0,315.0,315.0,0.96,1.0,1.0,260,300,325,245,340,65,25.0,Stable,Configured PCB-market scenario: stable.,Suritex E-Waste Recyclers Nagpur,MPCB/ROT-NAG/EW-2023/08,Synthetic scenario generated from material baselines and configured location/date factors,Synthetic - requires independent market verification,True,base_mid * location_factor * category_location_factor * date_factor
PRC-MA-NAG-00208,MAT-022,PCB,PCB,Keypad Phone PCB - Branded,Keypad phone,MetalMandi,direct,https://www.metalmandi.in/,2026-09-05,DIRECT,"Current MetalMandi grade listing; use as a benchmark, not a guaranteed pickup quote.",Maharashtra,Nagpur,MIDC Hingna Industrial Area / Nandanvan,Tier 2,2026-09-05,10:30:00,per_kg,113.0,113.0,113.0,0.96,1.0,1.0,93,110,115,88,120,22,23.7,Stable,Configured PCB-market scenario: stable.,Suritex E-Waste Recyclers Nagpur,MPCB/ROT-NAG/EW-2023/08,Synthetic scenario generated from material baselines and configured location/date factors,Synthetic - requires independent market verification,True,base_mid * location_factor * category_location_factor * date_factor
PRC-MA-NAG-00209,MAT-023,PCB,PCB,Keypad Phone PCB - China,Keypad phone,MetalMandi,direct,https://www.metalmandi.in/,2026-09-05,DIRECT,"Current MetalMandi grade listing; use as a benchmark, not a guaranteed pickup quote.",Maharashtra,Nagpur,MIDC Hingna Industrial Area / Nandanvan,Tier 2,2026-09-05,10:30:00,per_kg,38.0,38.0,38.0,0.96,1.0,1.0,31,36,39,29,41,8,25.8,Stable,Configured PCB-market scenario: stable.,Suritex E-Waste Recyclers Nagpur,MPCB/ROT-NAG/EW-2023/08,Synthetic scenario generated from material baselines and configured location/date factors,Synthetic - requires independent market verification,True,base_mid * location_factor * category_location_factor * date_factor
PRC-MA-NAG-00210,MAT-024,PCB,PCB,Smartphone PCB - 8GB Grade,Smartphone,MetalMandi,direct,https://www.metalmandi.in/,2026-09-05,DIRECT,"Current MetalMandi grade listing; use as a benchmark, not a guaranteed pickup quote.",Maharashtra,Nagpur,MIDC Hingna Industrial Area / Nandanvan,Tier 2,2026-09-05,10:30:00,per_kg,420.0,420.0,420.0,0.96,1.0,1.0,345,405,435,330,455,90,26.1,Stable,Configured PCB-market scenario: stable.,Suritex E-Waste Recyclers Nagpur,MPCB/ROT-NAG/EW-2023/08,Synthetic scenario generated from material baselines and configured location/date factors,Synthetic - requires independent market verification,True,base_mid * location_factor * category_location_factor * date_factor
PRC-MA-NAG-00211,MAT-025,PCB,PCB,Smartphone PCB - 128GB Grade,Smartphone,MetalMandi,direct,https://www.metalmandi.in/,2026-09-05,DIRECT,"Current MetalMandi grade listing; use as a benchmark, not a guaranteed pickup quote.",Maharashtra,Nagpur,MIDC Hingna Industrial Area / Nandanvan,Tier 2,2026-09-05,10:30:00,per_kg,1260.0,1260.0,1260.0,0.96,1.0,1.0,1050,1200,1300,1000,1350,250,23.8,Stable,Configured PCB-market scenario: stable.,Suritex E-Waste Recyclers Nagpur,MPCB/ROT-NAG/EW-2023/08,Synthetic scenario generated from material baselines and configured location/date factors,Synthetic - requires independent market verification,True,base_mid * location_factor * category_location_factor * date_factor
PRC-MA-NAG-00212,MAT-026,PCB,PCB,Smartphone PCB - 256GB Grade,Smartphone,MetalMandi,direct,https://www.metalmandi.in/,2026-09-05,DIRECT,"Current MetalMandi grade listing; use as a benchmark, not a guaranteed pickup quote.",Maharashtra,Nagpur,MIDC Hingna Industrial Area / Nandanvan,Tier 2,2026-09-05,10:30:00,per_kg,1960.0,1960.0,1960.0,0.96,1.0,1.0,1600,1900,2050,1500,2150,450,28.1,Stable,Configured PCB-market scenario: stable.,Suritex E-Waste Recyclers Nagpur,MPCB/ROT-NAG/EW-2023/08,Synthetic scenario generated from material baselines and configured location/date factors,Synthetic - requires independent market verification,True,base_mid * location_factor * category_location_factor * date_factor
PRC-MA-NAG-00213,MAT-027,PCB,PCB,Mixed Motherboard Scrap,Desktop / laptop,TradeIndia Ghaziabad listings,direct_range,https://www.tradeindia.com/ghaziabad/motherboard-scrap-city-193475.html,2026-09-05,DIRECT_RANGE,Current listings show roughly ₹360-500/kg for motherboard scrap.,Maharashtra,Nagpur,MIDC Hingna Industrial Area / Nandanvan,Tier 2,2026-07-15,11:00:00,per_kg,360.0,500.0,430.0,0.96,1.0,0.965,345,400,430,330,450,85,24.6,Stable,Configured PCB-market scenario: stable.,Suritex E-Waste Recyclers Nagpur,MPCB/ROT-NAG/EW-2023/08,Synthetic scenario generated from material baselines and configured location/date factors,Synthetic - requires independent market verification,True,base_mid * location_factor * category_location_factor * date_factor
PRC-MA-NAG-00214,MAT-027,PCB,PCB,Mixed Motherboard Scrap,Desktop / laptop,TradeIndia Ghaziabad listings,direct_range,https://www.tradeindia.com/ghaziabad/motherboard-scrap-city-193475.html,2026-09-05,DIRECT_RANGE,Current listings show roughly ₹360-500/kg for motherboard scrap.,Maharashtra,Nagpur,MIDC Hingna Industrial Area / Nandanvan,Tier 2,2026-08-01,11:00:00,per_kg,360.0,500.0,430.0,0.96,1.0,0.978,345,405,435,330,455,90,26.1,Stable,Configured PCB-market scenario: stable.,Suritex E-Waste Recyclers Nagpur,MPCB/ROT-NAG/EW-2023/08,Synthetic scenario generated from material baselines and configured location/date factors,Synthetic - requires independent market verification,True,base_mid * location_factor * category_location_factor * date_factor
PRC-MA-NAG-00215,MAT-027,PCB,PCB,Mixed Motherboard Scrap,Desktop / laptop,TradeIndia Ghaziabad listings,direct_range,https://www.tradeindia.com/ghaziabad/motherboard-scrap-city-193475.html,2026-09-05,DIRECT_RANGE,Current listings show roughly ₹360-500/kg for motherboard scrap.,Maharashtra,Nagpur,MIDC Hingna Industrial Area / Nandanvan,Tier 2,2026-08-15,11:00:00,per_kg,360.0,500.0,430.0,0.96,1.0,0.985,350,405,440,330,460,90,25.7,Stable,Configured PCB-market scenario: stable.,Suritex E-Waste Recyclers Nagpur,MPCB/ROT-NAG/EW-2023/08,Synthetic scenario generated from material baselines and configured location/date factors,Synthetic - requires independent market verification,True,base_mid * location_factor * category_location_factor * date_factor
PRC-MA-NAG-00216,MAT-027,PCB,PCB,Mixed Motherboard Scrap,Desktop / laptop,TradeIndia Ghaziabad listings,direct_range,https://www.tradeindia.com/ghaziabad/motherboard-scrap-city-193475.html,2026-09-05,DIRECT_RANGE,Current listings show roughly ₹360-500/kg for motherboard scrap.,Maharashtra,Nagpur,MIDC Hingna Industrial Area / Nandanvan,Tier 2,2026-09-01,11:00:00,per_kg,360.0,500.0,430.0,0.96,1.0,0.995,355,410,445,335,465,90,25.4,Stable,Configured PCB-market scenario: stable.,Suritex E-Waste Recyclers Nagpur,MPCB/ROT-NAG/EW-2023/08,Synthetic scenario generated from material baselines and configured location/date factors,Synthetic - requires independent market verification,True,base_mid * location_factor * category_location_factor * date_factor
PRC-MA-NAG-00217,MAT-027,PCB,PCB,Mixed Motherboard Scrap,Desktop / laptop,TradeIndia Ghaziabad listings,direct_range,https://www.tradeindia.com/ghaziabad/motherboard-scrap-city-193475.html,2026-09-05,DIRECT_RANGE,Current listings show roughly ₹360-500/kg for motherboard scrap.,Maharashtra,Nagpur,MIDC Hingna Industrial Area / Nandanvan,Tier 2,2026-09-05,10:30:00,per_kg,360.0,500.0,430.0,0.96,1.0,1.0,355,415,445,335,465,90,25.4,Stable,Configured PCB-market scenario: stable.,Suritex E-Waste Recyclers Nagpur,MPCB/ROT-NAG/EW-2023/08,Synthetic scenario generated from material baselines and configured location/date factors,Synthetic - requires independent market verification,True,base_mid * location_factor * category_location_factor * date_factor
PRC-MA-NAG-00218,MAT-028,CABLES_WIRES,Cable,Bare Bright Copper Wire,Electrical/electronic wiring,BIN 2026 guide,direct_range,https://joinbin.com/scrap-rate-copper-india,2026-09-05,DIRECT_RANGE,Grade and copper recovery strongly affect actual offer.,Maharashtra,Nagpur,MIDC Hingna Industrial Area / Nandanvan,Tier 2,2026-07-15,11:00:00,per_kg,650.0,700.0,675.0,0.96,1.0,0.965,540,625,675,515,710,135,25.0,Stable,Configured cable-market scenario: stable.,Suritex E-Waste Recyclers Nagpur,MPCB/ROT-NAG/EW-2023/08,Synthetic scenario generated from material baselines and configured location/date factors,Synthetic - requires independent market verification,True,base_mid * location_factor * category_location_factor * date_factor
PRC-MA-NAG-00219,MAT-028,CABLES_WIRES,Cable,Bare Bright Copper Wire,Electrical/electronic wiring,BIN 2026 guide,direct_range,https://joinbin.com/scrap-rate-copper-india,2026-09-05,DIRECT_RANGE,Grade and copper recovery strongly affect actual offer.,Maharashtra,Nagpur,MIDC Hingna Industrial Area / Nandanvan,Tier 2,2026-08-01,11:00:00,per_kg,650.0,700.0,675.0,0.96,1.0,0.978,545,635,685,520,720,140,25.7,Stable,Configured cable-market scenario: stable.,Suritex E-Waste Recyclers Nagpur,MPCB/ROT-NAG/EW-2023/08,Synthetic scenario generated from material baselines and configured location/date factors,Synthetic - requires independent market verification,True,base_mid * location_factor * category_location_factor * date_factor
PRC-MA-NAG-00220,MAT-028,CABLES_WIRES,Cable,Bare Bright Copper Wire,Electrical/electronic wiring,BIN 2026 guide,direct_range,https://joinbin.com/scrap-rate-copper-india,2026-09-05,DIRECT_RANGE,Grade and copper recovery strongly affect actual offer.,Maharashtra,Nagpur,MIDC Hingna Industrial Area / Nandanvan,Tier 2,2026-08-15,11:00:00,per_kg,650.0,700.0,675.0,0.96,1.0,0.985,550,640,690,520,725,140,25.5,Stable,Configured cable-market scenario: stable.,Suritex E-Waste Recyclers Nagpur,MPCB/ROT-NAG/EW-2023/08,Synthetic scenario generated from material baselines and configured location/date factors,Synthetic - requires independent market verification,True,base_mid * location_factor * category_location_factor * date_factor
PRC-MA-NAG-00221,MAT-028,CABLES_WIRES,Cable,Bare Bright Copper Wire,Electrical/electronic wiring,BIN 2026 guide,direct_range,https://joinbin.com/scrap-rate-copper-india,2026-09-05,DIRECT_RANGE,Grade and copper recovery strongly affect actual offer.,Maharashtra,Nagpur,MIDC Hingna Industrial Area / Nandanvan,Tier 2,2026-09-01,11:00:00,per_kg,650.0,700.0,675.0,0.96,1.0,0.995,555,645,695,525,730,140,25.2,Stable,Configured cable-market scenario: stable.,Suritex E-Waste Recyclers Nagpur,MPCB/ROT-NAG/EW-2023/08,Synthetic scenario generated from material baselines and configured location/date factors,Synthetic - requires independent market verification,True,base_mid * location_factor * category_location_factor * date_factor
PRC-MA-NAG-00222,MAT-028,CABLES_WIRES,Cable,Bare Bright Copper Wire,Electrical/electronic wiring,BIN 2026 guide,direct_range,https://joinbin.com/scrap-rate-copper-india,2026-09-05,DIRECT_RANGE,Grade and copper recovery strongly affect actual offer.,Maharashtra,Nagpur,MIDC Hingna Industrial Area / Nandanvan,Tier 2,2026-09-05,10:30:00,per_kg,650.0,700.0,675.0,0.96,1.0,1.0,555,650,700,525,735,145,26.1,Stable,Configured cable-market scenario: stable.,Suritex E-Waste Recyclers Nagpur,MPCB/ROT-NAG/EW-2023/08,Synthetic scenario generated from material baselines and configured location/date factors,Synthetic - requires independent market verification,True,base_mid * location_factor * category_location_factor * date_factor
PRC-MA-NAG-00223,MAT-029,CABLES_WIRES,Cable,#1 Clean Copper Wire,Electrical/electronic wiring,BIN 2026 guide,direct_range,https://joinbin.com/scrap-rate-copper-india,2026-09-05,DIRECT_RANGE,Grade and copper recovery strongly affect actual offer.,Maharashtra,Nagpur,MIDC Hingna Industrial Area / Nandanvan,Tier 2,2026-09-05,10:30:00,per_kg,620.0,680.0,650.0,0.96,1.0,1.0,535,625,675,510,710,140,26.2,Stable,Configured cable-market scenario: stable.,Suritex E-Waste Recyclers Nagpur,MPCB/ROT-NAG/EW-2023/08,Synthetic scenario generated from material baselines and configured location/date factors,Synthetic - requires independent market verification,True,base_mid * location_factor * category_location_factor * date_factor
PRC-MA-NAG-00224,MAT-030,CABLES_WIRES,Cable,#2 Mixed Copper Wire,Electrical/electronic wiring,BIN 2026 guide,direct_range,https://joinbin.com/scrap-rate-copper-india,2026-09-05,DIRECT_RANGE,Grade and copper recovery strongly affect actual offer.,Maharashtra,Nagpur,MIDC Hingna Industrial Area / Nandanvan,Tier 2,2026-09-05,10:30:00,per_kg,550.0,620.0,585.0,0.96,1.0,1.0,485,560,605,460,635,120,24.7,Stable,Configured cable-market scenario: stable.,Suritex E-Waste Recyclers Nagpur,MPCB/ROT-NAG/EW-2023/08,Synthetic scenario generated from material baselines and configured location/date factors,Synthetic - requires independent market verification,True,base_mid * location_factor * category_location_factor * date_factor
PRC-MA-NAG-00225,MAT-031,CABLES_WIRES,Cable,Insulated Copper Wire,Power/data cable,BIN 2026 guide,direct_range,https://joinbin.com/scrap-rate-copper-india,2026-09-05,DIRECT_RANGE,Grade and copper recovery strongly affect actual offer.,Maharashtra,Nagpur,MIDC Hingna Industrial Area / Nandanvan,Tier 2,2026-07-15,11:00:00,per_kg,350.0,500.0,425.0,0.96,1.0,0.965,340,395,425,325,445,85,25.0,Stable,Configured cable-market scenario: stable.,Suritex E-Waste Recyclers Nagpur,MPCB/ROT-NAG/EW-2023/08,Synthetic scenario generated from material baselines and configured location/date factors,Synthetic - requires independent market verification,True,base_mid * location_factor * category_location_factor * date_factor
PRC-MA-NAG-00226,MAT-031,CABLES_WIRES,Cable,Insulated Copper Wire,Power/data cable,BIN 2026 guide,direct_range,https://joinbin.com/scrap-rate-copper-india,2026-09-05,DIRECT_RANGE,Grade and copper recovery strongly affect actual offer.,Maharashtra,Nagpur,MIDC Hingna Industrial Area / Nandanvan,Tier 2,2026-08-01,11:00:00,per_kg,350.0,500.0,425.0,0.96,1.0,0.978,345,400,430,330,450,85,24.6,Stable,Configured cable-market scenario: stable.,Suritex E-Waste Recyclers Nagpur,MPCB/ROT-NAG/EW-2023/08,Synthetic scenario generated from material baselines and configured location/date factors,Synthetic - requires independent market verification,True,base_mid * location_factor * category_location_factor * date_factor
PRC-MA-NAG-00227,MAT-031,CABLES_WIRES,Cable,Insulated Copper Wire,Power/data cable,BIN 2026 guide,direct_range,https://joinbin.com/scrap-rate-copper-india,2026-09-05,DIRECT_RANGE,Grade and copper recovery strongly affect actual offer.,Maharashtra,Nagpur,MIDC Hingna Industrial Area / Nandanvan,Tier 2,2026-08-15,11:00:00,per_kg,350.0,500.0,425.0,0.96,1.0,0.985,345,400,435,330,455,90,26.1,Stable,Configured cable-market scenario: stable.,Suritex E-Waste Recyclers Nagpur,MPCB/ROT-NAG/EW-2023/08,Synthetic scenario generated from material baselines and configured location/date factors,Synthetic - requires independent market verification,True,base_mid * location_factor * category_location_factor * date_factor
PRC-MA-NAG-00228,MAT-031,CABLES_WIRES,Cable,Insulated Copper Wire,Power/data cable,BIN 2026 guide,direct_range,https://joinbin.com/scrap-rate-copper-india,2026-09-05,DIRECT_RANGE,Grade and copper recovery strongly affect actual offer.,Maharashtra,Nagpur,MIDC Hingna Industrial Area / Nandanvan,Tier 2,2026-09-01,11:00:00,per_kg,350.0,500.0,425.0,0.96,1.0,0.995,350,405,440,330,460,90,25.7,Stable,Configured cable-market scenario: stable.,Suritex E-Waste Recyclers Nagpur,MPCB/ROT-NAG/EW-2023/08,Synthetic scenario generated from material baselines and configured location/date factors,Synthetic - requires independent market verification,True,base_mid * location_factor * category_location_factor * date_factor
PRC-MA-NAG-00229,MAT-031,CABLES_WIRES,Cable,Insulated Copper Wire,Power/data cable,BIN 2026 guide,direct_range,https://joinbin.com/scrap-rate-copper-india,2026-09-05,DIRECT_RANGE,Grade and copper recovery strongly affect actual offer.,Maharashtra,Nagpur,MIDC Hingna Industrial Area / Nandanvan,Tier 2,2026-09-05,10:30:00,per_kg,350.0,500.0,425.0,0.96,1.0,1.0,350,410,440,330,460,90,25.7,Stable,Configured cable-market scenario: stable.,Suritex E-Waste Recyclers Nagpur,MPCB/ROT-NAG/EW-2023/08,Synthetic scenario generated from material baselines and configured location/date factors,Synthetic - requires independent market verification,True,base_mid * location_factor * category_location_factor * date_factor
PRC-MA-NAG-00230,MAT-032,CABLES_WIRES,Cable,Copper Motor Winding Wire,Motor / fan winding,Scrapyard India,direct_range,https://www.scrapyard.co.in/copper-scrap-rates-india,2026-09-05,DIRECT_RANGE,Grade and copper recovery strongly affect actual offer.,Maharashtra,Nagpur,MIDC Hingna Industrial Area / Nandanvan,Tier 2,2026-09-05,10:30:00,per_kg,420.0,450.0,435.0,0.96,1.0,1.0,360,420,450,340,470,90,25.0,Stable,Configured cable-market scenario: stable.,Suritex E-Waste Recyclers Nagpur,MPCB/ROT-NAG/EW-2023/08,Synthetic scenario generated from material baselines and configured location/date factors,Synthetic - requires independent market verification,True,base_mid * location_factor * category_location_factor * date_factor
PRC-MA-NAG-00231,MAT-033,CABLES_WIRES,Cable,Copper Transformer Winding,Transformer / PSU,Scrapyard India,direct_range,https://www.scrapyard.co.in/copper-scrap-rates-india,2026-09-05,DIRECT_RANGE,Grade and copper recovery strongly affect actual offer.,Maharashtra,Nagpur,MIDC Hingna Industrial Area / Nandanvan,Tier 2,2026-09-05,10:30:00,per_kg,380.0,420.0,400.0,0.96,1.0,1.0,330,385,415,315,435,85,25.8,Stable,Configured cable-market scenario: stable.,Suritex E-Waste Recyclers Nagpur,MPCB/ROT-NAG/EW-2023/08,Synthetic scenario generated from material baselines and configured location/date factors,Synthetic - requires independent market verification,True,base_mid * location_factor * category_location_factor * date_factor
PRC-MA-NAG-00232,MAT-034,CABLES_WIRES,Cable,Copper Cable Scrap - High Grade,Power cable,ExportersIndia,direct_range,https://www.exportersindia.com/indian-suppliers/copper-cable-scrap.htm,2026-09-05,DIRECT_RANGE,Grade and copper recovery strongly affect actual offer.,Maharashtra,Nagpur,MIDC Hingna Industrial Area / Nandanvan,Tier 2,2026-09-05,10:30:00,per_kg,650.0,775.0,712.5,0.96,1.0,1.0,590,685,740,560,775,150,25.4,Stable,Configured cable-market scenario: stable.,Suritex E-Waste Recyclers Nagpur,MPCB/ROT-NAG/EW-2023/08,Synthetic scenario generated from material baselines and configured location/date factors,Synthetic - requires independent market verification,True,base_mid * location_factor * category_location_factor * date_factor
PRC-MA-NAG-00233,MAT-035,CABLES_WIRES,Cable,Mixed Low-Grade Electronic Cable,Chargers / data cables,TradeIndia + Scrapyard India,proxy_from_direct,https://www.tradeindia.com/products/icw-insulated-copper-wire-scrap-9932932.html ; https://www.scrapyard.co.in/copper-scrap-rates-india,2026-09-05,PROXY,Grade and copper recovery strongly affect actual offer.,Maharashtra,Nagpur,MIDC Hingna Industrial Area / Nandanvan,Tier 2,2026-09-05,10:30:00,per_kg,250.0,390.0,320.0,0.96,1.0,1.0,265,305,330,250,345,65,24.5,Stable,Configured cable-market scenario: stable.,Suritex E-Waste Recyclers Nagpur,MPCB/ROT-NAG/EW-2023/08,Synthetic scenario generated from material baselines and configured location/date factors,Synthetic - requires independent market verification,True,base_mid * location_factor * category_location_factor * date_factor
PRC-MA-NAG-00234,MAT-036,BATTERIES,Battery,Car Lead-Acid Battery,Car / automotive,ScrapTech,direct,https://scraptechindia.com/,2026-09-05,DIRECT,Battery chemistry must be known before using a specific chemistry rate.,Maharashtra,Nagpur,MIDC Hingna Industrial Area / Nandanvan,Tier 2,2026-07-15,11:00:00,per_kg,125.0,125.0,125.0,0.96,1.0,0.965,100,115,125,95,130,25,25.0,Stable,Configured battery-market scenario: stable.,Suritex E-Waste Recyclers Nagpur,MPCB/ROT-NAG/EW-2023/08,Synthetic scenario generated from material baselines and configured location/date factors,Synthetic - requires independent market verification,True,base_mid * location_factor * category_location_factor * date_factor
PRC-MA-NAG-00235,MAT-036,BATTERIES,Battery,Car Lead-Acid Battery,Car / automotive,ScrapTech,direct,https://scraptechindia.com/,2026-09-05,DIRECT,Battery chemistry must be known before using a specific chemistry rate.,Maharashtra,Nagpur,MIDC Hingna Industrial Area / Nandanvan,Tier 2,2026-08-01,11:00:00,per_kg,125.0,125.0,125.0,0.96,1.0,0.978,100,115,125,95,130,25,25.0,Stable,Configured battery-market scenario: stable.,Suritex E-Waste Recyclers Nagpur,MPCB/ROT-NAG/EW-2023/08,Synthetic scenario generated from material baselines and configured location/date factors,Synthetic - requires independent market verification,True,base_mid * location_factor * category_location_factor * date_factor
PRC-MA-NAG-00236,MAT-036,BATTERIES,Battery,Car Lead-Acid Battery,Car / automotive,ScrapTech,direct,https://scraptechindia.com/,2026-09-05,DIRECT,Battery chemistry must be known before using a specific chemistry rate.,Maharashtra,Nagpur,MIDC Hingna Industrial Area / Nandanvan,Tier 2,2026-08-15,11:00:00,per_kg,125.0,125.0,125.0,0.96,1.0,0.985,100,120,130,95,135,30,30.0,Stable,Configured battery-market scenario: stable.,Suritex E-Waste Recyclers Nagpur,MPCB/ROT-NAG/EW-2023/08,Synthetic scenario generated from material baselines and configured location/date factors,Synthetic - requires independent market verification,True,base_mid * location_factor * category_location_factor * date_factor
PRC-MA-NAG-00237,MAT-036,BATTERIES,Battery,Car Lead-Acid Battery,Car / automotive,ScrapTech,direct,https://scraptechindia.com/,2026-09-05,DIRECT,Battery chemistry must be known before using a specific chemistry rate.,Maharashtra,Nagpur,MIDC Hingna Industrial Area / Nandanvan,Tier 2,2026-09-01,11:00:00,per_kg,125.0,125.0,125.0,0.96,1.0,0.995,105,120,130,100,135,25,23.8,Stable,Configured battery-market scenario: stable.,Suritex E-Waste Recyclers Nagpur,MPCB/ROT-NAG/EW-2023/08,Synthetic scenario generated from material baselines and configured location/date factors,Synthetic - requires independent market verification,True,base_mid * location_factor * category_location_factor * date_factor
PRC-MA-NAG-00238,MAT-036,BATTERIES,Battery,Car Lead-Acid Battery,Car / automotive,ScrapTech,direct,https://scraptechindia.com/,2026-09-05,DIRECT,Battery chemistry must be known before using a specific chemistry rate.,Maharashtra,Nagpur,MIDC Hingna Industrial Area / Nandanvan,Tier 2,2026-09-05,10:30:00,per_kg,125.0,125.0,125.0,0.96,1.0,1.0,105,120,130,100,135,25,23.8,Stable,Configured battery-market scenario: stable.,Suritex E-Waste Recyclers Nagpur,MPCB/ROT-NAG/EW-2023/08,Synthetic scenario generated from material baselines and configured location/date factors,Synthetic - requires independent market verification,True,base_mid * location_factor * category_location_factor * date_factor
PRC-MA-NAG-00239,MAT-037,BATTERIES,Battery,Inverter Battery,Home inverter,The Kabadiwala + ScrapTech,direct_multi_source,https://www.thekabadiwala.com/scrap-rates/Bhopal ; https://scraptechindia.com/,2026-09-05,DIRECT_RANGE,Battery chemistry must be known before using a specific chemistry rate.,Maharashtra,Nagpur,MIDC Hingna Industrial Area / Nandanvan,Tier 2,2026-07-15,11:00:00,per_kg,80.0,110.0,95.0,0.96,1.0,0.965,76,88,95,72,100,19,25.0,Stable,Configured battery-market scenario: stable.,Suritex E-Waste Recyclers Nagpur,MPCB/ROT-NAG/EW-2023/08,Synthetic scenario generated from material baselines and configured location/date factors,Synthetic - requires independent market verification,True,base_mid * location_factor * category_location_factor * date_factor
PRC-MA-NAG-00240,MAT-037,BATTERIES,Battery,Inverter Battery,Home inverter,The Kabadiwala + ScrapTech,direct_multi_source,https://www.thekabadiwala.com/scrap-rates/Bhopal ; https://scraptechindia.com/,2026-09-05,DIRECT_RANGE,Battery chemistry must be known before using a specific chemistry rate.,Maharashtra,Nagpur,MIDC Hingna Industrial Area / Nandanvan,Tier 2,2026-08-01,11:00:00,per_kg,80.0,110.0,95.0,0.96,1.0,0.978,77,89,96,73,100,19,24.7,Stable,Configured battery-market scenario: stable.,Suritex E-Waste Recyclers Nagpur,MPCB/ROT-NAG/EW-2023/08,Synthetic scenario generated from material baselines and configured location/date factors,Synthetic - requires independent market verification,True,base_mid * location_factor * category_location_factor * date_factor
PRC-MA-NAG-00241,MAT-037,BATTERIES,Battery,Inverter Battery,Home inverter,The Kabadiwala + ScrapTech,direct_multi_source,https://www.thekabadiwala.com/scrap-rates/Bhopal ; https://scraptechindia.com/,2026-09-05,DIRECT_RANGE,Battery chemistry must be known before using a specific chemistry rate.,Maharashtra,Nagpur,MIDC Hingna Industrial Area / Nandanvan,Tier 2,2026-08-15,11:00:00,per_kg,80.0,110.0,95.0,0.96,1.0,0.985,77,90,97,73,100,20,26.0,Stable,Configured battery-market scenario: stable.,Suritex E-Waste Recyclers Nagpur,MPCB/ROT-NAG/EW-2023/08,Synthetic scenario generated from material baselines and configured location/date factors,Synthetic - requires independent market verification,True,base_mid * location_factor * category_location_factor * date_factor
PRC-MA-NAG-00242,MAT-037,BATTERIES,Battery,Inverter Battery,Home inverter,The Kabadiwala + ScrapTech,direct_multi_source,https://www.thekabadiwala.com/scrap-rates/Bhopal ; https://scraptechindia.com/,2026-09-05,DIRECT_RANGE,Battery chemistry must be known before using a specific chemistry rate.,Maharashtra,Nagpur,MIDC Hingna Industrial Area / Nandanvan,Tier 2,2026-09-01,11:00:00,per_kg,80.0,110.0,95.0,0.96,1.0,0.995,78,91,98,74,105,20,25.6,Stable,Configured battery-market scenario: stable.,Suritex E-Waste Recyclers Nagpur,MPCB/ROT-NAG/EW-2023/08,Synthetic scenario generated from material baselines and configured location/date factors,Synthetic - requires independent market verification,True,base_mid * location_factor * category_location_factor * date_factor
PRC-MA-NAG-00243,MAT-037,BATTERIES,Battery,Inverter Battery,Home inverter,The Kabadiwala + ScrapTech,direct_multi_source,https://www.thekabadiwala.com/scrap-rates/Bhopal ; https://scraptechindia.com/,2026-09-05,DIRECT_RANGE,Battery chemistry must be known before using a specific chemistry rate.,Maharashtra,Nagpur,MIDC Hingna Industrial Area / Nandanvan,Tier 2,2026-09-05,10:30:00,per_kg,80.0,110.0,95.0,0.96,1.0,1.0,78,91,98,74,105,20,25.6,Stable,Configured battery-market scenario: stable.,Suritex E-Waste Recyclers Nagpur,MPCB/ROT-NAG/EW-2023/08,Synthetic scenario generated from material baselines and configured location/date factors,Synthetic - requires independent market verification,True,base_mid * location_factor * category_location_factor * date_factor
PRC-MA-NAG-00244,MAT-038,BATTERIES,Battery,Lead-Acid Battery - Generic,UPS / backup power,ScrapTech,direct,https://scraptechindia.com/,2026-09-05,DIRECT,Battery chemistry must be known before using a specific chemistry rate.,Maharashtra,Nagpur,MIDC Hingna Industrial Area / Nandanvan,Tier 2,2026-09-05,10:30:00,per_kg,95.0,95.0,95.0,0.96,1.0,1.0,78,91,98,74,105,20,25.6,Stable,Configured battery-market scenario: stable.,Suritex E-Waste Recyclers Nagpur,MPCB/ROT-NAG/EW-2023/08,Synthetic scenario generated from material baselines and configured location/date factors,Synthetic - requires independent market verification,True,base_mid * location_factor * category_location_factor * date_factor
PRC-MA-NAG-00245,MAT-039,BATTERIES,Battery,Li-ion Battery - Mixed,Consumer electronics,ScrapTech,direct,https://scraptechindia.com/,2026-09-05,DIRECT,Battery chemistry must be known before using a specific chemistry rate.,Maharashtra,Nagpur,MIDC Hingna Industrial Area / Nandanvan,Tier 2,2026-09-05,10:30:00,per_kg,145.0,145.0,145.0,0.96,1.0,1.0,120,140,150,115,160,30,25.0,Stable,Configured battery-market scenario: stable.,Suritex E-Waste Recyclers Nagpur,MPCB/ROT-NAG/EW-2023/08,Synthetic scenario generated from material baselines and configured location/date factors,Synthetic - requires independent market verification,True,base_mid * location_factor * category_location_factor * date_factor
PRC-MA-NAG-00246,MAT-040,BATTERIES,Battery,Laptop Li-ion Battery,Laptop,MetalMandi,direct,https://www.metalmandi.in/,2026-09-05,DIRECT,Battery chemistry must be known before using a specific chemistry rate.,Maharashtra,Nagpur,MIDC Hingna Industrial Area / Nandanvan,Tier 2,2026-09-05,10:30:00,per_kg,298.0,298.0,298.0,0.96,1.0,1.0,245,285,310,235,325,65,26.5,Stable,Configured battery-market scenario: stable.,Suritex E-Waste Recyclers Nagpur,MPCB/ROT-NAG/EW-2023/08,Synthetic scenario generated from material baselines and configured location/date factors,Synthetic - requires independent market verification,True,base_mid * location_factor * category_location_factor * date_factor
PRC-MA-NAG-00247,MAT-041,BATTERIES,Battery,Smartphone Li-ion Battery,Smartphone,MetalMandi,direct,https://www.metalmandi.in/,2026-09-05,DIRECT,Battery chemistry must be known before using a specific chemistry rate.,Maharashtra,Nagpur,MIDC Hingna Industrial Area / Nandanvan,Tier 2,2026-09-05,10:30:00,per_kg,702.0,702.0,702.0,0.96,1.0,1.0,580,675,730,550,765,150,25.9,Stable,Configured battery-market scenario: stable.,Suritex E-Waste Recyclers Nagpur,MPCB/ROT-NAG/EW-2023/08,Synthetic scenario generated from material baselines and configured location/date factors,Synthetic - requires independent market verification,True,base_mid * location_factor * category_location_factor * date_factor
PRC-MA-NAG-00248,MAT-042,BATTERIES,Battery,Keypad Phone Battery,Keypad phone,MetalMandi,direct,https://www.metalmandi.in/,2026-09-05,DIRECT,Battery chemistry must be known before using a specific chemistry rate.,Maharashtra,Nagpur,MIDC Hingna Industrial Area / Nandanvan,Tier 2,2026-09-05,10:30:00,per_kg,347.0,347.0,347.0,0.96,1.0,1.0,285,335,360,270,380,75,26.3,Stable,Configured battery-market scenario: stable.,Suritex E-Waste Recyclers Nagpur,MPCB/ROT-NAG/EW-2023/08,Synthetic scenario generated from material baselines and configured location/date factors,Synthetic - requires independent market verification,True,base_mid * location_factor * category_location_factor * date_factor
PRC-MA-NAG-00249,MAT-043,BATTERIES,Battery,Powerbank / Earbud / Small Gadget Battery,Small electronics,MetalMandi,direct,https://www.metalmandi.in/,2026-09-05,DIRECT,Battery chemistry must be known before using a specific chemistry rate.,Maharashtra,Nagpur,MIDC Hingna Industrial Area / Nandanvan,Tier 2,2026-09-05,10:30:00,per_kg,273.0,273.0,273.0,0.96,1.0,1.0,225,260,285,215,300,60,26.7,Stable,Configured battery-market scenario: stable.,Suritex E-Waste Recyclers Nagpur,MPCB/ROT-NAG/EW-2023/08,Synthetic scenario generated from material baselines and configured location/date factors,Synthetic - requires independent market verification,True,base_mid * location_factor * category_location_factor * date_factor
PRC-MA-NAG-00250,MAT-044,BATTERIES,Battery,UPS / Non-Portable Li-ion Battery,UPS / stationary storage,MetalMandi,direct,https://www.metalmandi.in/,2026-09-05,DIRECT,Battery chemistry must be known before using a specific chemistry rate.,Maharashtra,Nagpur,MIDC Hingna Industrial Area / Nandanvan,Tier 2,2026-09-05,10:30:00,per_kg,70.0,70.0,70.0,0.96,1.0,1.0,58,67,73,55,77,15,25.9,Stable,Configured battery-market scenario: stable.,Suritex E-Waste Recyclers Nagpur,MPCB/ROT-NAG/EW-2023/08,Synthetic scenario generated from material baselines and configured location/date factors,Synthetic - requires independent market verification,True,base_mid * location_factor * category_location_factor * date_factor
PRC-MA-NAG-00251,MAT-045,MOTORS,Motor,Mixed E-waste Motor - Copper Wiring,Small appliances,Kabadiwalla Uncle + Scrap Savvy,direct_multi_source,https://www.kabadiwalla.in/cms-rates ; https://scrapsavvykabadiwala.com/scrap-rates-today-scrap-prices/,2026-09-05,DIRECT_RANGE,Motor rate varies heavily with copper content and whether dismantled.,Maharashtra,Nagpur,MIDC Hingna Industrial Area / Nandanvan,Tier 2,2026-09-05,10:30:00,per_kg,38.0,55.0,46.5,0.96,1.0,1.0,38,45,48,36,50,10,26.3,Stable,Configured motor-market scenario: stable.,Suritex E-Waste Recyclers Nagpur,MPCB/ROT-NAG/EW-2023/08,Synthetic scenario generated from material baselines and configured location/date factors,Synthetic - requires independent market verification,True,base_mid * location_factor * category_location_factor * date_factor
PRC-MA-NAG-00252,MAT-046,MOTORS,Motor,DC Fan Motor Scrap,DC fan / electronics cooling,ExportersIndia - Musa Traders,direct_range,https://www.exportersindia.com/musa-traders/copperscrap.htm,2026-09-05,DIRECT_RANGE,Motor rate varies heavily with copper content and whether dismantled.,Maharashtra,Nagpur,MIDC Hingna Industrial Area / Nandanvan,Tier 2,2026-07-15,11:00:00,per_kg,50.0,70.0,60.0,0.96,1.0,0.965,48,56,60,46,63,12,25.0,Stable,Configured motor-market scenario: stable.,Suritex E-Waste Recyclers Nagpur,MPCB/ROT-NAG/EW-2023/08,Synthetic scenario generated from material baselines and configured location/date factors,Synthetic - requires independent market verification,True,base_mid * location_factor * category_location_factor * date_factor
PRC-MA-NAG-00253,MAT-046,MOTORS,Motor,DC Fan Motor Scrap,DC fan / electronics cooling,ExportersIndia - Musa Traders,direct_range,https://www.exportersindia.com/musa-traders/copperscrap.htm,2026-09-05,DIRECT_RANGE,Motor rate varies heavily with copper content and whether dismantled.,Maharashtra,Nagpur,MIDC Hingna Industrial Area / Nandanvan,Tier 2,2026-08-01,11:00:00,per_kg,50.0,70.0,60.0,0.96,1.0,0.978,48,56,61,46,64,13,27.1,Stable,Configured motor-market scenario: stable.,Suritex E-Waste Recyclers Nagpur,MPCB/ROT-NAG/EW-2023/08,Synthetic scenario generated from material baselines and configured location/date factors,Synthetic - requires independent market verification,True,base_mid * location_factor * category_location_factor * date_factor
PRC-MA-NAG-00254,MAT-046,MOTORS,Motor,DC Fan Motor Scrap,DC fan / electronics cooling,ExportersIndia - Musa Traders,direct_range,https://www.exportersindia.com/musa-traders/copperscrap.htm,2026-09-05,DIRECT_RANGE,Motor rate varies heavily with copper content and whether dismantled.,Maharashtra,Nagpur,MIDC Hingna Industrial Area / Nandanvan,Tier 2,2026-08-15,11:00:00,per_kg,50.0,70.0,60.0,0.96,1.0,0.985,49,57,61,47,64,12,24.5,Stable,Configured motor-market scenario: stable.,Suritex E-Waste Recyclers Nagpur,MPCB/ROT-NAG/EW-2023/08,Synthetic scenario generated from material baselines and configured location/date factors,Synthetic - requires independent market verification,True,base_mid * location_factor * category_location_factor * date_factor
PRC-MA-NAG-00255,MAT-046,MOTORS,Motor,DC Fan Motor Scrap,DC fan / electronics cooling,ExportersIndia - Musa Traders,direct_range,https://www.exportersindia.com/musa-traders/copperscrap.htm,2026-09-05,DIRECT_RANGE,Motor rate varies heavily with copper content and whether dismantled.,Maharashtra,Nagpur,MIDC Hingna Industrial Area / Nandanvan,Tier 2,2026-09-01,11:00:00,per_kg,50.0,70.0,60.0,0.96,1.0,0.995,49,57,62,47,65,13,26.5,Stable,Configured motor-market scenario: stable.,Suritex E-Waste Recyclers Nagpur,MPCB/ROT-NAG/EW-2023/08,Synthetic scenario generated from material baselines and configured location/date factors,Synthetic - requires independent market verification,True,base_mid * location_factor * category_location_factor * date_factor
PRC-MA-NAG-00256,MAT-046,MOTORS,Motor,DC Fan Motor Scrap,DC fan / electronics cooling,ExportersIndia - Musa Traders,direct_range,https://www.exportersindia.com/musa-traders/copperscrap.htm,2026-09-05,DIRECT_RANGE,Motor rate varies heavily with copper content and whether dismantled.,Maharashtra,Nagpur,MIDC Hingna Industrial Area / Nandanvan,Tier 2,2026-09-05,10:30:00,per_kg,50.0,70.0,60.0,0.96,1.0,1.0,50,58,62,48,65,12,24.0,Stable,Configured motor-market scenario: stable.,Suritex E-Waste Recyclers Nagpur,MPCB/ROT-NAG/EW-2023/08,Synthetic scenario generated from material baselines and configured location/date factors,Synthetic - requires independent market verification,True,base_mid * location_factor * category_location_factor * date_factor
PRC-MA-NAG-00257,MAT-047,MOTORS,Motor,Ceiling Fan Motor Scrap,Ceiling fan,Justdial supplier listing,direct_range,https://www.justdial.com/jdmart/Ernakulam/Ceiling-Fan-Scrap/pid-2216994813/0484P484STD3000251,2026-09-05,DIRECT_RANGE,Motor rate varies heavily with copper content and whether dismantled.,Maharashtra,Nagpur,MIDC Hingna Industrial Area / Nandanvan,Tier 2,2026-07-15,11:00:00,per_kg,150.0,250.0,200.0,0.96,1.0,0.965,160,185,200,150,210,40,25.0,Stable,Configured motor-market scenario: stable.,Suritex E-Waste Recyclers Nagpur,MPCB/ROT-NAG/EW-2023/08,Synthetic scenario generated from material baselines and configured location/date factors,Synthetic - requires independent market verification,True,base_mid * location_factor * category_location_factor * date_factor
PRC-MA-NAG-00258,MAT-047,MOTORS,Motor,Ceiling Fan Motor Scrap,Ceiling fan,Justdial supplier listing,direct_range,https://www.justdial.com/jdmart/Ernakulam/Ceiling-Fan-Scrap/pid-2216994813/0484P484STD3000251,2026-09-05,DIRECT_RANGE,Motor rate varies heavily with copper content and whether dismantled.,Maharashtra,Nagpur,MIDC Hingna Industrial Area / Nandanvan,Tier 2,2026-08-01,11:00:00,per_kg,150.0,250.0,200.0,0.96,1.0,0.978,160,190,205,150,215,45,28.1,Stable,Configured motor-market scenario: stable.,Suritex E-Waste Recyclers Nagpur,MPCB/ROT-NAG/EW-2023/08,Synthetic scenario generated from material baselines and configured location/date factors,Synthetic - requires independent market verification,True,base_mid * location_factor * category_location_factor * date_factor
PRC-MA-NAG-00259,MAT-047,MOTORS,Motor,Ceiling Fan Motor Scrap,Ceiling fan,Justdial supplier listing,direct_range,https://www.justdial.com/jdmart/Ernakulam/Ceiling-Fan-Scrap/pid-2216994813/0484P484STD3000251,2026-09-05,DIRECT_RANGE,Motor rate varies heavily with copper content and whether dismantled.,Maharashtra,Nagpur,MIDC Hingna Industrial Area / Nandanvan,Tier 2,2026-08-15,11:00:00,per_kg,150.0,250.0,200.0,0.96,1.0,0.985,165,190,205,155,215,40,24.2,Stable,Configured motor-market scenario: stable.,Suritex E-Waste Recyclers Nagpur,MPCB/ROT-NAG/EW-2023/08,Synthetic scenario generated from material baselines and configured location/date factors,Synthetic - requires independent market verification,True,base_mid * location_factor * category_location_factor * date_factor
PRC-MA-NAG-00260,MAT-047,MOTORS,Motor,Ceiling Fan Motor Scrap,Ceiling fan,Justdial supplier listing,direct_range,https://www.justdial.com/jdmart/Ernakulam/Ceiling-Fan-Scrap/pid-2216994813/0484P484STD3000251,2026-09-05,DIRECT_RANGE,Motor rate varies heavily with copper content and whether dismantled.,Maharashtra,Nagpur,MIDC Hingna Industrial Area / Nandanvan,Tier 2,2026-09-01,11:00:00,per_kg,150.0,250.0,200.0,0.96,1.0,0.995,165,190,205,155,215,40,24.2,Stable,Configured motor-market scenario: stable.,Suritex E-Waste Recyclers Nagpur,MPCB/ROT-NAG/EW-2023/08,Synthetic scenario generated from material baselines and configured location/date factors,Synthetic - requires independent market verification,True,base_mid * location_factor * category_location_factor * date_factor
PRC-MA-NAG-00261,MAT-047,MOTORS,Motor,Ceiling Fan Motor Scrap,Ceiling fan,Justdial supplier listing,direct_range,https://www.justdial.com/jdmart/Ernakulam/Ceiling-Fan-Scrap/pid-2216994813/0484P484STD3000251,2026-09-05,DIRECT_RANGE,Motor rate varies heavily with copper content and whether dismantled.,Maharashtra,Nagpur,MIDC Hingna Industrial Area / Nandanvan,Tier 2,2026-09-05,10:30:00,per_kg,150.0,250.0,200.0,0.96,1.0,1.0,165,190,205,155,215,40,24.2,Stable,Configured motor-market scenario: stable.,Suritex E-Waste Recyclers Nagpur,MPCB/ROT-NAG/EW-2023/08,Synthetic scenario generated from material baselines and configured location/date factors,Synthetic - requires independent market verification,True,base_mid * location_factor * category_location_factor * date_factor
PRC-MA-NAG-00262,MAT-048,MOTORS,Motor,Small Appliance Motor,Mixer / pump / appliance,Kabadiwalla Uncle + Musa Traders,proxy_from_direct,https://www.kabadiwalla.in/cms-rates ; https://www.exportersindia.com/musa-traders/copperscrap.htm,2026-09-05,PROXY,Motor rate varies heavily with copper content and whether dismantled.,Maharashtra,Nagpur,MIDC Hingna Industrial Area / Nandanvan,Tier 2,2026-09-05,10:30:00,per_kg,38.0,70.0,54.0,0.96,1.0,1.0,45,52,56,43,59,11,24.4,Stable,Configured motor-market scenario: stable.,Suritex E-Waste Recyclers Nagpur,MPCB/ROT-NAG/EW-2023/08,Synthetic scenario generated from material baselines and configured location/date factors,Synthetic - requires independent market verification,True,base_mid * location_factor * category_location_factor * date_factor
PRC-MA-NAG-00263,MAT-049,MOTORS,Motor,Printer / Scanner Motor,Printer / scanner,Kabadiwalla Uncle + Musa Traders,proxy_from_direct,https://www.kabadiwalla.in/cms-rates ; https://www.exportersindia.com/musa-traders/copperscrap.htm,2026-09-05,PROXY,Motor rate varies heavily with copper content and whether dismantled.,Maharashtra,Nagpur,MIDC Hingna Industrial Area / Nandanvan,Tier 2,2026-09-05,10:30:00,per_kg,38.0,70.0,54.0,0.96,1.0,1.0,45,52,56,43,59,11,24.4,Stable,Configured motor-market scenario: stable.,Suritex E-Waste Recyclers Nagpur,MPCB/ROT-NAG/EW-2023/08,Synthetic scenario generated from material baselines and configured location/date factors,Synthetic - requires independent market verification,True,base_mid * location_factor * category_location_factor * date_factor
PRC-MA-NAG-00264,MAT-050,MOTORS,Motor,Large Copper-Wound Motor,Industrial / appliance motor,Scrap Savvy + fan-motor listing,proxy_from_direct,https://scrapsavvykabadiwala.com/scrap-rates-today-scrap-prices/ ; https://www.justdial.com/jdmart/Ernakulam/Ceiling-Fan-Scrap/pid-2216994813/0484P484STD3000251,2026-09-05,PROXY,Motor rate varies heavily with copper content and whether dismantled.,Maharashtra,Nagpur,MIDC Hingna Industrial Area / Nandanvan,Tier 2,2026-09-05,10:30:00,per_kg,55.0,150.0,102.5,0.96,1.0,1.0,85,98,105,81,110,20,23.5,Stable,Configured motor-market scenario: stable.,Suritex E-Waste Recyclers Nagpur,MPCB/ROT-NAG/EW-2023/08,Synthetic scenario generated from material baselines and configured location/date factors,Synthetic - requires independent market verification,True,base_mid * location_factor * category_location_factor * date_factor
PRC-MA-NAG-00265,MAT-051,PLASTICS,Mixed Plastic,ABS Plastic - Electronics Housing,Computer / appliance casing,TradeIndia,direct_range,https://www.tradeindia.com/products/abs-plastic-scraps-c1707904.html,2026-09-05,DIRECT_RANGE,Plastic resin identification materially changes value.,Maharashtra,Nagpur,MIDC Hingna Industrial Area / Nandanvan,Tier 2,2026-09-05,10:30:00,per_kg,30.0,40.0,35.0,0.96,1.0,1.0,29,34,36,28,38,7,24.1,Stable,Configured plastic-market scenario: stable.,Suritex E-Waste Recyclers Nagpur,MPCB/ROT-NAG/EW-2023/08,Synthetic scenario generated from material baselines and configured location/date factors,Synthetic - requires independent market verification,True,base_mid * location_factor * category_location_factor * date_factor
PRC-MA-NAG-00266,MAT-052,PLASTICS,Mixed Plastic,HDPE Plastic Scrap,Cable/accessory housings,Scrapprice India,direct,https://scrapprice.in/scrap-materials,2026-09-05,DIRECT,Plastic resin identification materially changes value.,Maharashtra,Nagpur,MIDC Hingna Industrial Area / Nandanvan,Tier 2,2026-09-05,10:30:00,per_kg,57.5,57.5,57.5,0.96,1.0,1.0,47,55,60,45,63,13,27.7,Stable,Configured plastic-market scenario: stable.,Suritex E-Waste Recyclers Nagpur,MPCB/ROT-NAG/EW-2023/08,Synthetic scenario generated from material baselines and configured location/date factors,Synthetic - requires independent market verification,True,base_mid * location_factor * category_location_factor * date_factor
PRC-MA-NAG-00267,MAT-053,PLASTICS,Mixed Plastic,PP Plastic Scrap,Electronics housings / parts,Scrapprice India,direct,https://scrapprice.in/scrap-materials,2026-09-05,DIRECT,Plastic resin identification materially changes value.,Maharashtra,Nagpur,MIDC Hingna Industrial Area / Nandanvan,Tier 2,2026-09-05,10:30:00,per_kg,77.83,77.83,77.83,0.96,1.0,1.0,64,75,81,61,85,17,26.6,Stable,Configured plastic-market scenario: stable.,Suritex E-Waste Recyclers Nagpur,MPCB/ROT-NAG/EW-2023/08,Synthetic scenario generated from material baselines and configured location/date factors,Synthetic - requires independent market verification,True,base_mid * location_factor * category_location_factor * date_factor
PRC-MA-NAG-00268,MAT-054,PLASTICS,Mixed Plastic,LDPE Plastic Scrap,Flexible electronic packaging / insulation,Scrapprice India,direct,https://scrapprice.in/scrap-materials,2026-09-05,DIRECT,Plastic resin identification materially changes value.,Maharashtra,Nagpur,MIDC Hingna Industrial Area / Nandanvan,Tier 2,2026-09-05,10:30:00,per_kg,83.0,83.0,83.0,0.96,1.0,1.0,69,80,86,66,90,17,24.6,Stable,Configured plastic-market scenario: stable.,Suritex E-Waste Recyclers Nagpur,MPCB/ROT-NAG/EW-2023/08,Synthetic scenario generated from material baselines and configured location/date factors,Synthetic - requires independent market verification,True,base_mid * location_factor * category_location_factor * date_factor
PRC-MA-NAG-00269,MAT-055,PLASTICS,Mixed Plastic,PVC Plastic Scrap,Cable insulation / housings,Scrapprice India,direct,https://scrapprice.in/scrap-materials,2026-09-05,DIRECT,Plastic resin identification materially changes value.,Maharashtra,Nagpur,MIDC Hingna Industrial Area / Nandanvan,Tier 2,2026-09-05,10:30:00,per_kg,22.2,22.2,22.2,0.96,1.0,1.0,18.3,21,23,17.4,24,4.7,25.7,Stable,Configured plastic-market scenario: stable.,Suritex E-Waste Recyclers Nagpur,MPCB/ROT-NAG/EW-2023/08,Synthetic scenario generated from material baselines and configured location/date factors,Synthetic - requires independent market verification,True,base_mid * location_factor * category_location_factor * date_factor
PRC-MA-NAG-00270,MAT-056,PLASTICS,Mixed Plastic,PET Plastic Scrap,Packaging / accessory plastics,Scrapprice India,direct,https://scrapprice.in/scrap-materials,2026-09-05,DIRECT,Plastic resin identification materially changes value.,Maharashtra,Nagpur,MIDC Hingna Industrial Area / Nandanvan,Tier 2,2026-09-05,10:30:00,per_kg,33.5,33.5,33.5,0.96,1.0,1.0,28,32,35,27,37,7,25.0,Stable,Configured plastic-market scenario: stable.,Suritex E-Waste Recyclers Nagpur,MPCB/ROT-NAG/EW-2023/08,Synthetic scenario generated from material baselines and configured location/date factors,Synthetic - requires independent market verification,True,base_mid * location_factor * category_location_factor * date_factor
PRC-MA-NAG-00271,MAT-057,PLASTICS,Mixed Plastic,Mixed Plastic - E-waste,Mixed electronic plastic,The Kabadiwala + Scrapprice India,direct_multi_source,https://www.thekabadiwala.com/scrap-rates/Bhopal ; https://scrapprice.in/scrap-materials,2026-09-05,DIRECT_RANGE,Plastic resin identification materially changes value.,Maharashtra,Nagpur,MIDC Hingna Industrial Area / Nandanvan,Tier 2,2026-09-05,10:30:00,per_kg,12.0,57.29,34.64,0.96,1.0,1.0,29,33,36,28,38,7,24.1,Stable,Configured plastic-market scenario: stable.,Suritex E-Waste Recyclers Nagpur,MPCB/ROT-NAG/EW-2023/08,Synthetic scenario generated from material baselines and configured location/date factors,Synthetic - requires independent market verification,True,base_mid * location_factor * category_location_factor * date_factor
PRC-MA-NAG-00272,MAT-058,MOBILE_TABLETS,Mobile Phone,Keypad Phone - Complete,Keypad phone,Scrap Savvy + Kabadiwala Online,direct_multi_source,https://scrapsavvykabadiwala.com/scrap-rates-today-scrap-prices/ ; https://kabadiwalaonline.com/secrap-rates/,2026-09-05,DIRECT_RANGE,"Complete-device pickup prices depend heavily on model, storage, condition and lock status.",Maharashtra,Nagpur,MIDC Hingna Industrial Area / Nandanvan,Tier 2,2026-09-05,10:30:00,per_piece,10.0,20.0,15.0,0.96,1.0,1.0,12.4,14.4,15.6,11.8,16.4,3.2,25.8,Stable,Configured synthetic market scenario.,Suritex E-Waste Recyclers Nagpur,MPCB/ROT-NAG/EW-2023/08,Synthetic scenario generated from material baselines and configured location/date factors,Synthetic - requires independent market verification,True,base_mid * location_factor * category_location_factor * date_factor
PRC-MA-NAG-00273,MAT-059,MOBILE_TABLETS,Mobile Phone,Smartphone - Generic Complete,Smartphone,Scrap Savvy + Kabadiwala Online,direct_multi_source,https://scrapsavvykabadiwala.com/scrap-rates-today-scrap-prices/ ; https://kabadiwalaonline.com/secrap-rates/,2026-09-05,DIRECT_RANGE,"Complete-device pickup prices depend heavily on model, storage, condition and lock status.",Maharashtra,Nagpur,MIDC Hingna Industrial Area / Nandanvan,Tier 2,2026-09-05,10:30:00,per_piece,20.0,60.0,40.0,0.96,1.0,1.0,33,38,41,31,43,8,24.2,Stable,Configured synthetic market scenario.,Suritex E-Waste Recyclers Nagpur,MPCB/ROT-NAG/EW-2023/08,Synthetic scenario generated from material baselines and configured location/date factors,Synthetic - requires independent market verification,True,base_mid * location_factor * category_location_factor * date_factor
PRC-MA-NAG-00274,MAT-060,MOBILE_TABLETS,Mobile Phone,Tablet - Generic Complete,Tablet,Kabadiwalla Uncle + Kabadiwala Online,direct_multi_source,https://www.kabadiwalla.in/cms-rates ; https://kabadiwalaonline.com/secrap-rates/,2026-09-05,DIRECT_RANGE,"Complete-device pickup prices depend heavily on model, storage, condition and lock status.",Maharashtra,Nagpur,MIDC Hingna Industrial Area / Nandanvan,Tier 2,2026-09-05,10:30:00,per_piece,30.0,60.0,45.0,0.96,1.0,1.0,37,43,47,35,49,10,27.0,Stable,Configured synthetic market scenario.,Suritex E-Waste Recyclers Nagpur,MPCB/ROT-NAG/EW-2023/08,Synthetic scenario generated from material baselines and configured location/date factors,Synthetic - requires independent market verification,True,base_mid * location_factor * category_location_factor * date_factor
PRC-MA-NAG-00275,MAT-061,MOBILE_TABLETS,Mobile Phone,Android Smartphone - 16GB,Smartphone,Scrap Mitra,direct,https://scrapmitra.com/,2026-09-05,DIRECT,"Complete-device pickup prices depend heavily on model, storage, condition and lock status.",Maharashtra,Nagpur,MIDC Hingna Industrial Area / Nandanvan,Tier 2,2026-09-05,10:30:00,per_piece,200.0,200.0,200.0,0.96,1.0,1.0,165,190,205,155,215,40,24.2,Stable,Configured synthetic market scenario.,Suritex E-Waste Recyclers Nagpur,MPCB/ROT-NAG/EW-2023/08,Synthetic scenario generated from material baselines and configured location/date factors,Synthetic - requires independent market verification,True,base_mid * location_factor * category_location_factor * date_factor
PRC-MA-NAG-00276,MAT-062,MOBILE_TABLETS,Mobile Phone,Android Smartphone - 32GB,Smartphone,Scrap Mitra,direct,https://scrapmitra.com/,2026-09-05,DIRECT,"Complete-device pickup prices depend heavily on model, storage, condition and lock status.",Maharashtra,Nagpur,MIDC Hingna Industrial Area / Nandanvan,Tier 2,2026-09-05,10:30:00,per_piece,400.0,400.0,400.0,0.96,1.0,1.0,330,385,415,315,435,85,25.8,Stable,Configured synthetic market scenario.,Suritex E-Waste Recyclers Nagpur,MPCB/ROT-NAG/EW-2023/08,Synthetic scenario generated from material baselines and configured location/date factors,Synthetic - requires independent market verification,True,base_mid * location_factor * category_location_factor * date_factor
PRC-MA-NAG-00277,MAT-063,MOBILE_TABLETS,Mobile Phone,Android Smartphone - 64GB,Smartphone,Scrap Mitra,direct,https://scrapmitra.com/,2026-09-05,DIRECT,"Complete-device pickup prices depend heavily on model, storage, condition and lock status.",Maharashtra,Nagpur,MIDC Hingna Industrial Area / Nandanvan,Tier 2,2026-09-05,10:30:00,per_piece,650.0,650.0,650.0,0.96,1.0,1.0,535,625,675,510,710,140,26.2,Stable,Configured synthetic market scenario.,Suritex E-Waste Recyclers Nagpur,MPCB/ROT-NAG/EW-2023/08,Synthetic scenario generated from material baselines and configured location/date factors,Synthetic - requires independent market verification,True,base_mid * location_factor * category_location_factor * date_factor
PRC-MA-NAG-00278,MAT-064,MOBILE_TABLETS,Mobile Phone,Android Smartphone - 128GB,Smartphone,Scrap Mitra,direct,https://scrapmitra.com/,2026-09-05,DIRECT,"Complete-device pickup prices depend heavily on model, storage, condition and lock status.",Maharashtra,Nagpur,MIDC Hingna Industrial Area / Nandanvan,Tier 2,2026-09-05,10:30:00,per_piece,1000.0,1000.0,1000.0,0.96,1.0,1.0,825,960,1050,785,1100,225,27.3,Stable,Configured synthetic market scenario.,Suritex E-Waste Recyclers Nagpur,MPCB/ROT-NAG/EW-2023/08,Synthetic scenario generated from material baselines and configured location/date factors,Synthetic - requires independent market verification,True,base_mid * location_factor * category_location_factor * date_factor
PRC-MA-NAG-00279,MAT-065,MOBILE_TABLETS,Mobile Phone,Android Smartphone - 256GB,Smartphone,Scrap Mitra,direct,https://scrapmitra.com/,2026-09-05,DIRECT,"Complete-device pickup prices depend heavily on model, storage, condition and lock status.",Maharashtra,Nagpur,MIDC Hingna Industrial Area / Nandanvan,Tier 2,2026-09-05,10:30:00,per_piece,2300.0,2300.0,2300.0,0.96,1.0,1.0,1900,2200,2400,1800,2500,500,26.3,Stable,Configured synthetic market scenario.,Suritex E-Waste Recyclers Nagpur,MPCB/ROT-NAG/EW-2023/08,Synthetic scenario generated from material baselines and configured location/date factors,Synthetic - requires independent market verification,True,base_mid * location_factor * category_location_factor * date_factor
PRC-DL-DEL-00280,MAT-001,CRT,CRT,CRT Monitor - Standard,Desktop computer,Scrappbazaar + Scrap Savvy,direct_multi_source,https://www.scrappbazaar.com/rates ; https://scrapsavvykabadiwala.com/scrap-rates-today-scrap-prices/,2026-09-05,DIRECT_RANGE,Current pickup listings show ~₹150-180/piece.,Delhi NCR,Delhi,Mayapuri Industrial Area Phase-II / Mandoli,Tier 1,2026-09-05,10:30:00,per_piece,150.0,180.0,165.0,1.04,1.0,1.0,150,170,185,140,195,35,23.3,Rising,Configured CRT-market scenario: rising.,Attero Recycling NCR Central Depot,CPCB/EPR-EW/2022/DL-001,Synthetic scenario generated from material baselines and configured location/date factors,Synthetic - requires independent market verification,True,base_mid * location_factor * category_location_factor * date_factor
PRC-DL-DEL-00281,MAT-002,CRT,CRT,CRT TV - Standard,Television,Scrappbazaar + Scrap Savvy,direct_multi_source,https://www.scrappbazaar.com/rates ; https://scrapsavvykabadiwala.com/scrap-rates-today-scrap-prices/,2026-09-05,DIRECT_RANGE,Current listings show ~₹150-200/piece.,Delhi NCR,Delhi,Mayapuri Industrial Area Phase-II / Mandoli,Tier 1,2026-09-05,10:30:00,per_piece,150.0,200.0,175.0,1.04,1.0,1.0,155,180,195,145,205,40,25.8,Rising,Configured CRT-market scenario: rising.,Attero Recycling NCR Central Depot,CPCB/EPR-EW/2022/DL-001,Synthetic scenario generated from material baselines and configured location/date factors,Synthetic - requires independent market verification,True,base_mid * location_factor * category_location_factor * date_factor
PRC-DL-DEL-00282,MAT-003,CRT,CRT,CRT TV - Small 14-17 inch,Television,The Kabadiwala + Kabadiwala Online,proxy_from_direct,https://www.thekabadiwala.com/scrap-rates/Bhopal ; https://kabadiwalaonline.com/secrap-rates/,2026-09-05,PROXY,Size-specific value inferred from current CRT TV/monitor pickup rates.,Delhi NCR,Delhi,Mayapuri Industrial Area Phase-II / Mandoli,Tier 1,2026-09-05,10:30:00,per_piece,100.0,160.0,130.0,1.04,1.0,1.0,115,135,145,110,150,30,26.1,Rising,Configured CRT-market scenario: rising.,Attero Recycling NCR Central Depot,CPCB/EPR-EW/2022/DL-001,Synthetic scenario generated from material baselines and configured location/date factors,Synthetic - requires independent market verification,True,base_mid * location_factor * category_location_factor * date_factor
PRC-DL-DEL-00283,MAT-004,CRT,CRT,CRT Monitor - 17 inch,Desktop computer,Kabadiwala Online + Scrap Savvy,direct_multi_source,https://kabadiwalaonline.com/secrap-rates/ ; https://scrapsavvykabadiwala.com/scrap-rates-today-scrap-prices/,2026-09-05,DIRECT_RANGE,Standard CRT monitor rate.,Delhi NCR,Delhi,Mayapuri Industrial Area Phase-II / Mandoli,Tier 1,2026-09-05,10:30:00,per_piece,150.0,180.0,165.0,1.04,1.0,1.0,150,170,185,140,195,35,23.3,Rising,Configured CRT-market scenario: rising.,Attero Recycling NCR Central Depot,CPCB/EPR-EW/2022/DL-001,Synthetic scenario generated from material baselines and configured location/date factors,Synthetic - requires independent market verification,True,base_mid * location_factor * category_location_factor * date_factor
PRC-DL-DEL-00284,MAT-005,CRT,CRT,CRT TV - Large 21 inch+,Television,Scrappbazaar + Kabadiwalla Uncle,proxy_from_direct,https://www.scrappbazaar.com/rates ; https://www.kabadiwalla.in/cms-rates,2026-09-05,PROXY,Large-size premium is a conservative proxy around current CRT TV listings.,Delhi NCR,Delhi,Mayapuri Industrial Area Phase-II / Mandoli,Tier 1,2026-09-05,10:30:00,per_piece,160.0,220.0,190.0,1.04,1.0,1.0,170,200,215,160,225,45,26.5,Rising,Configured CRT-market scenario: rising.,Attero Recycling NCR Central Depot,CPCB/EPR-EW/2022/DL-001,Synthetic scenario generated from material baselines and configured location/date factors,Synthetic - requires independent market verification,True,base_mid * location_factor * category_location_factor * date_factor
PRC-DL-DEL-00285,MAT-006,LCD_LED,LCD Panel,LCD Monitor,Desktop computer,Kabadiwalla Uncle + Kabadiwala Online,direct_multi_source,https://www.kabadiwalla.in/cms-rates ; https://kabadiwalaonline.com/secrap-rates/,2026-09-05,DIRECT_RANGE,Current LCD monitor listings: ₹25-30/kg.,Delhi NCR,Delhi,Mayapuri Industrial Area Phase-II / Mandoli,Tier 1,2026-09-05,10:30:00,per_kg,25.0,30.0,27.5,1.04,1.0,1.0,25,29,31,24,33,6,24.0,Rising,Configured LCD/LED-market scenario: rising.,Attero Recycling NCR Central Depot,CPCB/EPR-EW/2022/DL-001,Synthetic scenario generated from material baselines and configured location/date factors,Synthetic - requires independent market verification,True,base_mid * location_factor * category_location_factor * date_factor
PRC-DL-DEL-00286,MAT-007,LCD_LED,LCD Panel,TFT Monitor,Desktop computer,Scrap Savvy,direct,https://scrapsavvykabadiwala.com/scrap-rates-today-scrap-prices/,2026-09-05,DIRECT,Quoted ₹30/kg.,Delhi NCR,Delhi,Mayapuri Industrial Area Phase-II / Mandoli,Tier 1,2026-09-05,10:30:00,per_kg,30.0,30.0,30.0,1.04,1.0,1.0,27,31,34,26,36,7,25.9,Rising,Configured LCD/LED-market scenario: rising.,Attero Recycling NCR Central Depot,CPCB/EPR-EW/2022/DL-001,Synthetic scenario generated from material baselines and configured location/date factors,Synthetic - requires independent market verification,True,base_mid * location_factor * category_location_factor * date_factor
PRC-DL-DEL-00287,MAT-008,LCD_LED,LCD Panel,LCD TV Panel / Assembly,Television,Kabadiwala Online + MetalMandi,direct_multi_source,https://kabadiwalaonline.com/secrap-rates/ ; https://www.metalmandi.in/,2026-09-05,DIRECT_RANGE,LCD display quotes cluster around ₹20-30/kg.,Delhi NCR,Delhi,Mayapuri Industrial Area Phase-II / Mandoli,Tier 1,2026-09-05,10:30:00,per_kg,20.0,30.0,25.0,1.04,1.0,1.0,22,26,28,21,29,6,27.3,Rising,Configured LCD/LED-market scenario: rising.,Attero Recycling NCR Central Depot,CPCB/EPR-EW/2022/DL-001,Synthetic scenario generated from material baselines and configured location/date factors,Synthetic - requires independent market verification,True,base_mid * location_factor * category_location_factor * date_factor
PRC-DL-DEL-00288,MAT-009,LCD_LED,LCD Panel,LED TV Panel / Assembly,Television,Scrappbazaar + MetalMandi,direct_multi_source,https://www.scrappbazaar.com/rates ; https://www.metalmandi.in/,2026-09-05,DIRECT_RANGE,Current LED/LCD listings around ₹20-22/kg.,Delhi NCR,Delhi,Mayapuri Industrial Area Phase-II / Mandoli,Tier 1,2026-09-05,10:30:00,per_kg,20.0,22.0,21.0,1.04,1.0,1.0,18.8,22,24,17.9,25,5.2,27.7,Rising,Configured LCD/LED-market scenario: rising.,Attero Recycling NCR Central Depot,CPCB/EPR-EW/2022/DL-001,Synthetic scenario generated from material baselines and configured location/date factors,Synthetic - requires independent market verification,True,base_mid * location_factor * category_location_factor * date_factor
PRC-DL-DEL-00289,MAT-010,LCD_LED,LCD Panel,Broken LCD/LED Display Lot,TV / monitor,Scrap Savvy + Scrappbazaar,proxy_from_direct,https://scrapsavvykabadiwala.com/scrap-rates-today-scrap-prices/ ; https://www.scrappbazaar.com/rates,2026-09-05,PROXY,Lower-end proxy for broken mixed display assemblies.,Delhi NCR,Delhi,Mayapuri Industrial Area Phase-II / Mandoli,Tier 1,2026-09-05,10:30:00,per_kg,18.0,25.0,21.5,1.04,1.0,1.0,19.2,22,24,18.2,25,4.8,25.0,Rising,Configured LCD/LED-market scenario: rising.,Attero Recycling NCR Central Depot,CPCB/EPR-EW/2022/DL-001,Synthetic scenario generated from material baselines and configured location/date factors,Synthetic - requires independent market verification,True,base_mid * location_factor * category_location_factor * date_factor
PRC-DL-DEL-00290,MAT-011,LCD_LED,LCD Panel,LCD/LED Display - Mixed Scrap,TV / monitor,Kabadiwala Online + Kabadiwalla Uncle,direct_multi_source,https://kabadiwalaonline.com/secrap-rates/ ; https://www.kabadiwalla.in/cms-rates,2026-09-05,DIRECT_RANGE,Generic mixed display baseline.,Delhi NCR,Delhi,Mayapuri Industrial Area Phase-II / Mandoli,Tier 1,2026-09-05,10:30:00,per_kg,20.0,30.0,25.0,1.04,1.0,1.0,22,26,28,21,29,6,27.3,Rising,Configured LCD/LED-market scenario: rising.,Attero Recycling NCR Central Depot,CPCB/EPR-EW/2022/DL-001,Synthetic scenario generated from material baselines and configured location/date factors,Synthetic - requires independent market verification,True,base_mid * location_factor * category_location_factor * date_factor
PRC-DL-DEL-00291,MAT-012,PCB,PCB,Laptop PCB - China Chip,Laptop,MetalMandi,direct,https://www.metalmandi.in/,2026-09-05,DIRECT,"Current MetalMandi grade listing; use as a benchmark, not a guaranteed pickup quote.",Delhi NCR,Delhi,Mayapuri Industrial Area Phase-II / Mandoli,Tier 1,2026-09-05,10:30:00,per_kg,720.0,720.0,720.0,1.04,1.05,1.0,675,785,850,640,890,175,25.9,Rising,Configured PCB-market scenario: rising.,Attero Recycling NCR Central Depot,CPCB/EPR-EW/2022/DL-001,Synthetic scenario generated from material baselines and configured location/date factors,Synthetic - requires independent market verification,True,base_mid * location_factor * category_location_factor * date_factor
PRC-DL-DEL-00292,MAT-013,PCB,PCB,Laptop PCB - VGA Chip,Laptop,MetalMandi,direct,https://www.metalmandi.in/,2026-09-05,DIRECT,"Current MetalMandi grade listing; use as a benchmark, not a guaranteed pickup quote.",Delhi NCR,Delhi,Mayapuri Industrial Area Phase-II / Mandoli,Tier 1,2026-09-05,10:30:00,per_kg,810.0,810.0,810.0,1.04,1.05,1.0,760,885,955,720,1000,195,25.7,Rising,Configured PCB-market scenario: rising.,Attero Recycling NCR Central Depot,CPCB/EPR-EW/2022/DL-001,Synthetic scenario generated from material baselines and configured location/date factors,Synthetic - requires independent market verification,True,base_mid * location_factor * category_location_factor * date_factor
PRC-DL-DEL-00293,MAT-014,PCB,PCB,Laptop PCB - Server Board,Laptop / server,MetalMandi,direct,https://www.metalmandi.in/,2026-09-05,DIRECT,"Current MetalMandi grade listing; use as a benchmark, not a guaranteed pickup quote.",Delhi NCR,Delhi,Mayapuri Industrial Area Phase-II / Mandoli,Tier 1,2026-09-05,10:30:00,per_kg,1800.0,1800.0,1800.0,1.04,1.05,1.0,1700,1950,2100,1600,2200,400,23.5,Rising,Configured PCB-market scenario: rising.,Attero Recycling NCR Central Depot,CPCB/EPR-EW/2022/DL-001,Synthetic scenario generated from material baselines and configured location/date factors,Synthetic - requires independent market verification,True,base_mid * location_factor * category_location_factor * date_factor
PRC-DL-DEL-00294,MAT-015,PCB,PCB,Desktop PCB - China Chip,Desktop PC,MetalMandi,direct,https://www.metalmandi.in/,2026-09-05,DIRECT,"Current MetalMandi grade listing; use as a benchmark, not a guaranteed pickup quote.",Delhi NCR,Delhi,Mayapuri Industrial Area Phase-II / Mandoli,Tier 1,2026-09-05,10:30:00,per_kg,180.0,180.0,180.0,1.04,1.05,1.0,170,195,210,160,220,40,23.5,Rising,Configured PCB-market scenario: rising.,Attero Recycling NCR Central Depot,CPCB/EPR-EW/2022/DL-001,Synthetic scenario generated from material baselines and configured location/date factors,Synthetic - requires independent market verification,True,base_mid * location_factor * category_location_factor * date_factor
PRC-DL-DEL-00295,MAT-016,PCB,PCB,Desktop PCB - Single Chip,Desktop PC,MetalMandi,direct,https://www.metalmandi.in/,2026-09-05,DIRECT,"Current MetalMandi grade listing; use as a benchmark, not a guaranteed pickup quote.",Delhi NCR,Delhi,Mayapuri Industrial Area Phase-II / Mandoli,Tier 1,2026-09-05,10:30:00,per_kg,675.0,675.0,675.0,1.04,1.05,1.0,635,735,795,605,835,160,25.2,Rising,Configured PCB-market scenario: rising.,Attero Recycling NCR Central Depot,CPCB/EPR-EW/2022/DL-001,Synthetic scenario generated from material baselines and configured location/date factors,Synthetic - requires independent market verification,True,base_mid * location_factor * category_location_factor * date_factor
PRC-DL-DEL-00296,MAT-017,PCB,PCB,Desktop PCB - Double Chip,Desktop PC,MetalMandi,direct,https://www.metalmandi.in/,2026-09-05,DIRECT,"Current MetalMandi grade listing; use as a benchmark, not a guaranteed pickup quote.",Delhi NCR,Delhi,Mayapuri Industrial Area Phase-II / Mandoli,Tier 1,2026-09-05,10:30:00,per_kg,1125.0,1125.0,1125.0,1.04,1.05,1.0,1050,1250,1350,1000,1400,300,28.6,Rising,Configured PCB-market scenario: rising.,Attero Recycling NCR Central Depot,CPCB/EPR-EW/2022/DL-001,Synthetic scenario generated from material baselines and configured location/date factors,Synthetic - requires independent market verification,True,base_mid * location_factor * category_location_factor * date_factor
PRC-DL-DEL-00297,MAT-018,PCB,PCB,Set-top Box PCB - China Chip,Set-top box,MetalMandi,direct,https://www.metalmandi.in/,2026-09-05,DIRECT,"Current MetalMandi grade listing; use as a benchmark, not a guaranteed pickup quote.",Delhi NCR,Delhi,Mayapuri Industrial Area Phase-II / Mandoli,Tier 1,2026-09-05,10:30:00,per_kg,126.0,126.0,126.0,1.04,1.05,1.0,120,140,150,115,160,30,25.0,Rising,Configured PCB-market scenario: rising.,Attero Recycling NCR Central Depot,CPCB/EPR-EW/2022/DL-001,Synthetic scenario generated from material baselines and configured location/date factors,Synthetic - requires independent market verification,True,base_mid * location_factor * category_location_factor * date_factor
PRC-DL-DEL-00298,MAT-019,PCB,PCB,Set-top Box PCB - Black Chip,Set-top box,MetalMandi,direct,https://www.metalmandi.in/,2026-09-05,DIRECT,"Current MetalMandi grade listing; use as a benchmark, not a guaranteed pickup quote.",Delhi NCR,Delhi,Mayapuri Industrial Area Phase-II / Mandoli,Tier 1,2026-09-05,10:30:00,per_kg,189.0,189.0,189.0,1.04,1.05,1.0,175,205,225,165,235,50,28.6,Rising,Configured PCB-market scenario: rising.,Attero Recycling NCR Central Depot,CPCB/EPR-EW/2022/DL-001,Synthetic scenario generated from material baselines and configured location/date factors,Synthetic - requires independent market verification,True,base_mid * location_factor * category_location_factor * date_factor
PRC-DL-DEL-00299,MAT-020,PCB,PCB,Set-top Box PCB - VGA Chip,Set-top box,MetalMandi,direct,https://www.metalmandi.in/,2026-09-05,DIRECT,"Current MetalMandi grade listing; use as a benchmark, not a guaranteed pickup quote.",Delhi NCR,Delhi,Mayapuri Industrial Area Phase-II / Mandoli,Tier 1,2026-09-05,10:30:00,per_kg,252.0,252.0,252.0,1.04,1.05,1.0,235,275,295,225,310,60,25.5,Rising,Configured PCB-market scenario: rising.,Attero Recycling NCR Central Depot,CPCB/EPR-EW/2022/DL-001,Synthetic scenario generated from material baselines and configured location/date factors,Synthetic - requires independent market verification,True,base_mid * location_factor * category_location_factor * date_factor
PRC-DL-DEL-00300,MAT-021,PCB,PCB,Set-top Box PCB - Combo Chip,Set-top box,MetalMandi,direct,https://www.metalmandi.in/,2026-09-05,DIRECT,"Current MetalMandi grade listing; use as a benchmark, not a guaranteed pickup quote.",Delhi NCR,Delhi,Mayapuri Industrial Area Phase-II / Mandoli,Tier 1,2026-09-05,10:30:00,per_kg,315.0,315.0,315.0,1.04,1.05,1.0,295,345,370,280,390,75,25.4,Rising,Configured PCB-market scenario: rising.,Attero Recycling NCR Central Depot,CPCB/EPR-EW/2022/DL-001,Synthetic scenario generated from material baselines and configured location/date factors,Synthetic - requires independent market verification,True,base_mid * location_factor * category_location_factor * date_factor
PRC-DL-DEL-00301,MAT-022,PCB,PCB,Keypad Phone PCB - Branded,Keypad phone,MetalMandi,direct,https://www.metalmandi.in/,2026-09-05,DIRECT,"Current MetalMandi grade listing; use as a benchmark, not a guaranteed pickup quote.",Delhi NCR,Delhi,Mayapuri Industrial Area Phase-II / Mandoli,Tier 1,2026-09-05,10:30:00,per_kg,113.0,113.0,113.0,1.04,1.05,1.0,105,125,135,100,140,30,28.6,Rising,Configured PCB-market scenario: rising.,Attero Recycling NCR Central Depot,CPCB/EPR-EW/2022/DL-001,Synthetic scenario generated from material baselines and configured location/date factors,Synthetic - requires independent market verification,True,base_mid * location_factor * category_location_factor * date_factor
PRC-DL-DEL-00302,MAT-023,PCB,PCB,Keypad Phone PCB - China,Keypad phone,MetalMandi,direct,https://www.metalmandi.in/,2026-09-05,DIRECT,"Current MetalMandi grade listing; use as a benchmark, not a guaranteed pickup quote.",Delhi NCR,Delhi,Mayapuri Industrial Area Phase-II / Mandoli,Tier 1,2026-09-05,10:30:00,per_kg,38.0,38.0,38.0,1.04,1.05,1.0,36,41,45,34,47,9,25.0,Rising,Configured PCB-market scenario: rising.,Attero Recycling NCR Central Depot,CPCB/EPR-EW/2022/DL-001,Synthetic scenario generated from material baselines and configured location/date factors,Synthetic - requires independent market verification,True,base_mid * location_factor * category_location_factor * date_factor
PRC-DL-DEL-00303,MAT-024,PCB,PCB,Smartphone PCB - 8GB Grade,Smartphone,MetalMandi,direct,https://www.metalmandi.in/,2026-09-05,DIRECT,"Current MetalMandi grade listing; use as a benchmark, not a guaranteed pickup quote.",Delhi NCR,Delhi,Mayapuri Industrial Area Phase-II / Mandoli,Tier 1,2026-09-05,10:30:00,per_kg,420.0,420.0,420.0,1.04,1.05,1.0,395,460,495,375,520,100,25.3,Rising,Configured PCB-market scenario: rising.,Attero Recycling NCR Central Depot,CPCB/EPR-EW/2022/DL-001,Synthetic scenario generated from material baselines and configured location/date factors,Synthetic - requires independent market verification,True,base_mid * location_factor * category_location_factor * date_factor
PRC-DL-DEL-00304,MAT-025,PCB,PCB,Smartphone PCB - 128GB Grade,Smartphone,MetalMandi,direct,https://www.metalmandi.in/,2026-09-05,DIRECT,"Current MetalMandi grade listing; use as a benchmark, not a guaranteed pickup quote.",Delhi NCR,Delhi,Mayapuri Industrial Area Phase-II / Mandoli,Tier 1,2026-09-05,10:30:00,per_kg,1260.0,1260.0,1260.0,1.04,1.05,1.0,1200,1400,1500,1150,1600,300,25.0,Rising,Configured PCB-market scenario: rising.,Attero Recycling NCR Central Depot,CPCB/EPR-EW/2022/DL-001,Synthetic scenario generated from material baselines and configured location/date factors,Synthetic - requires independent market verification,True,base_mid * location_factor * category_location_factor * date_factor
PRC-DL-DEL-00305,MAT-026,PCB,PCB,Smartphone PCB - 256GB Grade,Smartphone,MetalMandi,direct,https://www.metalmandi.in/,2026-09-05,DIRECT,"Current MetalMandi grade listing; use as a benchmark, not a guaranteed pickup quote.",Delhi NCR,Delhi,Mayapuri Industrial Area Phase-II / Mandoli,Tier 1,2026-09-05,10:30:00,per_kg,1960.0,1960.0,1960.0,1.04,1.05,1.0,1850,2150,2300,1750,2400,450,24.3,Rising,Configured PCB-market scenario: rising.,Attero Recycling NCR Central Depot,CPCB/EPR-EW/2022/DL-001,Synthetic scenario generated from material baselines and configured location/date factors,Synthetic - requires independent market verification,True,base_mid * location_factor * category_location_factor * date_factor
PRC-DL-DEL-00306,MAT-027,PCB,PCB,Mixed Motherboard Scrap,Desktop / laptop,TradeIndia Ghaziabad listings,direct_range,https://www.tradeindia.com/ghaziabad/motherboard-scrap-city-193475.html,2026-09-05,DIRECT_RANGE,Current listings show roughly ₹360-500/kg for motherboard scrap.,Delhi NCR,Delhi,Mayapuri Industrial Area Phase-II / Mandoli,Tier 1,2026-07-15,11:00:00,per_kg,360.0,500.0,430.0,1.04,1.05,0.965,390,455,490,370,515,100,25.6,Rising,Configured PCB-market scenario: rising.,Attero Recycling NCR Central Depot,CPCB/EPR-EW/2022/DL-001,Synthetic scenario generated from material baselines and configured location/date factors,Synthetic - requires independent market verification,True,base_mid * location_factor * category_location_factor * date_factor
PRC-DL-DEL-00307,MAT-027,PCB,PCB,Mixed Motherboard Scrap,Desktop / laptop,TradeIndia Ghaziabad listings,direct_range,https://www.tradeindia.com/ghaziabad/motherboard-scrap-city-193475.html,2026-09-05,DIRECT_RANGE,Current listings show roughly ₹360-500/kg for motherboard scrap.,Delhi NCR,Delhi,Mayapuri Industrial Area Phase-II / Mandoli,Tier 1,2026-08-01,11:00:00,per_kg,360.0,500.0,430.0,1.04,1.05,0.978,395,460,495,375,520,100,25.3,Rising,Configured PCB-market scenario: rising.,Attero Recycling NCR Central Depot,CPCB/EPR-EW/2022/DL-001,Synthetic scenario generated from material baselines and configured location/date factors,Synthetic - requires independent market verification,True,base_mid * location_factor * category_location_factor * date_factor
PRC-DL-DEL-00308,MAT-027,PCB,PCB,Mixed Motherboard Scrap,Desktop / laptop,TradeIndia Ghaziabad listings,direct_range,https://www.tradeindia.com/ghaziabad/motherboard-scrap-city-193475.html,2026-09-05,DIRECT_RANGE,Current listings show roughly ₹360-500/kg for motherboard scrap.,Delhi NCR,Delhi,Mayapuri Industrial Area Phase-II / Mandoli,Tier 1,2026-08-15,11:00:00,per_kg,360.0,500.0,430.0,1.04,1.05,0.985,400,465,500,380,525,100,25.0,Rising,Configured PCB-market scenario: rising.,Attero Recycling NCR Central Depot,CPCB/EPR-EW/2022/DL-001,Synthetic scenario generated from material baselines and configured location/date factors,Synthetic - requires independent market verification,True,base_mid * location_factor * category_location_factor * date_factor
PRC-DL-DEL-00309,MAT-027,PCB,PCB,Mixed Motherboard Scrap,Desktop / laptop,TradeIndia Ghaziabad listings,direct_range,https://www.tradeindia.com/ghaziabad/motherboard-scrap-city-193475.html,2026-09-05,DIRECT_RANGE,Current listings show roughly ₹360-500/kg for motherboard scrap.,Delhi NCR,Delhi,Mayapuri Industrial Area Phase-II / Mandoli,Tier 1,2026-09-01,11:00:00,per_kg,360.0,500.0,430.0,1.04,1.05,0.995,400,465,505,380,530,105,26.2,Rising,Configured PCB-market scenario: rising.,Attero Recycling NCR Central Depot,CPCB/EPR-EW/2022/DL-001,Synthetic scenario generated from material baselines and configured location/date factors,Synthetic - requires independent market verification,True,base_mid * location_factor * category_location_factor * date_factor
PRC-DL-DEL-00310,MAT-027,PCB,PCB,Mixed Motherboard Scrap,Desktop / laptop,TradeIndia Ghaziabad listings,direct_range,https://www.tradeindia.com/ghaziabad/motherboard-scrap-city-193475.html,2026-09-05,DIRECT_RANGE,Current listings show roughly ₹360-500/kg for motherboard scrap.,Delhi NCR,Delhi,Mayapuri Industrial Area Phase-II / Mandoli,Tier 1,2026-09-05,10:30:00,per_kg,360.0,500.0,430.0,1.04,1.05,1.0,405,470,505,385,530,100,24.7,Rising,Configured PCB-market scenario: rising.,Attero Recycling NCR Central Depot,CPCB/EPR-EW/2022/DL-001,Synthetic scenario generated from material baselines and configured location/date factors,Synthetic - requires independent market verification,True,base_mid * location_factor * category_location_factor * date_factor
PRC-DL-DEL-00311,MAT-028,CABLES_WIRES,Cable,Bare Bright Copper Wire,Electrical/electronic wiring,BIN 2026 guide,direct_range,https://joinbin.com/scrap-rate-copper-india,2026-09-05,DIRECT_RANGE,Grade and copper recovery strongly affect actual offer.,Delhi NCR,Delhi,Mayapuri Industrial Area Phase-II / Mandoli,Tier 1,2026-07-15,11:00:00,per_kg,650.0,700.0,675.0,1.04,1.0,0.965,585,675,730,555,765,145,24.8,Rising,Configured cable-market scenario: rising.,Attero Recycling NCR Central Depot,CPCB/EPR-EW/2022/DL-001,Synthetic scenario generated from material baselines and configured location/date factors,Synthetic - requires independent market verification,True,base_mid * location_factor * category_location_factor * date_factor
PRC-DL-DEL-00312,MAT-028,CABLES_WIRES,Cable,Bare Bright Copper Wire,Electrical/electronic wiring,BIN 2026 guide,direct_range,https://joinbin.com/scrap-rate-copper-india,2026-09-05,DIRECT_RANGE,Grade and copper recovery strongly affect actual offer.,Delhi NCR,Delhi,Mayapuri Industrial Area Phase-II / Mandoli,Tier 1,2026-08-01,11:00:00,per_kg,650.0,700.0,675.0,1.04,1.0,0.978,590,685,740,560,775,150,25.4,Rising,Configured cable-market scenario: rising.,Attero Recycling NCR Central Depot,CPCB/EPR-EW/2022/DL-001,Synthetic scenario generated from material baselines and configured location/date factors,Synthetic - requires independent market verification,True,base_mid * location_factor * category_location_factor * date_factor
PRC-DL-DEL-00313,MAT-028,CABLES_WIRES,Cable,Bare Bright Copper Wire,Electrical/electronic wiring,BIN 2026 guide,direct_range,https://joinbin.com/scrap-rate-copper-india,2026-09-05,DIRECT_RANGE,Grade and copper recovery strongly affect actual offer.,Delhi NCR,Delhi,Mayapuri Industrial Area Phase-II / Mandoli,Tier 1,2026-08-15,11:00:00,per_kg,650.0,700.0,675.0,1.04,1.0,0.985,595,690,745,565,780,150,25.2,Rising,Configured cable-market scenario: rising.,Attero Recycling NCR Central Depot,CPCB/EPR-EW/2022/DL-001,Synthetic scenario generated from material baselines and configured location/date factors,Synthetic - requires independent market verification,True,base_mid * location_factor * category_location_factor * date_factor
PRC-DL-DEL-00314,MAT-028,CABLES_WIRES,Cable,Bare Bright Copper Wire,Electrical/electronic wiring,BIN 2026 guide,direct_range,https://joinbin.com/scrap-rate-copper-india,2026-09-05,DIRECT_RANGE,Grade and copper recovery strongly affect actual offer.,Delhi NCR,Delhi,Mayapuri Industrial Area Phase-II / Mandoli,Tier 1,2026-09-01,11:00:00,per_kg,650.0,700.0,675.0,1.04,1.0,0.995,600,700,755,570,795,155,25.8,Rising,Configured cable-market scenario: rising.,Attero Recycling NCR Central Depot,CPCB/EPR-EW/2022/DL-001,Synthetic scenario generated from material baselines and configured location/date factors,Synthetic - requires independent market verification,True,base_mid * location_factor * category_location_factor * date_factor
PRC-DL-DEL-00315,MAT-028,CABLES_WIRES,Cable,Bare Bright Copper Wire,Electrical/electronic wiring,BIN 2026 guide,direct_range,https://joinbin.com/scrap-rate-copper-india,2026-09-05,DIRECT_RANGE,Grade and copper recovery strongly affect actual offer.,Delhi NCR,Delhi,Mayapuri Industrial Area Phase-II / Mandoli,Tier 1,2026-09-05,10:30:00,per_kg,650.0,700.0,675.0,1.04,1.0,1.0,605,700,760,575,800,155,25.6,Rising,Configured cable-market scenario: rising.,Attero Recycling NCR Central Depot,CPCB/EPR-EW/2022/DL-001,Synthetic scenario generated from material baselines and configured location/date factors,Synthetic - requires independent market verification,True,base_mid * location_factor * category_location_factor * date_factor
PRC-DL-DEL-00316,MAT-029,CABLES_WIRES,Cable,#1 Clean Copper Wire,Electrical/electronic wiring,BIN 2026 guide,direct_range,https://joinbin.com/scrap-rate-copper-india,2026-09-05,DIRECT_RANGE,Grade and copper recovery strongly affect actual offer.,Delhi NCR,Delhi,Mayapuri Industrial Area Phase-II / Mandoli,Tier 1,2026-09-05,10:30:00,per_kg,620.0,680.0,650.0,1.04,1.0,1.0,580,675,730,550,765,150,25.9,Rising,Configured cable-market scenario: rising.,Attero Recycling NCR Central Depot,CPCB/EPR-EW/2022/DL-001,Synthetic scenario generated from material baselines and configured location/date factors,Synthetic - requires independent market verification,True,base_mid * location_factor * category_location_factor * date_factor
PRC-DL-DEL-00317,MAT-030,CABLES_WIRES,Cable,#2 Mixed Copper Wire,Electrical/electronic wiring,BIN 2026 guide,direct_range,https://joinbin.com/scrap-rate-copper-india,2026-09-05,DIRECT_RANGE,Grade and copper recovery strongly affect actual offer.,Delhi NCR,Delhi,Mayapuri Industrial Area Phase-II / Mandoli,Tier 1,2026-09-05,10:30:00,per_kg,550.0,620.0,585.0,1.04,1.0,1.0,525,610,655,500,690,130,24.8,Rising,Configured cable-market scenario: rising.,Attero Recycling NCR Central Depot,CPCB/EPR-EW/2022/DL-001,Synthetic scenario generated from material baselines and configured location/date factors,Synthetic - requires independent market verification,True,base_mid * location_factor * category_location_factor * date_factor
PRC-DL-DEL-00318,MAT-031,CABLES_WIRES,Cable,Insulated Copper Wire,Power/data cable,BIN 2026 guide,direct_range,https://joinbin.com/scrap-rate-copper-india,2026-09-05,DIRECT_RANGE,Grade and copper recovery strongly affect actual offer.,Delhi NCR,Delhi,Mayapuri Industrial Area Phase-II / Mandoli,Tier 1,2026-07-15,11:00:00,per_kg,350.0,500.0,425.0,1.04,1.0,0.965,365,425,460,345,485,95,26.0,Rising,Configured cable-market scenario: rising.,Attero Recycling NCR Central Depot,CPCB/EPR-EW/2022/DL-001,Synthetic scenario generated from material baselines and configured location/date factors,Synthetic - requires independent market verification,True,base_mid * location_factor * category_location_factor * date_factor
PRC-DL-DEL-00319,MAT-031,CABLES_WIRES,Cable,Insulated Copper Wire,Power/data cable,BIN 2026 guide,direct_range,https://joinbin.com/scrap-rate-copper-india,2026-09-05,DIRECT_RANGE,Grade and copper recovery strongly affect actual offer.,Delhi NCR,Delhi,Mayapuri Industrial Area Phase-II / Mandoli,Tier 1,2026-08-01,11:00:00,per_kg,350.0,500.0,425.0,1.04,1.0,0.978,370,430,465,350,490,95,25.7,Rising,Configured cable-market scenario: rising.,Attero Recycling NCR Central Depot,CPCB/EPR-EW/2022/DL-001,Synthetic scenario generated from material baselines and configured location/date factors,Synthetic - requires independent market verification,True,base_mid * location_factor * category_location_factor * date_factor
PRC-DL-DEL-00320,MAT-031,CABLES_WIRES,Cable,Insulated Copper Wire,Power/data cable,BIN 2026 guide,direct_range,https://joinbin.com/scrap-rate-copper-india,2026-09-05,DIRECT_RANGE,Grade and copper recovery strongly affect actual offer.,Delhi NCR,Delhi,Mayapuri Industrial Area Phase-II / Mandoli,Tier 1,2026-08-15,11:00:00,per_kg,350.0,500.0,425.0,1.04,1.0,0.985,375,435,470,355,495,95,25.3,Rising,Configured cable-market scenario: rising.,Attero Recycling NCR Central Depot,CPCB/EPR-EW/2022/DL-001,Synthetic scenario generated from material baselines and configured location/date factors,Synthetic - requires independent market verification,True,base_mid * location_factor * category_location_factor * date_factor
PRC-DL-DEL-00321,MAT-031,CABLES_WIRES,Cable,Insulated Copper Wire,Power/data cable,BIN 2026 guide,direct_range,https://joinbin.com/scrap-rate-copper-india,2026-09-05,DIRECT_RANGE,Grade and copper recovery strongly affect actual offer.,Delhi NCR,Delhi,Mayapuri Industrial Area Phase-II / Mandoli,Tier 1,2026-09-01,11:00:00,per_kg,350.0,500.0,425.0,1.04,1.0,0.995,380,440,475,360,500,95,25.0,Rising,Configured cable-market scenario: rising.,Attero Recycling NCR Central Depot,CPCB/EPR-EW/2022/DL-001,Synthetic scenario generated from material baselines and configured location/date factors,Synthetic - requires independent market verification,True,base_mid * location_factor * category_location_factor * date_factor
PRC-DL-DEL-00322,MAT-031,CABLES_WIRES,Cable,Insulated Copper Wire,Power/data cable,BIN 2026 guide,direct_range,https://joinbin.com/scrap-rate-copper-india,2026-09-05,DIRECT_RANGE,Grade and copper recovery strongly affect actual offer.,Delhi NCR,Delhi,Mayapuri Industrial Area Phase-II / Mandoli,Tier 1,2026-09-05,10:30:00,per_kg,350.0,500.0,425.0,1.04,1.0,1.0,380,440,475,360,500,95,25.0,Rising,Configured cable-market scenario: rising.,Attero Recycling NCR Central Depot,CPCB/EPR-EW/2022/DL-001,Synthetic scenario generated from material baselines and configured location/date factors,Synthetic - requires independent market verification,True,base_mid * location_factor * category_location_factor * date_factor
PRC-DL-DEL-00323,MAT-032,CABLES_WIRES,Cable,Copper Motor Winding Wire,Motor / fan winding,Scrapyard India,direct_range,https://www.scrapyard.co.in/copper-scrap-rates-india,2026-09-05,DIRECT_RANGE,Grade and copper recovery strongly affect actual offer.,Delhi NCR,Delhi,Mayapuri Industrial Area Phase-II / Mandoli,Tier 1,2026-09-05,10:30:00,per_kg,420.0,450.0,435.0,1.04,1.0,1.0,390,450,490,370,515,100,25.6,Rising,Configured cable-market scenario: rising.,Attero Recycling NCR Central Depot,CPCB/EPR-EW/2022/DL-001,Synthetic scenario generated from material baselines and configured location/date factors,Synthetic - requires independent market verification,True,base_mid * location_factor * category_location_factor * date_factor
PRC-DL-DEL-00324,MAT-033,CABLES_WIRES,Cable,Copper Transformer Winding,Transformer / PSU,Scrapyard India,direct_range,https://www.scrapyard.co.in/copper-scrap-rates-india,2026-09-05,DIRECT_RANGE,Grade and copper recovery strongly affect actual offer.,Delhi NCR,Delhi,Mayapuri Industrial Area Phase-II / Mandoli,Tier 1,2026-09-05,10:30:00,per_kg,380.0,420.0,400.0,1.04,1.0,1.0,360,415,450,340,470,90,25.0,Rising,Configured cable-market scenario: rising.,Attero Recycling NCR Central Depot,CPCB/EPR-EW/2022/DL-001,Synthetic scenario generated from material baselines and configured location/date factors,Synthetic - requires independent market verification,True,base_mid * location_factor * category_location_factor * date_factor
PRC-DL-DEL-00325,MAT-034,CABLES_WIRES,Cable,Copper Cable Scrap - High Grade,Power cable,ExportersIndia,direct_range,https://www.exportersindia.com/indian-suppliers/copper-cable-scrap.htm,2026-09-05,DIRECT_RANGE,Grade and copper recovery strongly affect actual offer.,Delhi NCR,Delhi,Mayapuri Industrial Area Phase-II / Mandoli,Tier 1,2026-09-05,10:30:00,per_kg,650.0,775.0,712.5,1.04,1.0,1.0,635,740,800,605,840,165,26.0,Rising,Configured cable-market scenario: rising.,Attero Recycling NCR Central Depot,CPCB/EPR-EW/2022/DL-001,Synthetic scenario generated from material baselines and configured location/date factors,Synthetic - requires independent market verification,True,base_mid * location_factor * category_location_factor * date_factor
PRC-DL-DEL-00326,MAT-035,CABLES_WIRES,Cable,Mixed Low-Grade Electronic Cable,Chargers / data cables,TradeIndia + Scrapyard India,proxy_from_direct,https://www.tradeindia.com/products/icw-insulated-copper-wire-scrap-9932932.html ; https://www.scrapyard.co.in/copper-scrap-rates-india,2026-09-05,PROXY,Grade and copper recovery strongly affect actual offer.,Delhi NCR,Delhi,Mayapuri Industrial Area Phase-II / Mandoli,Tier 1,2026-09-05,10:30:00,per_kg,250.0,390.0,320.0,1.04,1.0,1.0,285,335,360,270,380,75,26.3,Rising,Configured cable-market scenario: rising.,Attero Recycling NCR Central Depot,CPCB/EPR-EW/2022/DL-001,Synthetic scenario generated from material baselines and configured location/date factors,Synthetic - requires independent market verification,True,base_mid * location_factor * category_location_factor * date_factor
PRC-DL-DEL-00327,MAT-036,BATTERIES,Battery,Car Lead-Acid Battery,Car / automotive,ScrapTech,direct,https://scraptechindia.com/,2026-09-05,DIRECT,Battery chemistry must be known before using a specific chemistry rate.,Delhi NCR,Delhi,Mayapuri Industrial Area Phase-II / Mandoli,Tier 1,2026-07-15,11:00:00,per_kg,125.0,125.0,125.0,1.04,1.04,0.965,110,130,140,105,145,30,27.3,Rising,Configured battery-market scenario: rising.,Attero Recycling NCR Central Depot,CPCB/EPR-EW/2022/DL-001,Synthetic scenario generated from material baselines and configured location/date factors,Synthetic - requires independent market verification,True,base_mid * location_factor * category_location_factor * date_factor
PRC-DL-DEL-00328,MAT-036,BATTERIES,Battery,Car Lead-Acid Battery,Car / automotive,ScrapTech,direct,https://scraptechindia.com/,2026-09-05,DIRECT,Battery chemistry must be known before using a specific chemistry rate.,Delhi NCR,Delhi,Mayapuri Industrial Area Phase-II / Mandoli,Tier 1,2026-08-01,11:00:00,per_kg,125.0,125.0,125.0,1.04,1.04,0.978,115,130,145,110,150,30,26.1,Rising,Configured battery-market scenario: rising.,Attero Recycling NCR Central Depot,CPCB/EPR-EW/2022/DL-001,Synthetic scenario generated from material baselines and configured location/date factors,Synthetic - requires independent market verification,True,base_mid * location_factor * category_location_factor * date_factor
PRC-DL-DEL-00329,MAT-036,BATTERIES,Battery,Car Lead-Acid Battery,Car / automotive,ScrapTech,direct,https://scraptechindia.com/,2026-09-05,DIRECT,Battery chemistry must be known before using a specific chemistry rate.,Delhi NCR,Delhi,Mayapuri Industrial Area Phase-II / Mandoli,Tier 1,2026-08-15,11:00:00,per_kg,125.0,125.0,125.0,1.04,1.04,0.985,115,135,145,110,150,30,26.1,Rising,Configured battery-market scenario: rising.,Attero Recycling NCR Central Depot,CPCB/EPR-EW/2022/DL-001,Synthetic scenario generated from material baselines and configured location/date factors,Synthetic - requires independent market verification,True,base_mid * location_factor * category_location_factor * date_factor
PRC-DL-DEL-00330,MAT-036,BATTERIES,Battery,Car Lead-Acid Battery,Car / automotive,ScrapTech,direct,https://scraptechindia.com/,2026-09-05,DIRECT,Battery chemistry must be known before using a specific chemistry rate.,Delhi NCR,Delhi,Mayapuri Industrial Area Phase-II / Mandoli,Tier 1,2026-09-01,11:00:00,per_kg,125.0,125.0,125.0,1.04,1.04,0.995,115,135,145,110,150,30,26.1,Rising,Configured battery-market scenario: rising.,Attero Recycling NCR Central Depot,CPCB/EPR-EW/2022/DL-001,Synthetic scenario generated from material baselines and configured location/date factors,Synthetic - requires independent market verification,True,base_mid * location_factor * category_location_factor * date_factor
PRC-DL-DEL-00331,MAT-036,BATTERIES,Battery,Car Lead-Acid Battery,Car / automotive,ScrapTech,direct,https://scraptechindia.com/,2026-09-05,DIRECT,Battery chemistry must be known before using a specific chemistry rate.,Delhi NCR,Delhi,Mayapuri Industrial Area Phase-II / Mandoli,Tier 1,2026-09-05,10:30:00,per_kg,125.0,125.0,125.0,1.04,1.04,1.0,115,135,145,110,150,30,26.1,Rising,Configured battery-market scenario: rising.,Attero Recycling NCR Central Depot,CPCB/EPR-EW/2022/DL-001,Synthetic scenario generated from material baselines and configured location/date factors,Synthetic - requires independent market verification,True,base_mid * location_factor * category_location_factor * date_factor
PRC-DL-DEL-00332,MAT-037,BATTERIES,Battery,Inverter Battery,Home inverter,The Kabadiwala + ScrapTech,direct_multi_source,https://www.thekabadiwala.com/scrap-rates/Bhopal ; https://scraptechindia.com/,2026-09-05,DIRECT_RANGE,Battery chemistry must be known before using a specific chemistry rate.,Delhi NCR,Delhi,Mayapuri Industrial Area Phase-II / Mandoli,Tier 1,2026-07-15,11:00:00,per_kg,80.0,110.0,95.0,1.04,1.04,0.965,85,99,105,81,110,20,23.5,Rising,Configured battery-market scenario: rising.,Attero Recycling NCR Central Depot,CPCB/EPR-EW/2022/DL-001,Synthetic scenario generated from material baselines and configured location/date factors,Synthetic - requires independent market verification,True,base_mid * location_factor * category_location_factor * date_factor
PRC-DL-DEL-00333,MAT-037,BATTERIES,Battery,Inverter Battery,Home inverter,The Kabadiwala + ScrapTech,direct_multi_source,https://www.thekabadiwala.com/scrap-rates/Bhopal ; https://scraptechindia.com/,2026-09-05,DIRECT_RANGE,Battery chemistry must be known before using a specific chemistry rate.,Delhi NCR,Delhi,Mayapuri Industrial Area Phase-II / Mandoli,Tier 1,2026-08-01,11:00:00,per_kg,80.0,110.0,95.0,1.04,1.04,0.978,86,100,110,82,115,24,27.9,Rising,Configured battery-market scenario: rising.,Attero Recycling NCR Central Depot,CPCB/EPR-EW/2022/DL-001,Synthetic scenario generated from material baselines and configured location/date factors,Synthetic - requires independent market verification,True,base_mid * location_factor * category_location_factor * date_factor
PRC-DL-DEL-00334,MAT-037,BATTERIES,Battery,Inverter Battery,Home inverter,The Kabadiwala + ScrapTech,direct_multi_source,https://www.thekabadiwala.com/scrap-rates/Bhopal ; https://scraptechindia.com/,2026-09-05,DIRECT_RANGE,Battery chemistry must be known before using a specific chemistry rate.,Delhi NCR,Delhi,Mayapuri Industrial Area Phase-II / Mandoli,Tier 1,2026-08-15,11:00:00,per_kg,80.0,110.0,95.0,1.04,1.04,0.985,87,100,110,83,115,23,26.4,Rising,Configured battery-market scenario: rising.,Attero Recycling NCR Central Depot,CPCB/EPR-EW/2022/DL-001,Synthetic scenario generated from material baselines and configured location/date factors,Synthetic - requires independent market verification,True,base_mid * location_factor * category_location_factor * date_factor
PRC-DL-DEL-00335,MAT-037,BATTERIES,Battery,Inverter Battery,Home inverter,The Kabadiwala + ScrapTech,direct_multi_source,https://www.thekabadiwala.com/scrap-rates/Bhopal ; https://scraptechindia.com/,2026-09-05,DIRECT_RANGE,Battery chemistry must be known before using a specific chemistry rate.,Delhi NCR,Delhi,Mayapuri Industrial Area Phase-II / Mandoli,Tier 1,2026-09-01,11:00:00,per_kg,80.0,110.0,95.0,1.04,1.04,0.995,88,100,110,84,115,22,25.0,Rising,Configured battery-market scenario: rising.,Attero Recycling NCR Central Depot,CPCB/EPR-EW/2022/DL-001,Synthetic scenario generated from material baselines and configured location/date factors,Synthetic - requires independent market verification,True,base_mid * location_factor * category_location_factor * date_factor
PRC-DL-DEL-00336,MAT-037,BATTERIES,Battery,Inverter Battery,Home inverter,The Kabadiwala + ScrapTech,direct_multi_source,https://www.thekabadiwala.com/scrap-rates/Bhopal ; https://scraptechindia.com/,2026-09-05,DIRECT_RANGE,Battery chemistry must be known before using a specific chemistry rate.,Delhi NCR,Delhi,Mayapuri Industrial Area Phase-II / Mandoli,Tier 1,2026-09-05,10:30:00,per_kg,80.0,110.0,95.0,1.04,1.04,1.0,88,105,110,84,115,22,25.0,Rising,Configured battery-market scenario: rising.,Attero Recycling NCR Central Depot,CPCB/EPR-EW/2022/DL-001,Synthetic scenario generated from material baselines and configured location/date factors,Synthetic - requires independent market verification,True,base_mid * location_factor * category_location_factor * date_factor
PRC-DL-DEL-00337,MAT-038,BATTERIES,Battery,Lead-Acid Battery - Generic,UPS / backup power,ScrapTech,direct,https://scraptechindia.com/,2026-09-05,DIRECT,Battery chemistry must be known before using a specific chemistry rate.,Delhi NCR,Delhi,Mayapuri Industrial Area Phase-II / Mandoli,Tier 1,2026-09-05,10:30:00,per_kg,95.0,95.0,95.0,1.04,1.04,1.0,88,105,110,84,115,22,25.0,Rising,Configured battery-market scenario: rising.,Attero Recycling NCR Central Depot,CPCB/EPR-EW/2022/DL-001,Synthetic scenario generated from material baselines and configured location/date factors,Synthetic - requires independent market verification,True,base_mid * location_factor * category_location_factor * date_factor
PRC-DL-DEL-00338,MAT-039,BATTERIES,Battery,Li-ion Battery - Mixed,Consumer electronics,ScrapTech,direct,https://scraptechindia.com/,2026-09-05,DIRECT,Battery chemistry must be known before using a specific chemistry rate.,Delhi NCR,Delhi,Mayapuri Industrial Area Phase-II / Mandoli,Tier 1,2026-09-05,10:30:00,per_kg,145.0,145.0,145.0,1.04,1.04,1.0,135,155,170,130,180,35,25.9,Rising,Configured battery-market scenario: rising.,Attero Recycling NCR Central Depot,CPCB/EPR-EW/2022/DL-001,Synthetic scenario generated from material baselines and configured location/date factors,Synthetic - requires independent market verification,True,base_mid * location_factor * category_location_factor * date_factor
PRC-DL-DEL-00339,MAT-040,BATTERIES,Battery,Laptop Li-ion Battery,Laptop,MetalMandi,direct,https://www.metalmandi.in/,2026-09-05,DIRECT,Battery chemistry must be known before using a specific chemistry rate.,Delhi NCR,Delhi,Mayapuri Industrial Area Phase-II / Mandoli,Tier 1,2026-09-05,10:30:00,per_kg,298.0,298.0,298.0,1.04,1.04,1.0,275,320,350,260,370,75,27.3,Rising,Configured battery-market scenario: rising.,Attero Recycling NCR Central Depot,CPCB/EPR-EW/2022/DL-001,Synthetic scenario generated from material baselines and configured location/date factors,Synthetic - requires independent market verification,True,base_mid * location_factor * category_location_factor * date_factor
PRC-DL-DEL-00340,MAT-041,BATTERIES,Battery,Smartphone Li-ion Battery,Smartphone,MetalMandi,direct,https://www.metalmandi.in/,2026-09-05,DIRECT,Battery chemistry must be known before using a specific chemistry rate.,Delhi NCR,Delhi,Mayapuri Industrial Area Phase-II / Mandoli,Tier 1,2026-09-05,10:30:00,per_kg,702.0,702.0,702.0,1.04,1.04,1.0,655,760,820,620,860,165,25.2,Rising,Configured battery-market scenario: rising.,Attero Recycling NCR Central Depot,CPCB/EPR-EW/2022/DL-001,Synthetic scenario generated from material baselines and configured location/date factors,Synthetic - requires independent market verification,True,base_mid * location_factor * category_location_factor * date_factor
PRC-DL-DEL-00341,MAT-042,BATTERIES,Battery,Keypad Phone Battery,Keypad phone,MetalMandi,direct,https://www.metalmandi.in/,2026-09-05,DIRECT,Battery chemistry must be known before using a specific chemistry rate.,Delhi NCR,Delhi,Mayapuri Industrial Area Phase-II / Mandoli,Tier 1,2026-09-05,10:30:00,per_kg,347.0,347.0,347.0,1.04,1.04,1.0,325,375,405,310,425,80,24.6,Rising,Configured battery-market scenario: rising.,Attero Recycling NCR Central Depot,CPCB/EPR-EW/2022/DL-001,Synthetic scenario generated from material baselines and configured location/date factors,Synthetic - requires independent market verification,True,base_mid * location_factor * category_location_factor * date_factor
PRC-DL-DEL-00342,MAT-043,BATTERIES,Battery,Powerbank / Earbud / Small Gadget Battery,Small electronics,MetalMandi,direct,https://www.metalmandi.in/,2026-09-05,DIRECT,Battery chemistry must be known before using a specific chemistry rate.,Delhi NCR,Delhi,Mayapuri Industrial Area Phase-II / Mandoli,Tier 1,2026-09-05,10:30:00,per_kg,273.0,273.0,273.0,1.04,1.04,1.0,255,295,320,240,335,65,25.5,Rising,Configured battery-market scenario: rising.,Attero Recycling NCR Central Depot,CPCB/EPR-EW/2022/DL-001,Synthetic scenario generated from material baselines and configured location/date factors,Synthetic - requires independent market verification,True,base_mid * location_factor * category_location_factor * date_factor
PRC-DL-DEL-00343,MAT-044,BATTERIES,Battery,UPS / Non-Portable Li-ion Battery,UPS / stationary storage,MetalMandi,direct,https://www.metalmandi.in/,2026-09-05,DIRECT,Battery chemistry must be known before using a specific chemistry rate.,Delhi NCR,Delhi,Mayapuri Industrial Area Phase-II / Mandoli,Tier 1,2026-09-05,10:30:00,per_kg,70.0,70.0,70.0,1.04,1.04,1.0,65,76,82,62,86,17,26.2,Rising,Configured battery-market scenario: rising.,Attero Recycling NCR Central Depot,CPCB/EPR-EW/2022/DL-001,Synthetic scenario generated from material baselines and configured location/date factors,Synthetic - requires independent market verification,True,base_mid * location_factor * category_location_factor * date_factor
PRC-DL-DEL-00344,MAT-045,MOTORS,Motor,Mixed E-waste Motor - Copper Wiring,Small appliances,Kabadiwalla Uncle + Scrap Savvy,direct_multi_source,https://www.kabadiwalla.in/cms-rates ; https://scrapsavvykabadiwala.com/scrap-rates-today-scrap-prices/,2026-09-05,DIRECT_RANGE,Motor rate varies heavily with copper content and whether dismantled.,Delhi NCR,Delhi,Mayapuri Industrial Area Phase-II / Mandoli,Tier 1,2026-09-05,10:30:00,per_kg,38.0,55.0,46.5,1.04,1.0,1.0,42,48,52,40,55,10,23.8,Rising,Configured motor-market scenario: rising.,Attero Recycling NCR Central Depot,CPCB/EPR-EW/2022/DL-001,Synthetic scenario generated from material baselines and configured location/date factors,Synthetic - requires independent market verification,True,base_mid * location_factor * category_location_factor * date_factor
PRC-DL-DEL-00345,MAT-046,MOTORS,Motor,DC Fan Motor Scrap,DC fan / electronics cooling,ExportersIndia - Musa Traders,direct_range,https://www.exportersindia.com/musa-traders/copperscrap.htm,2026-09-05,DIRECT_RANGE,Motor rate varies heavily with copper content and whether dismantled.,Delhi NCR,Delhi,Mayapuri Industrial Area Phase-II / Mandoli,Tier 1,2026-07-15,11:00:00,per_kg,50.0,70.0,60.0,1.04,1.0,0.965,52,60,65,49,68,13,25.0,Rising,Configured motor-market scenario: rising.,Attero Recycling NCR Central Depot,CPCB/EPR-EW/2022/DL-001,Synthetic scenario generated from material baselines and configured location/date factors,Synthetic - requires independent market verification,True,base_mid * location_factor * category_location_factor * date_factor
PRC-DL-DEL-00346,MAT-046,MOTORS,Motor,DC Fan Motor Scrap,DC fan / electronics cooling,ExportersIndia - Musa Traders,direct_range,https://www.exportersindia.com/musa-traders/copperscrap.htm,2026-09-05,DIRECT_RANGE,Motor rate varies heavily with copper content and whether dismantled.,Delhi NCR,Delhi,Mayapuri Industrial Area Phase-II / Mandoli,Tier 1,2026-08-01,11:00:00,per_kg,50.0,70.0,60.0,1.04,1.0,0.978,52,61,66,49,69,14,26.9,Rising,Configured motor-market scenario: rising.,Attero Recycling NCR Central Depot,CPCB/EPR-EW/2022/DL-001,Synthetic scenario generated from material baselines and configured location/date factors,Synthetic - requires independent market verification,True,base_mid * location_factor * category_location_factor * date_factor
PRC-DL-DEL-00347,MAT-046,MOTORS,Motor,DC Fan Motor Scrap,DC fan / electronics cooling,ExportersIndia - Musa Traders,direct_range,https://www.exportersindia.com/musa-traders/copperscrap.htm,2026-09-05,DIRECT_RANGE,Motor rate varies heavily with copper content and whether dismantled.,Delhi NCR,Delhi,Mayapuri Industrial Area Phase-II / Mandoli,Tier 1,2026-08-15,11:00:00,per_kg,50.0,70.0,60.0,1.04,1.0,0.985,53,61,66,50,69,13,24.5,Rising,Configured motor-market scenario: rising.,Attero Recycling NCR Central Depot,CPCB/EPR-EW/2022/DL-001,Synthetic scenario generated from material baselines and configured location/date factors,Synthetic - requires independent market verification,True,base_mid * location_factor * category_location_factor * date_factor
PRC-DL-DEL-00348,MAT-046,MOTORS,Motor,DC Fan Motor Scrap,DC fan / electronics cooling,ExportersIndia - Musa Traders,direct_range,https://www.exportersindia.com/musa-traders/copperscrap.htm,2026-09-05,DIRECT_RANGE,Motor rate varies heavily with copper content and whether dismantled.,Delhi NCR,Delhi,Mayapuri Industrial Area Phase-II / Mandoli,Tier 1,2026-09-01,11:00:00,per_kg,50.0,70.0,60.0,1.04,1.0,0.995,53,62,67,50,70,14,26.4,Rising,Configured motor-market scenario: rising.,Attero Recycling NCR Central Depot,CPCB/EPR-EW/2022/DL-001,Synthetic scenario generated from material baselines and configured location/date factors,Synthetic - requires independent market verification,True,base_mid * location_factor * category_location_factor * date_factor
PRC-DL-DEL-00349,MAT-046,MOTORS,Motor,DC Fan Motor Scrap,DC fan / electronics cooling,ExportersIndia - Musa Traders,direct_range,https://www.exportersindia.com/musa-traders/copperscrap.htm,2026-09-05,DIRECT_RANGE,Motor rate varies heavily with copper content and whether dismantled.,Delhi NCR,Delhi,Mayapuri Industrial Area Phase-II / Mandoli,Tier 1,2026-09-05,10:30:00,per_kg,50.0,70.0,60.0,1.04,1.0,1.0,54,62,67,51,70,13,24.1,Rising,Configured motor-market scenario: rising.,Attero Recycling NCR Central Depot,CPCB/EPR-EW/2022/DL-001,Synthetic scenario generated from material baselines and configured location/date factors,Synthetic - requires independent market verification,True,base_mid * location_factor * category_location_factor * date_factor
PRC-DL-DEL-00350,MAT-047,MOTORS,Motor,Ceiling Fan Motor Scrap,Ceiling fan,Justdial supplier listing,direct_range,https://www.justdial.com/jdmart/Ernakulam/Ceiling-Fan-Scrap/pid-2216994813/0484P484STD3000251,2026-09-05,DIRECT_RANGE,Motor rate varies heavily with copper content and whether dismantled.,Delhi NCR,Delhi,Mayapuri Industrial Area Phase-II / Mandoli,Tier 1,2026-07-15,11:00:00,per_kg,150.0,250.0,200.0,1.04,1.0,0.965,175,200,215,165,225,40,22.9,Rising,Configured motor-market scenario: rising.,Attero Recycling NCR Central Depot,CPCB/EPR-EW/2022/DL-001,Synthetic scenario generated from material baselines and configured location/date factors,Synthetic - requires independent market verification,True,base_mid * location_factor * category_location_factor * date_factor
PRC-DL-DEL-00351,MAT-047,MOTORS,Motor,Ceiling Fan Motor Scrap,Ceiling fan,Justdial supplier listing,direct_range,https://www.justdial.com/jdmart/Ernakulam/Ceiling-Fan-Scrap/pid-2216994813/0484P484STD3000251,2026-09-05,DIRECT_RANGE,Motor rate varies heavily with copper content and whether dismantled.,Delhi NCR,Delhi,Mayapuri Industrial Area Phase-II / Mandoli,Tier 1,2026-08-01,11:00:00,per_kg,150.0,250.0,200.0,1.04,1.0,0.978,175,205,220,165,230,45,25.7,Rising,Configured motor-market scenario: rising.,Attero Recycling NCR Central Depot,CPCB/EPR-EW/2022/DL-001,Synthetic scenario generated from material baselines and configured location/date factors,Synthetic - requires independent market verification,True,base_mid * location_factor * category_location_factor * date_factor
PRC-DL-DEL-00352,MAT-047,MOTORS,Motor,Ceiling Fan Motor Scrap,Ceiling fan,Justdial supplier listing,direct_range,https://www.justdial.com/jdmart/Ernakulam/Ceiling-Fan-Scrap/pid-2216994813/0484P484STD3000251,2026-09-05,DIRECT_RANGE,Motor rate varies heavily with copper content and whether dismantled.,Delhi NCR,Delhi,Mayapuri Industrial Area Phase-II / Mandoli,Tier 1,2026-08-15,11:00:00,per_kg,150.0,250.0,200.0,1.04,1.0,0.985,175,205,220,165,230,45,25.7,Rising,Configured motor-market scenario: rising.,Attero Recycling NCR Central Depot,CPCB/EPR-EW/2022/DL-001,Synthetic scenario generated from material baselines and configured location/date factors,Synthetic - requires independent market verification,True,base_mid * location_factor * category_location_factor * date_factor
PRC-DL-DEL-00353,MAT-047,MOTORS,Motor,Ceiling Fan Motor Scrap,Ceiling fan,Justdial supplier listing,direct_range,https://www.justdial.com/jdmart/Ernakulam/Ceiling-Fan-Scrap/pid-2216994813/0484P484STD3000251,2026-09-05,DIRECT_RANGE,Motor rate varies heavily with copper content and whether dismantled.,Delhi NCR,Delhi,Mayapuri Industrial Area Phase-II / Mandoli,Tier 1,2026-09-01,11:00:00,per_kg,150.0,250.0,200.0,1.04,1.0,0.995,180,205,225,170,235,45,25.0,Rising,Configured motor-market scenario: rising.,Attero Recycling NCR Central Depot,CPCB/EPR-EW/2022/DL-001,Synthetic scenario generated from material baselines and configured location/date factors,Synthetic - requires independent market verification,True,base_mid * location_factor * category_location_factor * date_factor
PRC-DL-DEL-00354,MAT-047,MOTORS,Motor,Ceiling Fan Motor Scrap,Ceiling fan,Justdial supplier listing,direct_range,https://www.justdial.com/jdmart/Ernakulam/Ceiling-Fan-Scrap/pid-2216994813/0484P484STD3000251,2026-09-05,DIRECT_RANGE,Motor rate varies heavily with copper content and whether dismantled.,Delhi NCR,Delhi,Mayapuri Industrial Area Phase-II / Mandoli,Tier 1,2026-09-05,10:30:00,per_kg,150.0,250.0,200.0,1.04,1.0,1.0,180,210,225,170,235,45,25.0,Rising,Configured motor-market scenario: rising.,Attero Recycling NCR Central Depot,CPCB/EPR-EW/2022/DL-001,Synthetic scenario generated from material baselines and configured location/date factors,Synthetic - requires independent market verification,True,base_mid * location_factor * category_location_factor * date_factor
PRC-DL-DEL-00355,MAT-048,MOTORS,Motor,Small Appliance Motor,Mixer / pump / appliance,Kabadiwalla Uncle + Musa Traders,proxy_from_direct,https://www.kabadiwalla.in/cms-rates ; https://www.exportersindia.com/musa-traders/copperscrap.htm,2026-09-05,PROXY,Motor rate varies heavily with copper content and whether dismantled.,Delhi NCR,Delhi,Mayapuri Industrial Area Phase-II / Mandoli,Tier 1,2026-09-05,10:30:00,per_kg,38.0,70.0,54.0,1.04,1.0,1.0,48,56,61,46,64,13,27.1,Rising,Configured motor-market scenario: rising.,Attero Recycling NCR Central Depot,CPCB/EPR-EW/2022/DL-001,Synthetic scenario generated from material baselines and configured location/date factors,Synthetic - requires independent market verification,True,base_mid * location_factor * category_location_factor * date_factor
PRC-DL-DEL-00356,MAT-049,MOTORS,Motor,Printer / Scanner Motor,Printer / scanner,Kabadiwalla Uncle + Musa Traders,proxy_from_direct,https://www.kabadiwalla.in/cms-rates ; https://www.exportersindia.com/musa-traders/copperscrap.htm,2026-09-05,PROXY,Motor rate varies heavily with copper content and whether dismantled.,Delhi NCR,Delhi,Mayapuri Industrial Area Phase-II / Mandoli,Tier 1,2026-09-05,10:30:00,per_kg,38.0,70.0,54.0,1.04,1.0,1.0,48,56,61,46,64,13,27.1,Rising,Configured motor-market scenario: rising.,Attero Recycling NCR Central Depot,CPCB/EPR-EW/2022/DL-001,Synthetic scenario generated from material baselines and configured location/date factors,Synthetic - requires independent market verification,True,base_mid * location_factor * category_location_factor * date_factor
PRC-DL-DEL-00357,MAT-050,MOTORS,Motor,Large Copper-Wound Motor,Industrial / appliance motor,Scrap Savvy + fan-motor listing,proxy_from_direct,https://scrapsavvykabadiwala.com/scrap-rates-today-scrap-prices/ ; https://www.justdial.com/jdmart/Ernakulam/Ceiling-Fan-Scrap/pid-2216994813/0484P484STD3000251,2026-09-05,PROXY,Motor rate varies heavily with copper content and whether dismantled.,Delhi NCR,Delhi,Mayapuri Industrial Area Phase-II / Mandoli,Tier 1,2026-09-05,10:30:00,per_kg,55.0,150.0,102.5,1.04,1.0,1.0,92,105,115,87,120,23,25.0,Rising,Configured motor-market scenario: rising.,Attero Recycling NCR Central Depot,CPCB/EPR-EW/2022/DL-001,Synthetic scenario generated from material baselines and configured location/date factors,Synthetic - requires independent market verification,True,base_mid * location_factor * category_location_factor * date_factor
PRC-DL-DEL-00358,MAT-051,PLASTICS,Mixed Plastic,ABS Plastic - Electronics Housing,Computer / appliance casing,TradeIndia,direct_range,https://www.tradeindia.com/products/abs-plastic-scraps-c1707904.html,2026-09-05,DIRECT_RANGE,Plastic resin identification materially changes value.,Delhi NCR,Delhi,Mayapuri Industrial Area Phase-II / Mandoli,Tier 1,2026-09-05,10:30:00,per_kg,30.0,40.0,35.0,1.04,1.0,1.0,31,36,39,29,41,8,25.8,Rising,Configured plastic-market scenario: rising.,Attero Recycling NCR Central Depot,CPCB/EPR-EW/2022/DL-001,Synthetic scenario generated from material baselines and configured location/date factors,Synthetic - requires independent market verification,True,base_mid * location_factor * category_location_factor * date_factor
PRC-DL-DEL-00359,MAT-052,PLASTICS,Mixed Plastic,HDPE Plastic Scrap,Cable/accessory housings,Scrapprice India,direct,https://scrapprice.in/scrap-materials,2026-09-05,DIRECT,Plastic resin identification materially changes value.,Delhi NCR,Delhi,Mayapuri Industrial Area Phase-II / Mandoli,Tier 1,2026-09-05,10:30:00,per_kg,57.5,57.5,57.5,1.04,1.0,1.0,51,60,65,48,68,14,27.5,Rising,Configured plastic-market scenario: rising.,Attero Recycling NCR Central Depot,CPCB/EPR-EW/2022/DL-001,Synthetic scenario generated from material baselines and configured location/date factors,Synthetic - requires independent market verification,True,base_mid * location_factor * category_location_factor * date_factor
PRC-DL-DEL-00360,MAT-053,PLASTICS,Mixed Plastic,PP Plastic Scrap,Electronics housings / parts,Scrapprice India,direct,https://scrapprice.in/scrap-materials,2026-09-05,DIRECT,Plastic resin identification materially changes value.,Delhi NCR,Delhi,Mayapuri Industrial Area Phase-II / Mandoli,Tier 1,2026-09-05,10:30:00,per_kg,77.83,77.83,77.83,1.04,1.0,1.0,70,81,87,66,91,17,24.3,Rising,Configured plastic-market scenario: rising.,Attero Recycling NCR Central Depot,CPCB/EPR-EW/2022/DL-001,Synthetic scenario generated from material baselines and configured location/date factors,Synthetic - requires independent market verification,True,base_mid * location_factor * category_location_factor * date_factor
PRC-DL-DEL-00361,MAT-054,PLASTICS,Mixed Plastic,LDPE Plastic Scrap,Flexible electronic packaging / insulation,Scrapprice India,direct,https://scrapprice.in/scrap-materials,2026-09-05,DIRECT,Plastic resin identification materially changes value.,Delhi NCR,Delhi,Mayapuri Industrial Area Phase-II / Mandoli,Tier 1,2026-09-05,10:30:00,per_kg,83.0,83.0,83.0,1.04,1.0,1.0,74,86,93,70,98,19,25.7,Rising,Configured plastic-market scenario: rising.,Attero Recycling NCR Central Depot,CPCB/EPR-EW/2022/DL-001,Synthetic scenario generated from material baselines and configured location/date factors,Synthetic - requires independent market verification,True,base_mid * location_factor * category_location_factor * date_factor
PRC-DL-DEL-00362,MAT-055,PLASTICS,Mixed Plastic,PVC Plastic Scrap,Cable insulation / housings,Scrapprice India,direct,https://scrapprice.in/scrap-materials,2026-09-05,DIRECT,Plastic resin identification materially changes value.,Delhi NCR,Delhi,Mayapuri Industrial Area Phase-II / Mandoli,Tier 1,2026-09-05,10:30:00,per_kg,22.2,22.2,22.2,1.04,1.0,1.0,19.9,23,25,18.9,26,5.1,25.6,Rising,Configured plastic-market scenario: rising.,Attero Recycling NCR Central Depot,CPCB/EPR-EW/2022/DL-001,Synthetic scenario generated from material baselines and configured location/date factors,Synthetic - requires independent market verification,True,base_mid * location_factor * category_location_factor * date_factor
PRC-DL-DEL-00363,MAT-056,PLASTICS,Mixed Plastic,PET Plastic Scrap,Packaging / accessory plastics,Scrapprice India,direct,https://scrapprice.in/scrap-materials,2026-09-05,DIRECT,Plastic resin identification materially changes value.,Delhi NCR,Delhi,Mayapuri Industrial Area Phase-II / Mandoli,Tier 1,2026-09-05,10:30:00,per_kg,33.5,33.5,33.5,1.04,1.0,1.0,30,35,38,28,40,8,26.7,Rising,Configured plastic-market scenario: rising.,Attero Recycling NCR Central Depot,CPCB/EPR-EW/2022/DL-001,Synthetic scenario generated from material baselines and configured location/date factors,Synthetic - requires independent market verification,True,base_mid * location_factor * category_location_factor * date_factor
PRC-DL-DEL-00364,MAT-057,PLASTICS,Mixed Plastic,Mixed Plastic - E-waste,Mixed electronic plastic,The Kabadiwala + Scrapprice India,direct_multi_source,https://www.thekabadiwala.com/scrap-rates/Bhopal ; https://scrapprice.in/scrap-materials,2026-09-05,DIRECT_RANGE,Plastic resin identification materially changes value.,Delhi NCR,Delhi,Mayapuri Industrial Area Phase-II / Mandoli,Tier 1,2026-09-05,10:30:00,per_kg,12.0,57.29,34.64,1.04,1.0,1.0,31,36,39,29,41,8,25.8,Rising,Configured plastic-market scenario: rising.,Attero Recycling NCR Central Depot,CPCB/EPR-EW/2022/DL-001,Synthetic scenario generated from material baselines and configured location/date factors,Synthetic - requires independent market verification,True,base_mid * location_factor * category_location_factor * date_factor
PRC-DL-DEL-00365,MAT-058,MOBILE_TABLETS,Mobile Phone,Keypad Phone - Complete,Keypad phone,Scrap Savvy + Kabadiwala Online,direct_multi_source,https://scrapsavvykabadiwala.com/scrap-rates-today-scrap-prices/ ; https://kabadiwalaonline.com/secrap-rates/,2026-09-05,DIRECT_RANGE,"Complete-device pickup prices depend heavily on model, storage, condition and lock status.",Delhi NCR,Delhi,Mayapuri Industrial Area Phase-II / Mandoli,Tier 1,2026-09-05,10:30:00,per_piece,10.0,20.0,15.0,1.04,1.0,1.0,13.4,15.6,16.8,12.7,17.6,3.4,25.4,Rising,Configured synthetic market scenario.,Attero Recycling NCR Central Depot,CPCB/EPR-EW/2022/DL-001,Synthetic scenario generated from material baselines and configured location/date factors,Synthetic - requires independent market verification,True,base_mid * location_factor * category_location_factor * date_factor
PRC-DL-DEL-00366,MAT-059,MOBILE_TABLETS,Mobile Phone,Smartphone - Generic Complete,Smartphone,Scrap Savvy + Kabadiwala Online,direct_multi_source,https://scrapsavvykabadiwala.com/scrap-rates-today-scrap-prices/ ; https://kabadiwalaonline.com/secrap-rates/,2026-09-05,DIRECT_RANGE,"Complete-device pickup prices depend heavily on model, storage, condition and lock status.",Delhi NCR,Delhi,Mayapuri Industrial Area Phase-II / Mandoli,Tier 1,2026-09-05,10:30:00,per_piece,20.0,60.0,40.0,1.04,1.0,1.0,36,42,45,34,47,9,25.0,Rising,Configured synthetic market scenario.,Attero Recycling NCR Central Depot,CPCB/EPR-EW/2022/DL-001,Synthetic scenario generated from material baselines and configured location/date factors,Synthetic - requires independent market verification,True,base_mid * location_factor * category_location_factor * date_factor
PRC-DL-DEL-00367,MAT-060,MOBILE_TABLETS,Mobile Phone,Tablet - Generic Complete,Tablet,Kabadiwalla Uncle + Kabadiwala Online,direct_multi_source,https://www.kabadiwalla.in/cms-rates ; https://kabadiwalaonline.com/secrap-rates/,2026-09-05,DIRECT_RANGE,"Complete-device pickup prices depend heavily on model, storage, condition and lock status.",Delhi NCR,Delhi,Mayapuri Industrial Area Phase-II / Mandoli,Tier 1,2026-09-05,10:30:00,per_piece,30.0,60.0,45.0,1.04,1.0,1.0,40,47,51,38,54,11,27.5,Rising,Configured synthetic market scenario.,Attero Recycling NCR Central Depot,CPCB/EPR-EW/2022/DL-001,Synthetic scenario generated from material baselines and configured location/date factors,Synthetic - requires independent market verification,True,base_mid * location_factor * category_location_factor * date_factor
PRC-DL-DEL-00368,MAT-061,MOBILE_TABLETS,Mobile Phone,Android Smartphone - 16GB,Smartphone,Scrap Mitra,direct,https://scrapmitra.com/,2026-09-05,DIRECT,"Complete-device pickup prices depend heavily on model, storage, condition and lock status.",Delhi NCR,Delhi,Mayapuri Industrial Area Phase-II / Mandoli,Tier 1,2026-09-05,10:30:00,per_piece,200.0,200.0,200.0,1.04,1.0,1.0,180,210,225,170,235,45,25.0,Rising,Configured synthetic market scenario.,Attero Recycling NCR Central Depot,CPCB/EPR-EW/2022/DL-001,Synthetic scenario generated from material baselines and configured location/date factors,Synthetic - requires independent market verification,True,base_mid * location_factor * category_location_factor * date_factor
PRC-DL-DEL-00369,MAT-062,MOBILE_TABLETS,Mobile Phone,Android Smartphone - 32GB,Smartphone,Scrap Mitra,direct,https://scrapmitra.com/,2026-09-05,DIRECT,"Complete-device pickup prices depend heavily on model, storage, condition and lock status.",Delhi NCR,Delhi,Mayapuri Industrial Area Phase-II / Mandoli,Tier 1,2026-09-05,10:30:00,per_piece,400.0,400.0,400.0,1.04,1.0,1.0,360,415,450,340,470,90,25.0,Rising,Configured synthetic market scenario.,Attero Recycling NCR Central Depot,CPCB/EPR-EW/2022/DL-001,Synthetic scenario generated from material baselines and configured location/date factors,Synthetic - requires independent market verification,True,base_mid * location_factor * category_location_factor * date_factor
PRC-DL-DEL-00370,MAT-063,MOBILE_TABLETS,Mobile Phone,Android Smartphone - 64GB,Smartphone,Scrap Mitra,direct,https://scrapmitra.com/,2026-09-05,DIRECT,"Complete-device pickup prices depend heavily on model, storage, condition and lock status.",Delhi NCR,Delhi,Mayapuri Industrial Area Phase-II / Mandoli,Tier 1,2026-09-05,10:30:00,per_piece,650.0,650.0,650.0,1.04,1.0,1.0,580,675,730,550,765,150,25.9,Rising,Configured synthetic market scenario.,Attero Recycling NCR Central Depot,CPCB/EPR-EW/2022/DL-001,Synthetic scenario generated from material baselines and configured location/date factors,Synthetic - requires independent market verification,True,base_mid * location_factor * category_location_factor * date_factor
PRC-DL-DEL-00371,MAT-064,MOBILE_TABLETS,Mobile Phone,Android Smartphone - 128GB,Smartphone,Scrap Mitra,direct,https://scrapmitra.com/,2026-09-05,DIRECT,"Complete-device pickup prices depend heavily on model, storage, condition and lock status.",Delhi NCR,Delhi,Mayapuri Industrial Area Phase-II / Mandoli,Tier 1,2026-09-05,10:30:00,per_piece,1000.0,1000.0,1000.0,1.04,1.0,1.0,895,1050,1100,850,1150,205,22.9,Rising,Configured synthetic market scenario.,Attero Recycling NCR Central Depot,CPCB/EPR-EW/2022/DL-001,Synthetic scenario generated from material baselines and configured location/date factors,Synthetic - requires independent market verification,True,base_mid * location_factor * category_location_factor * date_factor
PRC-DL-DEL-00372,MAT-065,MOBILE_TABLETS,Mobile Phone,Android Smartphone - 256GB,Smartphone,Scrap Mitra,direct,https://scrapmitra.com/,2026-09-05,DIRECT,"Complete-device pickup prices depend heavily on model, storage, condition and lock status.",Delhi NCR,Delhi,Mayapuri Industrial Area Phase-II / Mandoli,Tier 1,2026-09-05,10:30:00,per_piece,2300.0,2300.0,2300.0,1.04,1.0,1.0,2050,2400,2600,1950,2750,550,26.8,Rising,Configured synthetic market scenario.,Attero Recycling NCR Central Depot,CPCB/EPR-EW/2022/DL-001,Synthetic scenario generated from material baselines and configured location/date factors,Synthetic - requires independent market verification,True,base_mid * location_factor * category_location_factor * date_factor
PRC-KA-BEN-00373,MAT-001,CRT,CRT,CRT Monitor - Standard,Desktop computer,Scrappbazaar + Scrap Savvy,direct_multi_source,https://www.scrappbazaar.com/rates ; https://scrapsavvykabadiwala.com/scrap-rates-today-scrap-prices/,2026-09-05,DIRECT_RANGE,Current pickup listings show ~₹150-180/piece.,Karnataka,Bengaluru,Peenya Industrial Area / SP Road Electronic Market,Tier 1,2026-09-05,10:30:00,per_piece,150.0,180.0,165.0,1.05,1.0,1.0,150,175,185,140,195,35,23.3,Rising,Configured CRT-market scenario: rising.,E-Parisaraa Pvt Ltd (Dabaspet Hub),CPCB/EPR-EW/2022/KA-002,Synthetic scenario generated from material baselines and configured location/date factors,Synthetic - requires independent market verification,True,base_mid * location_factor * category_location_factor * date_factor
PRC-KA-BEN-00374,MAT-002,CRT,CRT,CRT TV - Standard,Television,Scrappbazaar + Scrap Savvy,direct_multi_source,https://www.scrappbazaar.com/rates ; https://scrapsavvykabadiwala.com/scrap-rates-today-scrap-prices/,2026-09-05,DIRECT_RANGE,Current listings show ~₹150-200/piece.,Karnataka,Bengaluru,Peenya Industrial Area / SP Road Electronic Market,Tier 1,2026-09-05,10:30:00,per_piece,150.0,200.0,175.0,1.05,1.0,1.0,160,185,200,150,210,40,25.0,Rising,Configured CRT-market scenario: rising.,E-Parisaraa Pvt Ltd (Dabaspet Hub),CPCB/EPR-EW/2022/KA-002,Synthetic scenario generated from material baselines and configured location/date factors,Synthetic - requires independent market verification,True,base_mid * location_factor * category_location_factor * date_factor
PRC-KA-BEN-00375,MAT-003,CRT,CRT,CRT TV - Small 14-17 inch,Television,The Kabadiwala + Kabadiwala Online,proxy_from_direct,https://www.thekabadiwala.com/scrap-rates/Bhopal ; https://kabadiwalaonline.com/secrap-rates/,2026-09-05,PROXY,Size-specific value inferred from current CRT TV/monitor pickup rates.,Karnataka,Bengaluru,Peenya Industrial Area / SP Road Electronic Market,Tier 1,2026-09-05,10:30:00,per_piece,100.0,160.0,130.0,1.05,1.0,1.0,115,135,145,110,150,30,26.1,Rising,Configured CRT-market scenario: rising.,E-Parisaraa Pvt Ltd (Dabaspet Hub),CPCB/EPR-EW/2022/KA-002,Synthetic scenario generated from material baselines and configured location/date factors,Synthetic - requires independent market verification,True,base_mid * location_factor * category_location_factor * date_factor
PRC-KA-BEN-00376,MAT-004,CRT,CRT,CRT Monitor - 17 inch,Desktop computer,Kabadiwala Online + Scrap Savvy,direct_multi_source,https://kabadiwalaonline.com/secrap-rates/ ; https://scrapsavvykabadiwala.com/scrap-rates-today-scrap-prices/,2026-09-05,DIRECT_RANGE,Standard CRT monitor rate.,Karnataka,Bengaluru,Peenya Industrial Area / SP Road Electronic Market,Tier 1,2026-09-05,10:30:00,per_piece,150.0,180.0,165.0,1.05,1.0,1.0,150,175,185,140,195,35,23.3,Rising,Configured CRT-market scenario: rising.,E-Parisaraa Pvt Ltd (Dabaspet Hub),CPCB/EPR-EW/2022/KA-002,Synthetic scenario generated from material baselines and configured location/date factors,Synthetic - requires independent market verification,True,base_mid * location_factor * category_location_factor * date_factor
PRC-KA-BEN-00377,MAT-005,CRT,CRT,CRT TV - Large 21 inch+,Television,Scrappbazaar + Kabadiwalla Uncle,proxy_from_direct,https://www.scrappbazaar.com/rates ; https://www.kabadiwalla.in/cms-rates,2026-09-05,PROXY,Large-size premium is a conservative proxy around current CRT TV listings.,Karnataka,Bengaluru,Peenya Industrial Area / SP Road Electronic Market,Tier 1,2026-09-05,10:30:00,per_piece,160.0,220.0,190.0,1.05,1.0,1.0,170,200,215,160,225,45,26.5,Rising,Configured CRT-market scenario: rising.,E-Parisaraa Pvt Ltd (Dabaspet Hub),CPCB/EPR-EW/2022/KA-002,Synthetic scenario generated from material baselines and configured location/date factors,Synthetic - requires independent market verification,True,base_mid * location_factor * category_location_factor * date_factor
PRC-KA-BEN-00378,MAT-006,LCD_LED,LCD Panel,LCD Monitor,Desktop computer,Kabadiwalla Uncle + Kabadiwala Online,direct_multi_source,https://www.kabadiwalla.in/cms-rates ; https://kabadiwalaonline.com/secrap-rates/,2026-09-05,DIRECT_RANGE,Current LCD monitor listings: ₹25-30/kg.,Karnataka,Bengaluru,Peenya Industrial Area / SP Road Electronic Market,Tier 1,2026-09-05,10:30:00,per_kg,25.0,30.0,27.5,1.05,1.0,1.0,25,29,31,24,33,6,24.0,Rising,Configured LCD/LED-market scenario: rising.,E-Parisaraa Pvt Ltd (Dabaspet Hub),CPCB/EPR-EW/2022/KA-002,Synthetic scenario generated from material baselines and configured location/date factors,Synthetic - requires independent market verification,True,base_mid * location_factor * category_location_factor * date_factor
PRC-KA-BEN-00379,MAT-007,LCD_LED,LCD Panel,TFT Monitor,Desktop computer,Scrap Savvy,direct,https://scrapsavvykabadiwala.com/scrap-rates-today-scrap-prices/,2026-09-05,DIRECT,Quoted ₹30/kg.,Karnataka,Bengaluru,Peenya Industrial Area / SP Road Electronic Market,Tier 1,2026-09-05,10:30:00,per_kg,30.0,30.0,30.0,1.05,1.0,1.0,27,32,34,26,36,7,25.9,Rising,Configured LCD/LED-market scenario: rising.,E-Parisaraa Pvt Ltd (Dabaspet Hub),CPCB/EPR-EW/2022/KA-002,Synthetic scenario generated from material baselines and configured location/date factors,Synthetic - requires independent market verification,True,base_mid * location_factor * category_location_factor * date_factor
PRC-KA-BEN-00380,MAT-008,LCD_LED,LCD Panel,LCD TV Panel / Assembly,Television,Kabadiwala Online + MetalMandi,direct_multi_source,https://kabadiwalaonline.com/secrap-rates/ ; https://www.metalmandi.in/,2026-09-05,DIRECT_RANGE,LCD display quotes cluster around ₹20-30/kg.,Karnataka,Bengaluru,Peenya Industrial Area / SP Road Electronic Market,Tier 1,2026-09-05,10:30:00,per_kg,20.0,30.0,25.0,1.05,1.0,1.0,23,26,28,22,29,5,21.7,Rising,Configured LCD/LED-market scenario: rising.,E-Parisaraa Pvt Ltd (Dabaspet Hub),CPCB/EPR-EW/2022/KA-002,Synthetic scenario generated from material baselines and configured location/date factors,Synthetic - requires independent market verification,True,base_mid * location_factor * category_location_factor * date_factor
PRC-KA-BEN-00381,MAT-009,LCD_LED,LCD Panel,LED TV Panel / Assembly,Television,Scrappbazaar + MetalMandi,direct_multi_source,https://www.scrappbazaar.com/rates ; https://www.metalmandi.in/,2026-09-05,DIRECT_RANGE,Current LED/LCD listings around ₹20-22/kg.,Karnataka,Bengaluru,Peenya Industrial Area / SP Road Electronic Market,Tier 1,2026-09-05,10:30:00,per_kg,20.0,22.0,21.0,1.05,1.0,1.0,19,22,24,18.1,25,5,26.3,Rising,Configured LCD/LED-market scenario: rising.,E-Parisaraa Pvt Ltd (Dabaspet Hub),CPCB/EPR-EW/2022/KA-002,Synthetic scenario generated from material baselines and configured location/date factors,Synthetic - requires independent market verification,True,base_mid * location_factor * category_location_factor * date_factor
PRC-KA-BEN-00382,MAT-010,LCD_LED,LCD Panel,Broken LCD/LED Display Lot,TV / monitor,Scrap Savvy + Scrappbazaar,proxy_from_direct,https://scrapsavvykabadiwala.com/scrap-rates-today-scrap-prices/ ; https://www.scrappbazaar.com/rates,2026-09-05,PROXY,Lower-end proxy for broken mixed display assemblies.,Karnataka,Bengaluru,Peenya Industrial Area / SP Road Electronic Market,Tier 1,2026-09-05,10:30:00,per_kg,18.0,25.0,21.5,1.05,1.0,1.0,19.4,23,24,18.4,25,4.6,23.7,Rising,Configured LCD/LED-market scenario: rising.,E-Parisaraa Pvt Ltd (Dabaspet Hub),CPCB/EPR-EW/2022/KA-002,Synthetic scenario generated from material baselines and configured location/date factors,Synthetic - requires independent market verification,True,base_mid * location_factor * category_location_factor * date_factor
PRC-KA-BEN-00383,MAT-011,LCD_LED,LCD Panel,LCD/LED Display - Mixed Scrap,TV / monitor,Kabadiwala Online + Kabadiwalla Uncle,direct_multi_source,https://kabadiwalaonline.com/secrap-rates/ ; https://www.kabadiwalla.in/cms-rates,2026-09-05,DIRECT_RANGE,Generic mixed display baseline.,Karnataka,Bengaluru,Peenya Industrial Area / SP Road Electronic Market,Tier 1,2026-09-05,10:30:00,per_kg,20.0,30.0,25.0,1.05,1.0,1.0,23,26,28,22,29,5,21.7,Rising,Configured LCD/LED-market scenario: rising.,E-Parisaraa Pvt Ltd (Dabaspet Hub),CPCB/EPR-EW/2022/KA-002,Synthetic scenario generated from material baselines and configured location/date factors,Synthetic - requires independent market verification,True,base_mid * location_factor * category_location_factor * date_factor
PRC-KA-BEN-00384,MAT-012,PCB,PCB,Laptop PCB - China Chip,Laptop,MetalMandi,direct,https://www.metalmandi.in/,2026-09-05,DIRECT,"Current MetalMandi grade listing; use as a benchmark, not a guaranteed pickup quote.",Karnataka,Bengaluru,Peenya Industrial Area / SP Road Electronic Market,Tier 1,2026-09-05,10:30:00,per_kg,720.0,720.0,720.0,1.05,1.05,1.0,685,795,855,650,900,170,24.8,Rising,Configured PCB-market scenario: rising.,E-Parisaraa Pvt Ltd (Dabaspet Hub),CPCB/EPR-EW/2022/KA-002,Synthetic scenario generated from material baselines and configured location/date factors,Synthetic - requires independent market verification,True,base_mid * location_factor * category_location_factor * date_factor
PRC-KA-BEN-00385,MAT-013,PCB,PCB,Laptop PCB - VGA Chip,Laptop,MetalMandi,direct,https://www.metalmandi.in/,2026-09-05,DIRECT,"Current MetalMandi grade listing; use as a benchmark, not a guaranteed pickup quote.",Karnataka,Bengaluru,Peenya Industrial Area / SP Road Electronic Market,Tier 1,2026-09-05,10:30:00,per_kg,810.0,810.0,810.0,1.05,1.05,1.0,770,895,965,730,1000,195,25.3,Rising,Configured PCB-market scenario: rising.,E-Parisaraa Pvt Ltd (Dabaspet Hub),CPCB/EPR-EW/2022/KA-002,Synthetic scenario generated from material baselines and configured location/date factors,Synthetic - requires independent market verification,True,base_mid * location_factor * category_location_factor * date_factor
PRC-KA-BEN-00386,MAT-014,PCB,PCB,Laptop PCB - Server Board,Laptop / server,MetalMandi,direct,https://www.metalmandi.in/,2026-09-05,DIRECT,"Current MetalMandi grade listing; use as a benchmark, not a guaranteed pickup quote.",Karnataka,Bengaluru,Peenya Industrial Area / SP Road Electronic Market,Tier 1,2026-09-05,10:30:00,per_kg,1800.0,1800.0,1800.0,1.05,1.05,1.0,1700,2000,2150,1600,2250,450,26.5,Rising,Configured PCB-market scenario: rising.,E-Parisaraa Pvt Ltd (Dabaspet Hub),CPCB/EPR-EW/2022/KA-002,Synthetic scenario generated from material baselines and configured location/date factors,Synthetic - requires independent market verification,True,base_mid * location_factor * category_location_factor * date_factor
PRC-KA-BEN-00387,MAT-015,PCB,PCB,Desktop PCB - China Chip,Desktop PC,MetalMandi,direct,https://www.metalmandi.in/,2026-09-05,DIRECT,"Current MetalMandi grade listing; use as a benchmark, not a guaranteed pickup quote.",Karnataka,Bengaluru,Peenya Industrial Area / SP Road Electronic Market,Tier 1,2026-09-05,10:30:00,per_kg,180.0,180.0,180.0,1.05,1.05,1.0,170,200,215,160,225,45,26.5,Rising,Configured PCB-market scenario: rising.,E-Parisaraa Pvt Ltd (Dabaspet Hub),CPCB/EPR-EW/2022/KA-002,Synthetic scenario generated from material baselines and configured location/date factors,Synthetic - requires independent market verification,True,base_mid * location_factor * category_location_factor * date_factor
PRC-KA-BEN-00388,MAT-016,PCB,PCB,Desktop PCB - Single Chip,Desktop PC,MetalMandi,direct,https://www.metalmandi.in/,2026-09-05,DIRECT,"Current MetalMandi grade listing; use as a benchmark, not a guaranteed pickup quote.",Karnataka,Bengaluru,Peenya Industrial Area / SP Road Electronic Market,Tier 1,2026-09-05,10:30:00,per_kg,675.0,675.0,675.0,1.05,1.05,1.0,640,745,805,610,845,165,25.8,Rising,Configured PCB-market scenario: rising.,E-Parisaraa Pvt Ltd (Dabaspet Hub),CPCB/EPR-EW/2022/KA-002,Synthetic scenario generated from material baselines and configured location/date factors,Synthetic - requires independent market verification,True,base_mid * location_factor * category_location_factor * date_factor
PRC-KA-BEN-00389,MAT-017,PCB,PCB,Desktop PCB - Double Chip,Desktop PC,MetalMandi,direct,https://www.metalmandi.in/,2026-09-05,DIRECT,"Current MetalMandi grade listing; use as a benchmark, not a guaranteed pickup quote.",Karnataka,Bengaluru,Peenya Industrial Area / SP Road Electronic Market,Tier 1,2026-09-05,10:30:00,per_kg,1125.0,1125.0,1125.0,1.05,1.05,1.0,1050,1250,1350,1000,1400,300,28.6,Rising,Configured PCB-market scenario: rising.,E-Parisaraa Pvt Ltd (Dabaspet Hub),CPCB/EPR-EW/2022/KA-002,Synthetic scenario generated from material baselines and configured location/date factors,Synthetic - requires independent market verification,True,base_mid * location_factor * category_location_factor * date_factor
PRC-KA-BEN-00390,MAT-018,PCB,PCB,Set-top Box PCB - China Chip,Set-top box,MetalMandi,direct,https://www.metalmandi.in/,2026-09-05,DIRECT,"Current MetalMandi grade listing; use as a benchmark, not a guaranteed pickup quote.",Karnataka,Bengaluru,Peenya Industrial Area / SP Road Electronic Market,Tier 1,2026-09-05,10:30:00,per_kg,126.0,126.0,126.0,1.05,1.05,1.0,120,140,150,115,160,30,25.0,Rising,Configured PCB-market scenario: rising.,E-Parisaraa Pvt Ltd (Dabaspet Hub),CPCB/EPR-EW/2022/KA-002,Synthetic scenario generated from material baselines and configured location/date factors,Synthetic - requires independent market verification,True,base_mid * location_factor * category_location_factor * date_factor
PRC-KA-BEN-00391,MAT-019,PCB,PCB,Set-top Box PCB - Black Chip,Set-top box,MetalMandi,direct,https://www.metalmandi.in/,2026-09-05,DIRECT,"Current MetalMandi grade listing; use as a benchmark, not a guaranteed pickup quote.",Karnataka,Bengaluru,Peenya Industrial Area / SP Road Electronic Market,Tier 1,2026-09-05,10:30:00,per_kg,189.0,189.0,189.0,1.05,1.05,1.0,180,210,225,170,235,45,25.0,Rising,Configured PCB-market scenario: rising.,E-Parisaraa Pvt Ltd (Dabaspet Hub),CPCB/EPR-EW/2022/KA-002,Synthetic scenario generated from material baselines and configured location/date factors,Synthetic - requires independent market verification,True,base_mid * location_factor * category_location_factor * date_factor
PRC-KA-BEN-00392,MAT-020,PCB,PCB,Set-top Box PCB - VGA Chip,Set-top box,MetalMandi,direct,https://www.metalmandi.in/,2026-09-05,DIRECT,"Current MetalMandi grade listing; use as a benchmark, not a guaranteed pickup quote.",Karnataka,Bengaluru,Peenya Industrial Area / SP Road Electronic Market,Tier 1,2026-09-05,10:30:00,per_kg,252.0,252.0,252.0,1.05,1.05,1.0,240,280,300,230,315,60,25.0,Rising,Configured PCB-market scenario: rising.,E-Parisaraa Pvt Ltd (Dabaspet Hub),CPCB/EPR-EW/2022/KA-002,Synthetic scenario generated from material baselines and configured location/date factors,Synthetic - requires independent market verification,True,base_mid * location_factor * category_location_factor * date_factor
PRC-KA-BEN-00393,MAT-021,PCB,PCB,Set-top Box PCB - Combo Chip,Set-top box,MetalMandi,direct,https://www.metalmandi.in/,2026-09-05,DIRECT,"Current MetalMandi grade listing; use as a benchmark, not a guaranteed pickup quote.",Karnataka,Bengaluru,Peenya Industrial Area / SP Road Electronic Market,Tier 1,2026-09-05,10:30:00,per_kg,315.0,315.0,315.0,1.05,1.05,1.0,300,345,375,285,395,75,25.0,Rising,Configured PCB-market scenario: rising.,E-Parisaraa Pvt Ltd (Dabaspet Hub),CPCB/EPR-EW/2022/KA-002,Synthetic scenario generated from material baselines and configured location/date factors,Synthetic - requires independent market verification,True,base_mid * location_factor * category_location_factor * date_factor
PRC-KA-BEN-00394,MAT-022,PCB,PCB,Keypad Phone PCB - Branded,Keypad phone,MetalMandi,direct,https://www.metalmandi.in/,2026-09-05,DIRECT,"Current MetalMandi grade listing; use as a benchmark, not a guaranteed pickup quote.",Karnataka,Bengaluru,Peenya Industrial Area / SP Road Electronic Market,Tier 1,2026-09-05,10:30:00,per_kg,113.0,113.0,113.0,1.05,1.05,1.0,105,125,135,100,140,30,28.6,Rising,Configured PCB-market scenario: rising.,E-Parisaraa Pvt Ltd (Dabaspet Hub),CPCB/EPR-EW/2022/KA-002,Synthetic scenario generated from material baselines and configured location/date factors,Synthetic - requires independent market verification,True,base_mid * location_factor * category_location_factor * date_factor
PRC-KA-BEN-00395,MAT-023,PCB,PCB,Keypad Phone PCB - China,Keypad phone,MetalMandi,direct,https://www.metalmandi.in/,2026-09-05,DIRECT,"Current MetalMandi grade listing; use as a benchmark, not a guaranteed pickup quote.",Karnataka,Bengaluru,Peenya Industrial Area / SP Road Electronic Market,Tier 1,2026-09-05,10:30:00,per_kg,38.0,38.0,38.0,1.05,1.05,1.0,36,42,45,34,47,9,25.0,Rising,Configured PCB-market scenario: rising.,E-Parisaraa Pvt Ltd (Dabaspet Hub),CPCB/EPR-EW/2022/KA-002,Synthetic scenario generated from material baselines and configured location/date factors,Synthetic - requires independent market verification,True,base_mid * location_factor * category_location_factor * date_factor
PRC-KA-BEN-00396,MAT-024,PCB,PCB,Smartphone PCB - 8GB Grade,Smartphone,MetalMandi,direct,https://www.metalmandi.in/,2026-09-05,DIRECT,"Current MetalMandi grade listing; use as a benchmark, not a guaranteed pickup quote.",Karnataka,Bengaluru,Peenya Industrial Area / SP Road Electronic Market,Tier 1,2026-09-05,10:30:00,per_kg,420.0,420.0,420.0,1.05,1.05,1.0,400,465,500,380,525,100,25.0,Rising,Configured PCB-market scenario: rising.,E-Parisaraa Pvt Ltd (Dabaspet Hub),CPCB/EPR-EW/2022/KA-002,Synthetic scenario generated from material baselines and configured location/date factors,Synthetic - requires independent market verification,True,base_mid * location_factor * category_location_factor * date_factor
PRC-KA-BEN-00397,MAT-025,PCB,PCB,Smartphone PCB - 128GB Grade,Smartphone,MetalMandi,direct,https://www.metalmandi.in/,2026-09-05,DIRECT,"Current MetalMandi grade listing; use as a benchmark, not a guaranteed pickup quote.",Karnataka,Bengaluru,Peenya Industrial Area / SP Road Electronic Market,Tier 1,2026-09-05,10:30:00,per_kg,1260.0,1260.0,1260.0,1.05,1.05,1.0,1200,1400,1500,1150,1600,300,25.0,Rising,Configured PCB-market scenario: rising.,E-Parisaraa Pvt Ltd (Dabaspet Hub),CPCB/EPR-EW/2022/KA-002,Synthetic scenario generated from material baselines and configured location/date factors,Synthetic - requires independent market verification,True,base_mid * location_factor * category_location_factor * date_factor
PRC-KA-BEN-00398,MAT-026,PCB,PCB,Smartphone PCB - 256GB Grade,Smartphone,MetalMandi,direct,https://www.metalmandi.in/,2026-09-05,DIRECT,"Current MetalMandi grade listing; use as a benchmark, not a guaranteed pickup quote.",Karnataka,Bengaluru,Peenya Industrial Area / SP Road Electronic Market,Tier 1,2026-09-05,10:30:00,per_kg,1960.0,1960.0,1960.0,1.05,1.05,1.0,1850,2150,2350,1750,2450,500,27.0,Rising,Configured PCB-market scenario: rising.,E-Parisaraa Pvt Ltd (Dabaspet Hub),CPCB/EPR-EW/2022/KA-002,Synthetic scenario generated from material baselines and configured location/date factors,Synthetic - requires independent market verification,True,base_mid * location_factor * category_location_factor * date_factor
PRC-KA-BEN-00399,MAT-027,PCB,PCB,Mixed Motherboard Scrap,Desktop / laptop,TradeIndia Ghaziabad listings,direct_range,https://www.tradeindia.com/ghaziabad/motherboard-scrap-city-193475.html,2026-09-05,DIRECT_RANGE,Current listings show roughly ₹360-500/kg for motherboard scrap.,Karnataka,Bengaluru,Peenya Industrial Area / SP Road Electronic Market,Tier 1,2026-07-15,11:00:00,per_kg,360.0,500.0,430.0,1.05,1.05,0.965,395,455,495,375,520,100,25.3,Rising,Configured PCB-market scenario: rising.,E-Parisaraa Pvt Ltd (Dabaspet Hub),CPCB/EPR-EW/2022/KA-002,Synthetic scenario generated from material baselines and configured location/date factors,Synthetic - requires independent market verification,True,base_mid * location_factor * category_location_factor * date_factor
PRC-KA-BEN-00400,MAT-027,PCB,PCB,Mixed Motherboard Scrap,Desktop / laptop,TradeIndia Ghaziabad listings,direct_range,https://www.tradeindia.com/ghaziabad/motherboard-scrap-city-193475.html,2026-09-05,DIRECT_RANGE,Current listings show roughly ₹360-500/kg for motherboard scrap.,Karnataka,Bengaluru,Peenya Industrial Area / SP Road Electronic Market,Tier 1,2026-08-01,11:00:00,per_kg,360.0,500.0,430.0,1.05,1.05,0.978,400,465,500,380,525,100,25.0,Rising,Configured PCB-market scenario: rising.,E-Parisaraa Pvt Ltd (Dabaspet Hub),CPCB/EPR-EW/2022/KA-002,Synthetic scenario generated from material baselines and configured location/date factors,Synthetic - requires independent market verification,True,base_mid * location_factor * category_location_factor * date_factor
PRC-KA-BEN-00401,MAT-027,PCB,PCB,Mixed Motherboard Scrap,Desktop / laptop,TradeIndia Ghaziabad listings,direct_range,https://www.tradeindia.com/ghaziabad/motherboard-scrap-city-193475.html,2026-09-05,DIRECT_RANGE,Current listings show roughly ₹360-500/kg for motherboard scrap.,Karnataka,Bengaluru,Peenya Industrial Area / SP Road Electronic Market,Tier 1,2026-08-15,11:00:00,per_kg,360.0,500.0,430.0,1.05,1.05,0.985,400,465,505,380,530,105,26.2,Rising,Configured PCB-market scenario: rising.,E-Parisaraa Pvt Ltd (Dabaspet Hub),CPCB/EPR-EW/2022/KA-002,Synthetic scenario generated from material baselines and configured location/date factors,Synthetic - requires independent market verification,True,base_mid * location_factor * category_location_factor * date_factor
PRC-KA-BEN-00402,MAT-027,PCB,PCB,Mixed Motherboard Scrap,Desktop / laptop,TradeIndia Ghaziabad listings,direct_range,https://www.tradeindia.com/ghaziabad/motherboard-scrap-city-193475.html,2026-09-05,DIRECT_RANGE,Current listings show roughly ₹360-500/kg for motherboard scrap.,Karnataka,Bengaluru,Peenya Industrial Area / SP Road Electronic Market,Tier 1,2026-09-01,11:00:00,per_kg,360.0,500.0,430.0,1.05,1.05,0.995,405,470,510,385,535,105,25.9,Rising,Configured PCB-market scenario: rising.,E-Parisaraa Pvt Ltd (Dabaspet Hub),CPCB/EPR-EW/2022/KA-002,Synthetic scenario generated from material baselines and configured location/date factors,Synthetic - requires independent market verification,True,base_mid * location_factor * category_location_factor * date_factor
PRC-KA-BEN-00403,MAT-027,PCB,PCB,Mixed Motherboard Scrap,Desktop / laptop,TradeIndia Ghaziabad listings,direct_range,https://www.tradeindia.com/ghaziabad/motherboard-scrap-city-193475.html,2026-09-05,DIRECT_RANGE,Current listings show roughly ₹360-500/kg for motherboard scrap.,Karnataka,Bengaluru,Peenya Industrial Area / SP Road Electronic Market,Tier 1,2026-09-05,10:30:00,per_kg,360.0,500.0,430.0,1.05,1.05,1.0,410,475,510,390,535,100,24.4,Rising,Configured PCB-market scenario: rising.,E-Parisaraa Pvt Ltd (Dabaspet Hub),CPCB/EPR-EW/2022/KA-002,Synthetic scenario generated from material baselines and configured location/date factors,Synthetic - requires independent market verification,True,base_mid * location_factor * category_location_factor * date_factor
PRC-KA-BEN-00404,MAT-028,CABLES_WIRES,Cable,Bare Bright Copper Wire,Electrical/electronic wiring,BIN 2026 guide,direct_range,https://joinbin.com/scrap-rate-copper-india,2026-09-05,DIRECT_RANGE,Grade and copper recovery strongly affect actual offer.,Karnataka,Bengaluru,Peenya Industrial Area / SP Road Electronic Market,Tier 1,2026-07-15,11:00:00,per_kg,650.0,700.0,675.0,1.05,1.0,0.965,590,685,740,560,775,150,25.4,Rising,Configured cable-market scenario: rising.,E-Parisaraa Pvt Ltd (Dabaspet Hub),CPCB/EPR-EW/2022/KA-002,Synthetic scenario generated from material baselines and configured location/date factors,Synthetic - requires independent market verification,True,base_mid * location_factor * category_location_factor * date_factor
PRC-KA-BEN-00405,MAT-028,CABLES_WIRES,Cable,Bare Bright Copper Wire,Electrical/electronic wiring,BIN 2026 guide,direct_range,https://joinbin.com/scrap-rate-copper-india,2026-09-05,DIRECT_RANGE,Grade and copper recovery strongly affect actual offer.,Karnataka,Bengaluru,Peenya Industrial Area / SP Road Electronic Market,Tier 1,2026-08-01,11:00:00,per_kg,650.0,700.0,675.0,1.05,1.0,0.978,595,695,750,565,790,155,26.1,Rising,Configured cable-market scenario: rising.,E-Parisaraa Pvt Ltd (Dabaspet Hub),CPCB/EPR-EW/2022/KA-002,Synthetic scenario generated from material baselines and configured location/date factors,Synthetic - requires independent market verification,True,base_mid * location_factor * category_location_factor * date_factor
PRC-KA-BEN-00406,MAT-028,CABLES_WIRES,Cable,Bare Bright Copper Wire,Electrical/electronic wiring,BIN 2026 guide,direct_range,https://joinbin.com/scrap-rate-copper-india,2026-09-05,DIRECT_RANGE,Grade and copper recovery strongly affect actual offer.,Karnataka,Bengaluru,Peenya Industrial Area / SP Road Electronic Market,Tier 1,2026-08-15,11:00:00,per_kg,650.0,700.0,675.0,1.05,1.0,0.985,600,700,755,570,795,155,25.8,Rising,Configured cable-market scenario: rising.,E-Parisaraa Pvt Ltd (Dabaspet Hub),CPCB/EPR-EW/2022/KA-002,Synthetic scenario generated from material baselines and configured location/date factors,Synthetic - requires independent market verification,True,base_mid * location_factor * category_location_factor * date_factor
PRC-KA-BEN-00407,MAT-028,CABLES_WIRES,Cable,Bare Bright Copper Wire,Electrical/electronic wiring,BIN 2026 guide,direct_range,https://joinbin.com/scrap-rate-copper-india,2026-09-05,DIRECT_RANGE,Grade and copper recovery strongly affect actual offer.,Karnataka,Bengaluru,Peenya Industrial Area / SP Road Electronic Market,Tier 1,2026-09-01,11:00:00,per_kg,650.0,700.0,675.0,1.05,1.0,0.995,605,705,760,575,800,155,25.6,Rising,Configured cable-market scenario: rising.,E-Parisaraa Pvt Ltd (Dabaspet Hub),CPCB/EPR-EW/2022/KA-002,Synthetic scenario generated from material baselines and configured location/date factors,Synthetic - requires independent market verification,True,base_mid * location_factor * category_location_factor * date_factor
PRC-KA-BEN-00408,MAT-028,CABLES_WIRES,Cable,Bare Bright Copper Wire,Electrical/electronic wiring,BIN 2026 guide,direct_range,https://joinbin.com/scrap-rate-copper-india,2026-09-05,DIRECT_RANGE,Grade and copper recovery strongly affect actual offer.,Karnataka,Bengaluru,Peenya Industrial Area / SP Road Electronic Market,Tier 1,2026-09-05,10:30:00,per_kg,650.0,700.0,675.0,1.05,1.0,1.0,610,710,765,580,805,155,25.4,Rising,Configured cable-market scenario: rising.,E-Parisaraa Pvt Ltd (Dabaspet Hub),CPCB/EPR-EW/2022/KA-002,Synthetic scenario generated from material baselines and configured location/date factors,Synthetic - requires independent market verification,True,base_mid * location_factor * category_location_factor * date_factor
PRC-KA-BEN-00409,MAT-029,CABLES_WIRES,Cable,#1 Clean Copper Wire,Electrical/electronic wiring,BIN 2026 guide,direct_range,https://joinbin.com/scrap-rate-copper-india,2026-09-05,DIRECT_RANGE,Grade and copper recovery strongly affect actual offer.,Karnataka,Bengaluru,Peenya Industrial Area / SP Road Electronic Market,Tier 1,2026-09-05,10:30:00,per_kg,620.0,680.0,650.0,1.05,1.0,1.0,585,680,735,555,770,150,25.6,Rising,Configured cable-market scenario: rising.,E-Parisaraa Pvt Ltd (Dabaspet Hub),CPCB/EPR-EW/2022/KA-002,Synthetic scenario generated from material baselines and configured location/date factors,Synthetic - requires independent market verification,True,base_mid * location_factor * category_location_factor * date_factor
PRC-KA-BEN-00410,MAT-030,CABLES_WIRES,Cable,#2 Mixed Copper Wire,Electrical/electronic wiring,BIN 2026 guide,direct_range,https://joinbin.com/scrap-rate-copper-india,2026-09-05,DIRECT_RANGE,Grade and copper recovery strongly affect actual offer.,Karnataka,Bengaluru,Peenya Industrial Area / SP Road Electronic Market,Tier 1,2026-09-05,10:30:00,per_kg,550.0,620.0,585.0,1.05,1.0,1.0,530,615,665,505,700,135,25.5,Rising,Configured cable-market scenario: rising.,E-Parisaraa Pvt Ltd (Dabaspet Hub),CPCB/EPR-EW/2022/KA-002,Synthetic scenario generated from material baselines and configured location/date factors,Synthetic - requires independent market verification,True,base_mid * location_factor * category_location_factor * date_factor
PRC-KA-BEN-00411,MAT-031,CABLES_WIRES,Cable,Insulated Copper Wire,Power/data cable,BIN 2026 guide,direct_range,https://joinbin.com/scrap-rate-copper-india,2026-09-05,DIRECT_RANGE,Grade and copper recovery strongly affect actual offer.,Karnataka,Bengaluru,Peenya Industrial Area / SP Road Electronic Market,Tier 1,2026-07-15,11:00:00,per_kg,350.0,500.0,425.0,1.05,1.0,0.965,370,430,465,350,490,95,25.7,Rising,Configured cable-market scenario: rising.,E-Parisaraa Pvt Ltd (Dabaspet Hub),CPCB/EPR-EW/2022/KA-002,Synthetic scenario generated from material baselines and configured location/date factors,Synthetic - requires independent market verification,True,base_mid * location_factor * category_location_factor * date_factor
PRC-KA-BEN-00412,MAT-031,CABLES_WIRES,Cable,Insulated Copper Wire,Power/data cable,BIN 2026 guide,direct_range,https://joinbin.com/scrap-rate-copper-india,2026-09-05,DIRECT_RANGE,Grade and copper recovery strongly affect actual offer.,Karnataka,Bengaluru,Peenya Industrial Area / SP Road Electronic Market,Tier 1,2026-08-01,11:00:00,per_kg,350.0,500.0,425.0,1.05,1.0,0.978,375,435,470,355,495,95,25.3,Rising,Configured cable-market scenario: rising.,E-Parisaraa Pvt Ltd (Dabaspet Hub),CPCB/EPR-EW/2022/KA-002,Synthetic scenario generated from material baselines and configured location/date factors,Synthetic - requires independent market verification,True,base_mid * location_factor * category_location_factor * date_factor
PRC-KA-BEN-00413,MAT-031,CABLES_WIRES,Cable,Insulated Copper Wire,Power/data cable,BIN 2026 guide,direct_range,https://joinbin.com/scrap-rate-copper-india,2026-09-05,DIRECT_RANGE,Grade and copper recovery strongly affect actual offer.,Karnataka,Bengaluru,Peenya Industrial Area / SP Road Electronic Market,Tier 1,2026-08-15,11:00:00,per_kg,350.0,500.0,425.0,1.05,1.0,0.985,380,440,475,360,500,95,25.0,Rising,Configured cable-market scenario: rising.,E-Parisaraa Pvt Ltd (Dabaspet Hub),CPCB/EPR-EW/2022/KA-002,Synthetic scenario generated from material baselines and configured location/date factors,Synthetic - requires independent market verification,True,base_mid * location_factor * category_location_factor * date_factor
PRC-KA-BEN-00414,MAT-031,CABLES_WIRES,Cable,Insulated Copper Wire,Power/data cable,BIN 2026 guide,direct_range,https://joinbin.com/scrap-rate-copper-india,2026-09-05,DIRECT_RANGE,Grade and copper recovery strongly affect actual offer.,Karnataka,Bengaluru,Peenya Industrial Area / SP Road Electronic Market,Tier 1,2026-09-01,11:00:00,per_kg,350.0,500.0,425.0,1.05,1.0,0.995,380,445,480,360,505,100,26.3,Rising,Configured cable-market scenario: rising.,E-Parisaraa Pvt Ltd (Dabaspet Hub),CPCB/EPR-EW/2022/KA-002,Synthetic scenario generated from material baselines and configured location/date factors,Synthetic - requires independent market verification,True,base_mid * location_factor * category_location_factor * date_factor
PRC-KA-BEN-00415,MAT-031,CABLES_WIRES,Cable,Insulated Copper Wire,Power/data cable,BIN 2026 guide,direct_range,https://joinbin.com/scrap-rate-copper-india,2026-09-05,DIRECT_RANGE,Grade and copper recovery strongly affect actual offer.,Karnataka,Bengaluru,Peenya Industrial Area / SP Road Electronic Market,Tier 1,2026-09-05,10:30:00,per_kg,350.0,500.0,425.0,1.05,1.0,1.0,385,445,480,365,505,95,24.7,Rising,Configured cable-market scenario: rising.,E-Parisaraa Pvt Ltd (Dabaspet Hub),CPCB/EPR-EW/2022/KA-002,Synthetic scenario generated from material baselines and configured location/date factors,Synthetic - requires independent market verification,True,base_mid * location_factor * category_location_factor * date_factor
PRC-KA-BEN-00416,MAT-032,CABLES_WIRES,Cable,Copper Motor Winding Wire,Motor / fan winding,Scrapyard India,direct_range,https://www.scrapyard.co.in/copper-scrap-rates-india,2026-09-05,DIRECT_RANGE,Grade and copper recovery strongly affect actual offer.,Karnataka,Bengaluru,Peenya Industrial Area / SP Road Electronic Market,Tier 1,2026-09-05,10:30:00,per_kg,420.0,450.0,435.0,1.05,1.0,1.0,395,455,495,375,520,100,25.3,Rising,Configured cable-market scenario: rising.,E-Parisaraa Pvt Ltd (Dabaspet Hub),CPCB/EPR-EW/2022/KA-002,Synthetic scenario generated from material baselines and configured location/date factors,Synthetic - requires independent market verification,True,base_mid * location_factor * category_location_factor * date_factor
PRC-KA-BEN-00417,MAT-033,CABLES_WIRES,Cable,Copper Transformer Winding,Transformer / PSU,Scrapyard India,direct_range,https://www.scrapyard.co.in/copper-scrap-rates-india,2026-09-05,DIRECT_RANGE,Grade and copper recovery strongly affect actual offer.,Karnataka,Bengaluru,Peenya Industrial Area / SP Road Electronic Market,Tier 1,2026-09-05,10:30:00,per_kg,380.0,420.0,400.0,1.05,1.0,1.0,360,420,455,340,480,95,26.4,Rising,Configured cable-market scenario: rising.,E-Parisaraa Pvt Ltd (Dabaspet Hub),CPCB/EPR-EW/2022/KA-002,Synthetic scenario generated from material baselines and configured location/date factors,Synthetic - requires independent market verification,True,base_mid * location_factor * category_location_factor * date_factor
PRC-KA-BEN-00418,MAT-034,CABLES_WIRES,Cable,Copper Cable Scrap - High Grade,Power cable,ExportersIndia,direct_range,https://www.exportersindia.com/indian-suppliers/copper-cable-scrap.htm,2026-09-05,DIRECT_RANGE,Grade and copper recovery strongly affect actual offer.,Karnataka,Bengaluru,Peenya Industrial Area / SP Road Electronic Market,Tier 1,2026-09-05,10:30:00,per_kg,650.0,775.0,712.5,1.05,1.0,1.0,645,750,810,615,850,165,25.6,Rising,Configured cable-market scenario: rising.,E-Parisaraa Pvt Ltd (Dabaspet Hub),CPCB/EPR-EW/2022/KA-002,Synthetic scenario generated from material baselines and configured location/date factors,Synthetic - requires independent market verification,True,base_mid * location_factor * category_location_factor * date_factor
PRC-KA-BEN-00419,MAT-035,CABLES_WIRES,Cable,Mixed Low-Grade Electronic Cable,Chargers / data cables,TradeIndia + Scrapyard India,proxy_from_direct,https://www.tradeindia.com/products/icw-insulated-copper-wire-scrap-9932932.html ; https://www.scrapyard.co.in/copper-scrap-rates-india,2026-09-05,PROXY,Grade and copper recovery strongly affect actual offer.,Karnataka,Bengaluru,Peenya Industrial Area / SP Road Electronic Market,Tier 1,2026-09-05,10:30:00,per_kg,250.0,390.0,320.0,1.05,1.0,1.0,290,335,365,275,385,75,25.9,Rising,Configured cable-market scenario: rising.,E-Parisaraa Pvt Ltd (Dabaspet Hub),CPCB/EPR-EW/2022/KA-002,Synthetic scenario generated from material baselines and configured location/date factors,Synthetic - requires independent market verification,True,base_mid * location_factor * category_location_factor * date_factor
PRC-KA-BEN-00420,MAT-036,BATTERIES,Battery,Car Lead-Acid Battery,Car / automotive,ScrapTech,direct,https://scraptechindia.com/,2026-09-05,DIRECT,Battery chemistry must be known before using a specific chemistry rate.,Karnataka,Bengaluru,Peenya Industrial Area / SP Road Electronic Market,Tier 1,2026-07-15,11:00:00,per_kg,125.0,125.0,125.0,1.05,1.0,0.965,110,125,135,105,140,25,22.7,Rising,Configured battery-market scenario: rising.,E-Parisaraa Pvt Ltd (Dabaspet Hub),CPCB/EPR-EW/2022/KA-002,Synthetic scenario generated from material baselines and configured location/date factors,Synthetic - requires independent market verification,True,base_mid * location_factor * category_location_factor * date_factor
PRC-KA-BEN-00421,MAT-036,BATTERIES,Battery,Car Lead-Acid Battery,Car / automotive,ScrapTech,direct,https://scraptechindia.com/,2026-09-05,DIRECT,Battery chemistry must be known before using a specific chemistry rate.,Karnataka,Bengaluru,Peenya Industrial Area / SP Road Electronic Market,Tier 1,2026-08-01,11:00:00,per_kg,125.0,125.0,125.0,1.05,1.0,0.978,110,130,140,105,145,30,27.3,Rising,Configured battery-market scenario: rising.,E-Parisaraa Pvt Ltd (Dabaspet Hub),CPCB/EPR-EW/2022/KA-002,Synthetic scenario generated from material baselines and configured location/date factors,Synthetic - requires independent market verification,True,base_mid * location_factor * category_location_factor * date_factor
PRC-KA-BEN-00422,MAT-036,BATTERIES,Battery,Car Lead-Acid Battery,Car / automotive,ScrapTech,direct,https://scraptechindia.com/,2026-09-05,DIRECT,Battery chemistry must be known before using a specific chemistry rate.,Karnataka,Bengaluru,Peenya Industrial Area / SP Road Electronic Market,Tier 1,2026-08-15,11:00:00,per_kg,125.0,125.0,125.0,1.05,1.0,0.985,110,130,140,105,145,30,27.3,Rising,Configured battery-market scenario: rising.,E-Parisaraa Pvt Ltd (Dabaspet Hub),CPCB/EPR-EW/2022/KA-002,Synthetic scenario generated from material baselines and configured location/date factors,Synthetic - requires independent market verification,True,base_mid * location_factor * category_location_factor * date_factor
PRC-KA-BEN-00423,MAT-036,BATTERIES,Battery,Car Lead-Acid Battery,Car / automotive,ScrapTech,direct,https://scraptechindia.com/,2026-09-05,DIRECT,Battery chemistry must be known before using a specific chemistry rate.,Karnataka,Bengaluru,Peenya Industrial Area / SP Road Electronic Market,Tier 1,2026-09-01,11:00:00,per_kg,125.0,125.0,125.0,1.05,1.0,0.995,110,130,140,105,145,30,27.3,Rising,Configured battery-market scenario: rising.,E-Parisaraa Pvt Ltd (Dabaspet Hub),CPCB/EPR-EW/2022/KA-002,Synthetic scenario generated from material baselines and configured location/date factors,Synthetic - requires independent market verification,True,base_mid * location_factor * category_location_factor * date_factor
PRC-KA-BEN-00424,MAT-036,BATTERIES,Battery,Car Lead-Acid Battery,Car / automotive,ScrapTech,direct,https://scraptechindia.com/,2026-09-05,DIRECT,Battery chemistry must be known before using a specific chemistry rate.,Karnataka,Bengaluru,Peenya Industrial Area / SP Road Electronic Market,Tier 1,2026-09-05,10:30:00,per_kg,125.0,125.0,125.0,1.05,1.0,1.0,115,130,140,110,145,25,21.7,Rising,Configured battery-market scenario: rising.,E-Parisaraa Pvt Ltd (Dabaspet Hub),CPCB/EPR-EW/2022/KA-002,Synthetic scenario generated from material baselines and configured location/date factors,Synthetic - requires independent market verification,True,base_mid * location_factor * category_location_factor * date_factor
PRC-KA-BEN-00425,MAT-037,BATTERIES,Battery,Inverter Battery,Home inverter,The Kabadiwala + ScrapTech,direct_multi_source,https://www.thekabadiwala.com/scrap-rates/Bhopal ; https://scraptechindia.com/,2026-09-05,DIRECT_RANGE,Battery chemistry must be known before using a specific chemistry rate.,Karnataka,Bengaluru,Peenya Industrial Area / SP Road Electronic Market,Tier 1,2026-07-15,11:00:00,per_kg,80.0,110.0,95.0,1.05,1.0,0.965,83,96,105,79,110,22,26.5,Rising,Configured battery-market scenario: rising.,E-Parisaraa Pvt Ltd (Dabaspet Hub),CPCB/EPR-EW/2022/KA-002,Synthetic scenario generated from material baselines and configured location/date factors,Synthetic - requires independent market verification,True,base_mid * location_factor * category_location_factor * date_factor
PRC-KA-BEN-00426,MAT-037,BATTERIES,Battery,Inverter Battery,Home inverter,The Kabadiwala + ScrapTech,direct_multi_source,https://www.thekabadiwala.com/scrap-rates/Bhopal ; https://scraptechindia.com/,2026-09-05,DIRECT_RANGE,Battery chemistry must be known before using a specific chemistry rate.,Karnataka,Bengaluru,Peenya Industrial Area / SP Road Electronic Market,Tier 1,2026-08-01,11:00:00,per_kg,80.0,110.0,95.0,1.05,1.0,0.978,84,98,105,80,110,21,25.0,Rising,Configured battery-market scenario: rising.,E-Parisaraa Pvt Ltd (Dabaspet Hub),CPCB/EPR-EW/2022/KA-002,Synthetic scenario generated from material baselines and configured location/date factors,Synthetic - requires independent market verification,True,base_mid * location_factor * category_location_factor * date_factor
PRC-KA-BEN-00427,MAT-037,BATTERIES,Battery,Inverter Battery,Home inverter,The Kabadiwala + ScrapTech,direct_multi_source,https://www.thekabadiwala.com/scrap-rates/Bhopal ; https://scraptechindia.com/,2026-09-05,DIRECT_RANGE,Battery chemistry must be known before using a specific chemistry rate.,Karnataka,Bengaluru,Peenya Industrial Area / SP Road Electronic Market,Tier 1,2026-08-15,11:00:00,per_kg,80.0,110.0,95.0,1.05,1.0,0.985,84,98,105,80,110,21,25.0,Rising,Configured battery-market scenario: rising.,E-Parisaraa Pvt Ltd (Dabaspet Hub),CPCB/EPR-EW/2022/KA-002,Synthetic scenario generated from material baselines and configured location/date factors,Synthetic - requires independent market verification,True,base_mid * location_factor * category_location_factor * date_factor
PRC-KA-BEN-00428,MAT-037,BATTERIES,Battery,Inverter Battery,Home inverter,The Kabadiwala + ScrapTech,direct_multi_source,https://www.thekabadiwala.com/scrap-rates/Bhopal ; https://scraptechindia.com/,2026-09-05,DIRECT_RANGE,Battery chemistry must be known before using a specific chemistry rate.,Karnataka,Bengaluru,Peenya Industrial Area / SP Road Electronic Market,Tier 1,2026-09-01,11:00:00,per_kg,80.0,110.0,95.0,1.05,1.0,0.995,85,99,105,81,110,20,23.5,Rising,Configured battery-market scenario: rising.,E-Parisaraa Pvt Ltd (Dabaspet Hub),CPCB/EPR-EW/2022/KA-002,Synthetic scenario generated from material baselines and configured location/date factors,Synthetic - requires independent market verification,True,base_mid * location_factor * category_location_factor * date_factor
PRC-KA-BEN-00429,MAT-037,BATTERIES,Battery,Inverter Battery,Home inverter,The Kabadiwala + ScrapTech,direct_multi_source,https://www.thekabadiwala.com/scrap-rates/Bhopal ; https://scraptechindia.com/,2026-09-05,DIRECT_RANGE,Battery chemistry must be known before using a specific chemistry rate.,Karnataka,Bengaluru,Peenya Industrial Area / SP Road Electronic Market,Tier 1,2026-09-05,10:30:00,per_kg,80.0,110.0,95.0,1.05,1.0,1.0,86,100,110,82,115,24,27.9,Rising,Configured battery-market scenario: rising.,E-Parisaraa Pvt Ltd (Dabaspet Hub),CPCB/EPR-EW/2022/KA-002,Synthetic scenario generated from material baselines and configured location/date factors,Synthetic - requires independent market verification,True,base_mid * location_factor * category_location_factor * date_factor
PRC-KA-BEN-00430,MAT-038,BATTERIES,Battery,Lead-Acid Battery - Generic,UPS / backup power,ScrapTech,direct,https://scraptechindia.com/,2026-09-05,DIRECT,Battery chemistry must be known before using a specific chemistry rate.,Karnataka,Bengaluru,Peenya Industrial Area / SP Road Electronic Market,Tier 1,2026-09-05,10:30:00,per_kg,95.0,95.0,95.0,1.05,1.0,1.0,86,100,110,82,115,24,27.9,Rising,Configured battery-market scenario: rising.,E-Parisaraa Pvt Ltd (Dabaspet Hub),CPCB/EPR-EW/2022/KA-002,Synthetic scenario generated from material baselines and configured location/date factors,Synthetic - requires independent market verification,True,base_mid * location_factor * category_location_factor * date_factor
PRC-KA-BEN-00431,MAT-039,BATTERIES,Battery,Li-ion Battery - Mixed,Consumer electronics,ScrapTech,direct,https://scraptechindia.com/,2026-09-05,DIRECT,Battery chemistry must be known before using a specific chemistry rate.,Karnataka,Bengaluru,Peenya Industrial Area / SP Road Electronic Market,Tier 1,2026-09-05,10:30:00,per_kg,145.0,145.0,145.0,1.05,1.0,1.0,130,150,165,125,175,35,26.9,Rising,Configured battery-market scenario: rising.,E-Parisaraa Pvt Ltd (Dabaspet Hub),CPCB/EPR-EW/2022/KA-002,Synthetic scenario generated from material baselines and configured location/date factors,Synthetic - requires independent market verification,True,base_mid * location_factor * category_location_factor * date_factor
PRC-KA-BEN-00432,MAT-040,BATTERIES,Battery,Laptop Li-ion Battery,Laptop,MetalMandi,direct,https://www.metalmandi.in/,2026-09-05,DIRECT,Battery chemistry must be known before using a specific chemistry rate.,Karnataka,Bengaluru,Peenya Industrial Area / SP Road Electronic Market,Tier 1,2026-09-05,10:30:00,per_kg,298.0,298.0,298.0,1.05,1.0,1.0,270,315,340,255,355,70,25.9,Rising,Configured battery-market scenario: rising.,E-Parisaraa Pvt Ltd (Dabaspet Hub),CPCB/EPR-EW/2022/KA-002,Synthetic scenario generated from material baselines and configured location/date factors,Synthetic - requires independent market verification,True,base_mid * location_factor * category_location_factor * date_factor
PRC-KA-BEN-00433,MAT-041,BATTERIES,Battery,Smartphone Li-ion Battery,Smartphone,MetalMandi,direct,https://www.metalmandi.in/,2026-09-05,DIRECT,Battery chemistry must be known before using a specific chemistry rate.,Karnataka,Bengaluru,Peenya Industrial Area / SP Road Electronic Market,Tier 1,2026-09-05,10:30:00,per_kg,702.0,702.0,702.0,1.05,1.0,1.0,635,735,795,605,835,160,25.2,Rising,Configured battery-market scenario: rising.,E-Parisaraa Pvt Ltd (Dabaspet Hub),CPCB/EPR-EW/2022/KA-002,Synthetic scenario generated from material baselines and configured location/date factors,Synthetic - requires independent market verification,True,base_mid * location_factor * category_location_factor * date_factor
PRC-KA-BEN-00434,MAT-042,BATTERIES,Battery,Keypad Phone Battery,Keypad phone,MetalMandi,direct,https://www.metalmandi.in/,2026-09-05,DIRECT,Battery chemistry must be known before using a specific chemistry rate.,Karnataka,Bengaluru,Peenya Industrial Area / SP Road Electronic Market,Tier 1,2026-09-05,10:30:00,per_kg,347.0,347.0,347.0,1.05,1.0,1.0,315,365,395,300,415,80,25.4,Rising,Configured battery-market scenario: rising.,E-Parisaraa Pvt Ltd (Dabaspet Hub),CPCB/EPR-EW/2022/KA-002,Synthetic scenario generated from material baselines and configured location/date factors,Synthetic - requires independent market verification,True,base_mid * location_factor * category_location_factor * date_factor
PRC-KA-BEN-00435,MAT-043,BATTERIES,Battery,Powerbank / Earbud / Small Gadget Battery,Small electronics,MetalMandi,direct,https://www.metalmandi.in/,2026-09-05,DIRECT,Battery chemistry must be known before using a specific chemistry rate.,Karnataka,Bengaluru,Peenya Industrial Area / SP Road Electronic Market,Tier 1,2026-09-05,10:30:00,per_kg,273.0,273.0,273.0,1.05,1.0,1.0,245,285,310,235,325,65,26.5,Rising,Configured battery-market scenario: rising.,E-Parisaraa Pvt Ltd (Dabaspet Hub),CPCB/EPR-EW/2022/KA-002,Synthetic scenario generated from material baselines and configured location/date factors,Synthetic - requires independent market verification,True,base_mid * location_factor * category_location_factor * date_factor
PRC-KA-BEN-00436,MAT-044,BATTERIES,Battery,UPS / Non-Portable Li-ion Battery,UPS / stationary storage,MetalMandi,direct,https://www.metalmandi.in/,2026-09-05,DIRECT,Battery chemistry must be known before using a specific chemistry rate.,Karnataka,Bengaluru,Peenya Industrial Area / SP Road Electronic Market,Tier 1,2026-09-05,10:30:00,per_kg,70.0,70.0,70.0,1.05,1.0,1.0,63,74,79,60,83,16,25.4,Rising,Configured battery-market scenario: rising.,E-Parisaraa Pvt Ltd (Dabaspet Hub),CPCB/EPR-EW/2022/KA-002,Synthetic scenario generated from material baselines and configured location/date factors,Synthetic - requires independent market verification,True,base_mid * location_factor * category_location_factor * date_factor
PRC-KA-BEN-00437,MAT-045,MOTORS,Motor,Mixed E-waste Motor - Copper Wiring,Small appliances,Kabadiwalla Uncle + Scrap Savvy,direct_multi_source,https://www.kabadiwalla.in/cms-rates ; https://scrapsavvykabadiwala.com/scrap-rates-today-scrap-prices/,2026-09-05,DIRECT_RANGE,Motor rate varies heavily with copper content and whether dismantled.,Karnataka,Bengaluru,Peenya Industrial Area / SP Road Electronic Market,Tier 1,2026-09-05,10:30:00,per_kg,38.0,55.0,46.5,1.05,1.0,1.0,42,49,53,40,56,11,26.2,Rising,Configured motor-market scenario: rising.,E-Parisaraa Pvt Ltd (Dabaspet Hub),CPCB/EPR-EW/2022/KA-002,Synthetic scenario generated from material baselines and configured location/date factors,Synthetic - requires independent market verification,True,base_mid * location_factor * category_location_factor * date_factor
PRC-KA-BEN-00438,MAT-046,MOTORS,Motor,DC Fan Motor Scrap,DC fan / electronics cooling,ExportersIndia - Musa Traders,direct_range,https://www.exportersindia.com/musa-traders/copperscrap.htm,2026-09-05,DIRECT_RANGE,Motor rate varies heavily with copper content and whether dismantled.,Karnataka,Bengaluru,Peenya Industrial Area / SP Road Electronic Market,Tier 1,2026-07-15,11:00:00,per_kg,50.0,70.0,60.0,1.05,1.0,0.965,52,61,66,49,69,14,26.9,Rising,Configured motor-market scenario: rising.,E-Parisaraa Pvt Ltd (Dabaspet Hub),CPCB/EPR-EW/2022/KA-002,Synthetic scenario generated from material baselines and configured location/date factors,Synthetic - requires independent market verification,True,base_mid * location_factor * category_location_factor * date_factor
PRC-KA-BEN-00439,MAT-046,MOTORS,Motor,DC Fan Motor Scrap,DC fan / electronics cooling,ExportersIndia - Musa Traders,direct_range,https://www.exportersindia.com/musa-traders/copperscrap.htm,2026-09-05,DIRECT_RANGE,Motor rate varies heavily with copper content and whether dismantled.,Karnataka,Bengaluru,Peenya Industrial Area / SP Road Electronic Market,Tier 1,2026-08-01,11:00:00,per_kg,50.0,70.0,60.0,1.05,1.0,0.978,53,62,67,50,70,14,26.4,Rising,Configured motor-market scenario: rising.,E-Parisaraa Pvt Ltd (Dabaspet Hub),CPCB/EPR-EW/2022/KA-002,Synthetic scenario generated from material baselines and configured location/date factors,Synthetic - requires independent market verification,True,base_mid * location_factor * category_location_factor * date_factor
PRC-KA-BEN-00440,MAT-046,MOTORS,Motor,DC Fan Motor Scrap,DC fan / electronics cooling,ExportersIndia - Musa Traders,direct_range,https://www.exportersindia.com/musa-traders/copperscrap.htm,2026-09-05,DIRECT_RANGE,Motor rate varies heavily with copper content and whether dismantled.,Karnataka,Bengaluru,Peenya Industrial Area / SP Road Electronic Market,Tier 1,2026-08-15,11:00:00,per_kg,50.0,70.0,60.0,1.05,1.0,0.985,53,62,67,50,70,14,26.4,Rising,Configured motor-market scenario: rising.,E-Parisaraa Pvt Ltd (Dabaspet Hub),CPCB/EPR-EW/2022/KA-002,Synthetic scenario generated from material baselines and configured location/date factors,Synthetic - requires independent market verification,True,base_mid * location_factor * category_location_factor * date_factor
PRC-KA-BEN-00441,MAT-046,MOTORS,Motor,DC Fan Motor Scrap,DC fan / electronics cooling,ExportersIndia - Musa Traders,direct_range,https://www.exportersindia.com/musa-traders/copperscrap.htm,2026-09-05,DIRECT_RANGE,Motor rate varies heavily with copper content and whether dismantled.,Karnataka,Bengaluru,Peenya Industrial Area / SP Road Electronic Market,Tier 1,2026-09-01,11:00:00,per_kg,50.0,70.0,60.0,1.05,1.0,0.995,54,63,68,51,71,14,25.9,Rising,Configured motor-market scenario: rising.,E-Parisaraa Pvt Ltd (Dabaspet Hub),CPCB/EPR-EW/2022/KA-002,Synthetic scenario generated from material baselines and configured location/date factors,Synthetic - requires independent market verification,True,base_mid * location_factor * category_location_factor * date_factor
PRC-KA-BEN-00442,MAT-046,MOTORS,Motor,DC Fan Motor Scrap,DC fan / electronics cooling,ExportersIndia - Musa Traders,direct_range,https://www.exportersindia.com/musa-traders/copperscrap.htm,2026-09-05,DIRECT_RANGE,Motor rate varies heavily with copper content and whether dismantled.,Karnataka,Bengaluru,Peenya Industrial Area / SP Road Electronic Market,Tier 1,2026-09-05,10:30:00,per_kg,50.0,70.0,60.0,1.05,1.0,1.0,54,63,68,51,71,14,25.9,Rising,Configured motor-market scenario: rising.,E-Parisaraa Pvt Ltd (Dabaspet Hub),CPCB/EPR-EW/2022/KA-002,Synthetic scenario generated from material baselines and configured location/date factors,Synthetic - requires independent market verification,True,base_mid * location_factor * category_location_factor * date_factor
PRC-KA-BEN-00443,MAT-047,MOTORS,Motor,Ceiling Fan Motor Scrap,Ceiling fan,Justdial supplier listing,direct_range,https://www.justdial.com/jdmart/Ernakulam/Ceiling-Fan-Scrap/pid-2216994813/0484P484STD3000251,2026-09-05,DIRECT_RANGE,Motor rate varies heavily with copper content and whether dismantled.,Karnataka,Bengaluru,Peenya Industrial Area / SP Road Electronic Market,Tier 1,2026-07-15,11:00:00,per_kg,150.0,250.0,200.0,1.05,1.0,0.965,175,205,220,165,230,45,25.7,Rising,Configured motor-market scenario: rising.,E-Parisaraa Pvt Ltd (Dabaspet Hub),CPCB/EPR-EW/2022/KA-002,Synthetic scenario generated from material baselines and configured location/date factors,Synthetic - requires independent market verification,True,base_mid * location_factor * category_location_factor * date_factor
PRC-KA-BEN-00444,MAT-047,MOTORS,Motor,Ceiling Fan Motor Scrap,Ceiling fan,Justdial supplier listing,direct_range,https://www.justdial.com/jdmart/Ernakulam/Ceiling-Fan-Scrap/pid-2216994813/0484P484STD3000251,2026-09-05,DIRECT_RANGE,Motor rate varies heavily with copper content and whether dismantled.,Karnataka,Bengaluru,Peenya Industrial Area / SP Road Electronic Market,Tier 1,2026-08-01,11:00:00,per_kg,150.0,250.0,200.0,1.05,1.0,0.978,175,205,220,165,230,45,25.7,Rising,Configured motor-market scenario: rising.,E-Parisaraa Pvt Ltd (Dabaspet Hub),CPCB/EPR-EW/2022/KA-002,Synthetic scenario generated from material baselines and configured location/date factors,Synthetic - requires independent market verification,True,base_mid * location_factor * category_location_factor * date_factor
PRC-KA-BEN-00445,MAT-047,MOTORS,Motor,Ceiling Fan Motor Scrap,Ceiling fan,Justdial supplier listing,direct_range,https://www.justdial.com/jdmart/Ernakulam/Ceiling-Fan-Scrap/pid-2216994813/0484P484STD3000251,2026-09-05,DIRECT_RANGE,Motor rate varies heavily with copper content and whether dismantled.,Karnataka,Bengaluru,Peenya Industrial Area / SP Road Electronic Market,Tier 1,2026-08-15,11:00:00,per_kg,150.0,250.0,200.0,1.05,1.0,0.985,180,205,225,170,235,45,25.0,Rising,Configured motor-market scenario: rising.,E-Parisaraa Pvt Ltd (Dabaspet Hub),CPCB/EPR-EW/2022/KA-002,Synthetic scenario generated from material baselines and configured location/date factors,Synthetic - requires independent market verification,True,base_mid * location_factor * category_location_factor * date_factor
PRC-KA-BEN-00446,MAT-047,MOTORS,Motor,Ceiling Fan Motor Scrap,Ceiling fan,Justdial supplier listing,direct_range,https://www.justdial.com/jdmart/Ernakulam/Ceiling-Fan-Scrap/pid-2216994813/0484P484STD3000251,2026-09-05,DIRECT_RANGE,Motor rate varies heavily with copper content and whether dismantled.,Karnataka,Bengaluru,Peenya Industrial Area / SP Road Electronic Market,Tier 1,2026-09-01,11:00:00,per_kg,150.0,250.0,200.0,1.05,1.0,0.995,180,210,225,170,235,45,25.0,Rising,Configured motor-market scenario: rising.,E-Parisaraa Pvt Ltd (Dabaspet Hub),CPCB/EPR-EW/2022/KA-002,Synthetic scenario generated from material baselines and configured location/date factors,Synthetic - requires independent market verification,True,base_mid * location_factor * category_location_factor * date_factor
PRC-KA-BEN-00447,MAT-047,MOTORS,Motor,Ceiling Fan Motor Scrap,Ceiling fan,Justdial supplier listing,direct_range,https://www.justdial.com/jdmart/Ernakulam/Ceiling-Fan-Scrap/pid-2216994813/0484P484STD3000251,2026-09-05,DIRECT_RANGE,Motor rate varies heavily with copper content and whether dismantled.,Karnataka,Bengaluru,Peenya Industrial Area / SP Road Electronic Market,Tier 1,2026-09-05,10:30:00,per_kg,150.0,250.0,200.0,1.05,1.0,1.0,180,210,225,170,235,45,25.0,Rising,Configured motor-market scenario: rising.,E-Parisaraa Pvt Ltd (Dabaspet Hub),CPCB/EPR-EW/2022/KA-002,Synthetic scenario generated from material baselines and configured location/date factors,Synthetic - requires independent market verification,True,base_mid * location_factor * category_location_factor * date_factor
PRC-KA-BEN-00448,MAT-048,MOTORS,Motor,Small Appliance Motor,Mixer / pump / appliance,Kabadiwalla Uncle + Musa Traders,proxy_from_direct,https://www.kabadiwalla.in/cms-rates ; https://www.exportersindia.com/musa-traders/copperscrap.htm,2026-09-05,PROXY,Motor rate varies heavily with copper content and whether dismantled.,Karnataka,Bengaluru,Peenya Industrial Area / SP Road Electronic Market,Tier 1,2026-09-05,10:30:00,per_kg,38.0,70.0,54.0,1.05,1.0,1.0,49,57,61,47,64,12,24.5,Rising,Configured motor-market scenario: rising.,E-Parisaraa Pvt Ltd (Dabaspet Hub),CPCB/EPR-EW/2022/KA-002,Synthetic scenario generated from material baselines and configured location/date factors,Synthetic - requires independent market verification,True,base_mid * location_factor * category_location_factor * date_factor
PRC-KA-BEN-00449,MAT-049,MOTORS,Motor,Printer / Scanner Motor,Printer / scanner,Kabadiwalla Uncle + Musa Traders,proxy_from_direct,https://www.kabadiwalla.in/cms-rates ; https://www.exportersindia.com/musa-traders/copperscrap.htm,2026-09-05,PROXY,Motor rate varies heavily with copper content and whether dismantled.,Karnataka,Bengaluru,Peenya Industrial Area / SP Road Electronic Market,Tier 1,2026-09-05,10:30:00,per_kg,38.0,70.0,54.0,1.05,1.0,1.0,49,57,61,47,64,12,24.5,Rising,Configured motor-market scenario: rising.,E-Parisaraa Pvt Ltd (Dabaspet Hub),CPCB/EPR-EW/2022/KA-002,Synthetic scenario generated from material baselines and configured location/date factors,Synthetic - requires independent market verification,True,base_mid * location_factor * category_location_factor * date_factor
PRC-KA-BEN-00450,MAT-050,MOTORS,Motor,Large Copper-Wound Motor,Industrial / appliance motor,Scrap Savvy + fan-motor listing,proxy_from_direct,https://scrapsavvykabadiwala.com/scrap-rates-today-scrap-prices/ ; https://www.justdial.com/jdmart/Ernakulam/Ceiling-Fan-Scrap/pid-2216994813/0484P484STD3000251,2026-09-05,PROXY,Motor rate varies heavily with copper content and whether dismantled.,Karnataka,Bengaluru,Peenya Industrial Area / SP Road Electronic Market,Tier 1,2026-09-05,10:30:00,per_kg,55.0,150.0,102.5,1.05,1.0,1.0,93,110,115,88,120,22,23.7,Rising,Configured motor-market scenario: rising.,E-Parisaraa Pvt Ltd (Dabaspet Hub),CPCB/EPR-EW/2022/KA-002,Synthetic scenario generated from material baselines and configured location/date factors,Synthetic - requires independent market verification,True,base_mid * location_factor * category_location_factor * date_factor
PRC-KA-BEN-00451,MAT-051,PLASTICS,Mixed Plastic,ABS Plastic - Electronics Housing,Computer / appliance casing,TradeIndia,direct_range,https://www.tradeindia.com/products/abs-plastic-scraps-c1707904.html,2026-09-05,DIRECT_RANGE,Plastic resin identification materially changes value.,Karnataka,Bengaluru,Peenya Industrial Area / SP Road Electronic Market,Tier 1,2026-09-05,10:30:00,per_kg,30.0,40.0,35.0,1.05,1.0,1.0,32,37,40,30,42,8,25.0,Rising,Configured plastic-market scenario: rising.,E-Parisaraa Pvt Ltd (Dabaspet Hub),CPCB/EPR-EW/2022/KA-002,Synthetic scenario generated from material baselines and configured location/date factors,Synthetic - requires independent market verification,True,base_mid * location_factor * category_location_factor * date_factor
PRC-KA-BEN-00452,MAT-052,PLASTICS,Mixed Plastic,HDPE Plastic Scrap,Cable/accessory housings,Scrapprice India,direct,https://scrapprice.in/scrap-materials,2026-09-05,DIRECT,Plastic resin identification materially changes value.,Karnataka,Bengaluru,Peenya Industrial Area / SP Road Electronic Market,Tier 1,2026-09-05,10:30:00,per_kg,57.5,57.5,57.5,1.05,1.0,1.0,52,60,65,49,68,13,25.0,Rising,Configured plastic-market scenario: rising.,E-Parisaraa Pvt Ltd (Dabaspet Hub),CPCB/EPR-EW/2022/KA-002,Synthetic scenario generated from material baselines and configured location/date factors,Synthetic - requires independent market verification,True,base_mid * location_factor * category_location_factor * date_factor
PRC-KA-BEN-00453,MAT-053,PLASTICS,Mixed Plastic,PP Plastic Scrap,Electronics housings / parts,Scrapprice India,direct,https://scrapprice.in/scrap-materials,2026-09-05,DIRECT,Plastic resin identification materially changes value.,Karnataka,Bengaluru,Peenya Industrial Area / SP Road Electronic Market,Tier 1,2026-09-05,10:30:00,per_kg,77.83,77.83,77.83,1.05,1.0,1.0,70,82,88,66,92,18,25.7,Rising,Configured plastic-market scenario: rising.,E-Parisaraa Pvt Ltd (Dabaspet Hub),CPCB/EPR-EW/2022/KA-002,Synthetic scenario generated from material baselines and configured location/date factors,Synthetic - requires independent market verification,True,base_mid * location_factor * category_location_factor * date_factor
PRC-KA-BEN-00454,MAT-054,PLASTICS,Mixed Plastic,LDPE Plastic Scrap,Flexible electronic packaging / insulation,Scrapprice India,direct,https://scrapprice.in/scrap-materials,2026-09-05,DIRECT,Plastic resin identification materially changes value.,Karnataka,Bengaluru,Peenya Industrial Area / SP Road Electronic Market,Tier 1,2026-09-05,10:30:00,per_kg,83.0,83.0,83.0,1.05,1.0,1.0,75,87,94,71,99,19,25.3,Rising,Configured plastic-market scenario: rising.,E-Parisaraa Pvt Ltd (Dabaspet Hub),CPCB/EPR-EW/2022/KA-002,Synthetic scenario generated from material baselines and configured location/date factors,Synthetic - requires independent market verification,True,base_mid * location_factor * category_location_factor * date_factor
PRC-KA-BEN-00455,MAT-055,PLASTICS,Mixed Plastic,PVC Plastic Scrap,Cable insulation / housings,Scrapprice India,direct,https://scrapprice.in/scrap-materials,2026-09-05,DIRECT,Plastic resin identification materially changes value.,Karnataka,Bengaluru,Peenya Industrial Area / SP Road Electronic Market,Tier 1,2026-09-05,10:30:00,per_kg,22.2,22.2,22.2,1.05,1.0,1.0,20,23,25,19,26,5,25.0,Rising,Configured plastic-market scenario: rising.,E-Parisaraa Pvt Ltd (Dabaspet Hub),CPCB/EPR-EW/2022/KA-002,Synthetic scenario generated from material baselines and configured location/date factors,Synthetic - requires independent market verification,True,base_mid * location_factor * category_location_factor * date_factor
PRC-KA-BEN-00456,MAT-056,PLASTICS,Mixed Plastic,PET Plastic Scrap,Packaging / accessory plastics,Scrapprice India,direct,https://scrapprice.in/scrap-materials,2026-09-05,DIRECT,Plastic resin identification materially changes value.,Karnataka,Bengaluru,Peenya Industrial Area / SP Road Electronic Market,Tier 1,2026-09-05,10:30:00,per_kg,33.5,33.5,33.5,1.05,1.0,1.0,30,35,38,28,40,8,26.7,Rising,Configured plastic-market scenario: rising.,E-Parisaraa Pvt Ltd (Dabaspet Hub),CPCB/EPR-EW/2022/KA-002,Synthetic scenario generated from material baselines and configured location/date factors,Synthetic - requires independent market verification,True,base_mid * location_factor * category_location_factor * date_factor
PRC-KA-BEN-00457,MAT-057,PLASTICS,Mixed Plastic,Mixed Plastic - E-waste,Mixed electronic plastic,The Kabadiwala + Scrapprice India,direct_multi_source,https://www.thekabadiwala.com/scrap-rates/Bhopal ; https://scrapprice.in/scrap-materials,2026-09-05,DIRECT_RANGE,Plastic resin identification materially changes value.,Karnataka,Bengaluru,Peenya Industrial Area / SP Road Electronic Market,Tier 1,2026-09-05,10:30:00,per_kg,12.0,57.29,34.64,1.05,1.0,1.0,31,36,39,29,41,8,25.8,Rising,Configured plastic-market scenario: rising.,E-Parisaraa Pvt Ltd (Dabaspet Hub),CPCB/EPR-EW/2022/KA-002,Synthetic scenario generated from material baselines and configured location/date factors,Synthetic - requires independent market verification,True,base_mid * location_factor * category_location_factor * date_factor
PRC-KA-BEN-00458,MAT-058,MOBILE_TABLETS,Mobile Phone,Keypad Phone - Complete,Keypad phone,Scrap Savvy + Kabadiwala Online,direct_multi_source,https://scrapsavvykabadiwala.com/scrap-rates-today-scrap-prices/ ; https://kabadiwalaonline.com/secrap-rates/,2026-09-05,DIRECT_RANGE,"Complete-device pickup prices depend heavily on model, storage, condition and lock status.",Karnataka,Bengaluru,Peenya Industrial Area / SP Road Electronic Market,Tier 1,2026-09-05,10:30:00,per_piece,10.0,20.0,15.0,1.05,1.0,1.0,13.5,15.8,17,12.8,17.9,3.5,25.9,Rising,Configured synthetic market scenario.,E-Parisaraa Pvt Ltd (Dabaspet Hub),CPCB/EPR-EW/2022/KA-002,Synthetic scenario generated from material baselines and configured location/date factors,Synthetic - requires independent market verification,True,base_mid * location_factor * category_location_factor * date_factor
PRC-KA-BEN-00459,MAT-059,MOBILE_TABLETS,Mobile Phone,Smartphone - Generic Complete,Smartphone,Scrap Savvy + Kabadiwala Online,direct_multi_source,https://scrapsavvykabadiwala.com/scrap-rates-today-scrap-prices/ ; https://kabadiwalaonline.com/secrap-rates/,2026-09-05,DIRECT_RANGE,"Complete-device pickup prices depend heavily on model, storage, condition and lock status.",Karnataka,Bengaluru,Peenya Industrial Area / SP Road Electronic Market,Tier 1,2026-09-05,10:30:00,per_piece,20.0,60.0,40.0,1.05,1.0,1.0,36,42,45,34,47,9,25.0,Rising,Configured synthetic market scenario.,E-Parisaraa Pvt Ltd (Dabaspet Hub),CPCB/EPR-EW/2022/KA-002,Synthetic scenario generated from material baselines and configured location/date factors,Synthetic - requires independent market verification,True,base_mid * location_factor * category_location_factor * date_factor
PRC-KA-BEN-00460,MAT-060,MOBILE_TABLETS,Mobile Phone,Tablet - Generic Complete,Tablet,Kabadiwalla Uncle + Kabadiwala Online,direct_multi_source,https://www.kabadiwalla.in/cms-rates ; https://kabadiwalaonline.com/secrap-rates/,2026-09-05,DIRECT_RANGE,"Complete-device pickup prices depend heavily on model, storage, condition and lock status.",Karnataka,Bengaluru,Peenya Industrial Area / SP Road Electronic Market,Tier 1,2026-09-05,10:30:00,per_piece,30.0,60.0,45.0,1.05,1.0,1.0,41,47,51,39,54,10,24.4,Rising,Configured synthetic market scenario.,E-Parisaraa Pvt Ltd (Dabaspet Hub),CPCB/EPR-EW/2022/KA-002,Synthetic scenario generated from material baselines and configured location/date factors,Synthetic - requires independent market verification,True,base_mid * location_factor * category_location_factor * date_factor
PRC-KA-BEN-00461,MAT-061,MOBILE_TABLETS,Mobile Phone,Android Smartphone - 16GB,Smartphone,Scrap Mitra,direct,https://scrapmitra.com/,2026-09-05,DIRECT,"Complete-device pickup prices depend heavily on model, storage, condition and lock status.",Karnataka,Bengaluru,Peenya Industrial Area / SP Road Electronic Market,Tier 1,2026-09-05,10:30:00,per_piece,200.0,200.0,200.0,1.05,1.0,1.0,180,210,225,170,235,45,25.0,Rising,Configured synthetic market scenario.,E-Parisaraa Pvt Ltd (Dabaspet Hub),CPCB/EPR-EW/2022/KA-002,Synthetic scenario generated from material baselines and configured location/date factors,Synthetic - requires independent market verification,True,base_mid * location_factor * category_location_factor * date_factor
PRC-KA-BEN-00462,MAT-062,MOBILE_TABLETS,Mobile Phone,Android Smartphone - 32GB,Smartphone,Scrap Mitra,direct,https://scrapmitra.com/,2026-09-05,DIRECT,"Complete-device pickup prices depend heavily on model, storage, condition and lock status.",Karnataka,Bengaluru,Peenya Industrial Area / SP Road Electronic Market,Tier 1,2026-09-05,10:30:00,per_piece,400.0,400.0,400.0,1.05,1.0,1.0,360,420,455,340,480,95,26.4,Rising,Configured synthetic market scenario.,E-Parisaraa Pvt Ltd (Dabaspet Hub),CPCB/EPR-EW/2022/KA-002,Synthetic scenario generated from material baselines and configured location/date factors,Synthetic - requires independent market verification,True,base_mid * location_factor * category_location_factor * date_factor
PRC-KA-BEN-00463,MAT-063,MOBILE_TABLETS,Mobile Phone,Android Smartphone - 64GB,Smartphone,Scrap Mitra,direct,https://scrapmitra.com/,2026-09-05,DIRECT,"Complete-device pickup prices depend heavily on model, storage, condition and lock status.",Karnataka,Bengaluru,Peenya Industrial Area / SP Road Electronic Market,Tier 1,2026-09-05,10:30:00,per_piece,650.0,650.0,650.0,1.05,1.0,1.0,585,680,735,555,770,150,25.6,Rising,Configured synthetic market scenario.,E-Parisaraa Pvt Ltd (Dabaspet Hub),CPCB/EPR-EW/2022/KA-002,Synthetic scenario generated from material baselines and configured location/date factors,Synthetic - requires independent market verification,True,base_mid * location_factor * category_location_factor * date_factor
PRC-KA-BEN-00464,MAT-064,MOBILE_TABLETS,Mobile Phone,Android Smartphone - 128GB,Smartphone,Scrap Mitra,direct,https://scrapmitra.com/,2026-09-05,DIRECT,"Complete-device pickup prices depend heavily on model, storage, condition and lock status.",Karnataka,Bengaluru,Peenya Industrial Area / SP Road Electronic Market,Tier 1,2026-09-05,10:30:00,per_piece,1000.0,1000.0,1000.0,1.05,1.0,1.0,905,1050,1150,860,1200,245,27.1,Rising,Configured synthetic market scenario.,E-Parisaraa Pvt Ltd (Dabaspet Hub),CPCB/EPR-EW/2022/KA-002,Synthetic scenario generated from material baselines and configured location/date factors,Synthetic - requires independent market verification,True,base_mid * location_factor * category_location_factor * date_factor
PRC-KA-BEN-00465,MAT-065,MOBILE_TABLETS,Mobile Phone,Android Smartphone - 256GB,Smartphone,Scrap Mitra,direct,https://scrapmitra.com/,2026-09-05,DIRECT,"Complete-device pickup prices depend heavily on model, storage, condition and lock status.",Karnataka,Bengaluru,Peenya Industrial Area / SP Road Electronic Market,Tier 1,2026-09-05,10:30:00,per_piece,2300.0,2300.0,2300.0,1.05,1.0,1.0,2100,2400,2600,2000,2750,500,23.8,Rising,Configured synthetic market scenario.,E-Parisaraa Pvt Ltd (Dabaspet Hub),CPCB/EPR-EW/2022/KA-002,Synthetic scenario generated from material baselines and configured location/date factors,Synthetic - requires independent market verification,True,base_mid * location_factor * category_location_factor * date_factor
PRC-TA-CHE-00466,MAT-001,CRT,CRT,CRT Monitor - Standard,Desktop computer,Scrappbazaar + Scrap Savvy,direct_multi_source,https://www.scrappbazaar.com/rates ; https://scrapsavvykabadiwala.com/scrap-rates-today-scrap-prices/,2026-09-05,DIRECT_RANGE,Current pickup listings show ~₹150-180/piece.,Tamil Nadu,Chennai,Ambattur Industrial Estate / Guindy,Tier 1,2026-09-05,10:30:00,per_piece,150.0,180.0,165.0,1.01,1.0,1.0,145,165,180,140,190,35,24.1,Stable,Configured CRT-market scenario: stable.,Trishyiraya Recycling India Pvt Ltd,CPCB/EPR-EW/2023/TN-009,Synthetic scenario generated from material baselines and configured location/date factors,Synthetic - requires independent market verification,True,base_mid * location_factor * category_location_factor * date_factor
PRC-TA-CHE-00467,MAT-002,CRT,CRT,CRT TV - Standard,Television,Scrappbazaar + Scrap Savvy,direct_multi_source,https://www.scrappbazaar.com/rates ; https://scrapsavvykabadiwala.com/scrap-rates-today-scrap-prices/,2026-09-05,DIRECT_RANGE,Current listings show ~₹150-200/piece.,Tamil Nadu,Chennai,Ambattur Industrial Estate / Guindy,Tier 1,2026-09-05,10:30:00,per_piece,150.0,200.0,175.0,1.01,1.0,1.0,150,175,190,140,200,40,26.7,Stable,Configured CRT-market scenario: stable.,Trishyiraya Recycling India Pvt Ltd,CPCB/EPR-EW/2023/TN-009,Synthetic scenario generated from material baselines and configured location/date factors,Synthetic - requires independent market verification,True,base_mid * location_factor * category_location_factor * date_factor
PRC-TA-CHE-00468,MAT-003,CRT,CRT,CRT TV - Small 14-17 inch,Television,The Kabadiwala + Kabadiwala Online,proxy_from_direct,https://www.thekabadiwala.com/scrap-rates/Bhopal ; https://kabadiwalaonline.com/secrap-rates/,2026-09-05,PROXY,Size-specific value inferred from current CRT TV/monitor pickup rates.,Tamil Nadu,Chennai,Ambattur Industrial Estate / Guindy,Tier 1,2026-09-05,10:30:00,per_piece,100.0,160.0,130.0,1.01,1.0,1.0,115,130,140,110,145,25,21.7,Stable,Configured CRT-market scenario: stable.,Trishyiraya Recycling India Pvt Ltd,CPCB/EPR-EW/2023/TN-009,Synthetic scenario generated from material baselines and configured location/date factors,Synthetic - requires independent market verification,True,base_mid * location_factor * category_location_factor * date_factor
PRC-TA-CHE-00469,MAT-004,CRT,CRT,CRT Monitor - 17 inch,Desktop computer,Kabadiwala Online + Scrap Savvy,direct_multi_source,https://kabadiwalaonline.com/secrap-rates/ ; https://scrapsavvykabadiwala.com/scrap-rates-today-scrap-prices/,2026-09-05,DIRECT_RANGE,Standard CRT monitor rate.,Tamil Nadu,Chennai,Ambattur Industrial Estate / Guindy,Tier 1,2026-09-05,10:30:00,per_piece,150.0,180.0,165.0,1.01,1.0,1.0,145,165,180,140,190,35,24.1,Stable,Configured CRT-market scenario: stable.,Trishyiraya Recycling India Pvt Ltd,CPCB/EPR-EW/2023/TN-009,Synthetic scenario generated from material baselines and configured location/date factors,Synthetic - requires independent market verification,True,base_mid * location_factor * category_location_factor * date_factor
PRC-TA-CHE-00470,MAT-005,CRT,CRT,CRT TV - Large 21 inch+,Television,Scrappbazaar + Kabadiwalla Uncle,proxy_from_direct,https://www.scrappbazaar.com/rates ; https://www.kabadiwalla.in/cms-rates,2026-09-05,PROXY,Large-size premium is a conservative proxy around current CRT TV listings.,Tamil Nadu,Chennai,Ambattur Industrial Estate / Guindy,Tier 1,2026-09-05,10:30:00,per_piece,160.0,220.0,190.0,1.01,1.0,1.0,165,190,205,155,215,40,24.2,Stable,Configured CRT-market scenario: stable.,Trishyiraya Recycling India Pvt Ltd,CPCB/EPR-EW/2023/TN-009,Synthetic scenario generated from material baselines and configured location/date factors,Synthetic - requires independent market verification,True,base_mid * location_factor * category_location_factor * date_factor
PRC-TA-CHE-00471,MAT-006,LCD_LED,LCD Panel,LCD Monitor,Desktop computer,Kabadiwalla Uncle + Kabadiwala Online,direct_multi_source,https://www.kabadiwalla.in/cms-rates ; https://kabadiwalaonline.com/secrap-rates/,2026-09-05,DIRECT_RANGE,Current LCD monitor listings: ₹25-30/kg.,Tamil Nadu,Chennai,Ambattur Industrial Estate / Guindy,Tier 1,2026-09-05,10:30:00,per_kg,25.0,30.0,27.5,1.01,1.0,1.0,24,28,30,23,32,6,25.0,Stable,Configured LCD/LED-market scenario: stable.,Trishyiraya Recycling India Pvt Ltd,CPCB/EPR-EW/2023/TN-009,Synthetic scenario generated from material baselines and configured location/date factors,Synthetic - requires independent market verification,True,base_mid * location_factor * category_location_factor * date_factor
PRC-TA-CHE-00472,MAT-007,LCD_LED,LCD Panel,TFT Monitor,Desktop computer,Scrap Savvy,direct,https://scrapsavvykabadiwala.com/scrap-rates-today-scrap-prices/,2026-09-05,DIRECT,Quoted ₹30/kg.,Tamil Nadu,Chennai,Ambattur Industrial Estate / Guindy,Tier 1,2026-09-05,10:30:00,per_kg,30.0,30.0,30.0,1.01,1.0,1.0,26,30,33,25,35,7,26.9,Stable,Configured LCD/LED-market scenario: stable.,Trishyiraya Recycling India Pvt Ltd,CPCB/EPR-EW/2023/TN-009,Synthetic scenario generated from material baselines and configured location/date factors,Synthetic - requires independent market verification,True,base_mid * location_factor * category_location_factor * date_factor
PRC-TA-CHE-00473,MAT-008,LCD_LED,LCD Panel,LCD TV Panel / Assembly,Television,Kabadiwala Online + MetalMandi,direct_multi_source,https://kabadiwalaonline.com/secrap-rates/ ; https://www.metalmandi.in/,2026-09-05,DIRECT_RANGE,LCD display quotes cluster around ₹20-30/kg.,Tamil Nadu,Chennai,Ambattur Industrial Estate / Guindy,Tier 1,2026-09-05,10:30:00,per_kg,20.0,30.0,25.0,1.01,1.0,1.0,22,25,27,21,28,5,22.7,Stable,Configured LCD/LED-market scenario: stable.,Trishyiraya Recycling India Pvt Ltd,CPCB/EPR-EW/2023/TN-009,Synthetic scenario generated from material baselines and configured location/date factors,Synthetic - requires independent market verification,True,base_mid * location_factor * category_location_factor * date_factor
PRC-TA-CHE-00474,MAT-009,LCD_LED,LCD Panel,LED TV Panel / Assembly,Television,Scrappbazaar + MetalMandi,direct_multi_source,https://www.scrappbazaar.com/rates ; https://www.metalmandi.in/,2026-09-05,DIRECT_RANGE,Current LED/LCD listings around ₹20-22/kg.,Tamil Nadu,Chennai,Ambattur Industrial Estate / Guindy,Tier 1,2026-09-05,10:30:00,per_kg,20.0,22.0,21.0,1.01,1.0,1.0,18.2,21,23,17.3,24,4.8,26.4,Stable,Configured LCD/LED-market scenario: stable.,Trishyiraya Recycling India Pvt Ltd,CPCB/EPR-EW/2023/TN-009,Synthetic scenario generated from material baselines and configured location/date factors,Synthetic - requires independent market verification,True,base_mid * location_factor * category_location_factor * date_factor
PRC-TA-CHE-00475,MAT-010,LCD_LED,LCD Panel,Broken LCD/LED Display Lot,TV / monitor,Scrap Savvy + Scrappbazaar,proxy_from_direct,https://scrapsavvykabadiwala.com/scrap-rates-today-scrap-prices/ ; https://www.scrappbazaar.com/rates,2026-09-05,PROXY,Lower-end proxy for broken mixed display assemblies.,Tamil Nadu,Chennai,Ambattur Industrial Estate / Guindy,Tier 1,2026-09-05,10:30:00,per_kg,18.0,25.0,21.5,1.01,1.0,1.0,18.7,22,23,17.8,24,4.3,23.0,Stable,Configured LCD/LED-market scenario: stable.,Trishyiraya Recycling India Pvt Ltd,CPCB/EPR-EW/2023/TN-009,Synthetic scenario generated from material baselines and configured location/date factors,Synthetic - requires independent market verification,True,base_mid * location_factor * category_location_factor * date_factor
PRC-TA-CHE-00476,MAT-011,LCD_LED,LCD Panel,LCD/LED Display - Mixed Scrap,TV / monitor,Kabadiwala Online + Kabadiwalla Uncle,direct_multi_source,https://kabadiwalaonline.com/secrap-rates/ ; https://www.kabadiwalla.in/cms-rates,2026-09-05,DIRECT_RANGE,Generic mixed display baseline.,Tamil Nadu,Chennai,Ambattur Industrial Estate / Guindy,Tier 1,2026-09-05,10:30:00,per_kg,20.0,30.0,25.0,1.01,1.0,1.0,22,25,27,21,28,5,22.7,Stable,Configured LCD/LED-market scenario: stable.,Trishyiraya Recycling India Pvt Ltd,CPCB/EPR-EW/2023/TN-009,Synthetic scenario generated from material baselines and configured location/date factors,Synthetic - requires independent market verification,True,base_mid * location_factor * category_location_factor * date_factor
PRC-TA-CHE-00477,MAT-012,PCB,PCB,Laptop PCB - China Chip,Laptop,MetalMandi,direct,https://www.metalmandi.in/,2026-09-05,DIRECT,"Current MetalMandi grade listing; use as a benchmark, not a guaranteed pickup quote.",Tamil Nadu,Chennai,Ambattur Industrial Estate / Guindy,Tier 1,2026-09-05,10:30:00,per_kg,720.0,720.0,720.0,1.01,1.0,1.0,625,725,785,595,825,160,25.6,Stable,Configured PCB-market scenario: stable.,Trishyiraya Recycling India Pvt Ltd,CPCB/EPR-EW/2023/TN-009,Synthetic scenario generated from material baselines and configured location/date factors,Synthetic - requires independent market verification,True,base_mid * location_factor * category_location_factor * date_factor
PRC-TA-CHE-00478,MAT-013,PCB,PCB,Laptop PCB - VGA Chip,Laptop,MetalMandi,direct,https://www.metalmandi.in/,2026-09-05,DIRECT,"Current MetalMandi grade listing; use as a benchmark, not a guaranteed pickup quote.",Tamil Nadu,Chennai,Ambattur Industrial Estate / Guindy,Tier 1,2026-09-05,10:30:00,per_kg,810.0,810.0,810.0,1.01,1.0,1.0,705,820,885,670,930,180,25.5,Stable,Configured PCB-market scenario: stable.,Trishyiraya Recycling India Pvt Ltd,CPCB/EPR-EW/2023/TN-009,Synthetic scenario generated from material baselines and configured location/date factors,Synthetic - requires independent market verification,True,base_mid * location_factor * category_location_factor * date_factor
PRC-TA-CHE-00479,MAT-014,PCB,PCB,Laptop PCB - Server Board,Laptop / server,MetalMandi,direct,https://www.metalmandi.in/,2026-09-05,DIRECT,"Current MetalMandi grade listing; use as a benchmark, not a guaranteed pickup quote.",Tamil Nadu,Chennai,Ambattur Industrial Estate / Guindy,Tier 1,2026-09-05,10:30:00,per_kg,1800.0,1800.0,1800.0,1.01,1.0,1.0,1550,1800,1950,1450,2050,400,25.8,Stable,Configured PCB-market scenario: stable.,Trishyiraya Recycling India Pvt Ltd,CPCB/EPR-EW/2023/TN-009,Synthetic scenario generated from material baselines and configured location/date factors,Synthetic - requires independent market verification,True,base_mid * location_factor * category_location_factor * date_factor
PRC-TA-CHE-00480,MAT-015,PCB,PCB,Desktop PCB - China Chip,Desktop PC,MetalMandi,direct,https://www.metalmandi.in/,2026-09-05,DIRECT,"Current MetalMandi grade listing; use as a benchmark, not a guaranteed pickup quote.",Tamil Nadu,Chennai,Ambattur Industrial Estate / Guindy,Tier 1,2026-09-05,10:30:00,per_kg,180.0,180.0,180.0,1.01,1.0,1.0,155,180,195,145,205,40,25.8,Stable,Configured PCB-market scenario: stable.,Trishyiraya Recycling India Pvt Ltd,CPCB/EPR-EW/2023/TN-009,Synthetic scenario generated from material baselines and configured location/date factors,Synthetic - requires independent market verification,True,base_mid * location_factor * category_location_factor * date_factor
PRC-TA-CHE-00481,MAT-016,PCB,PCB,Desktop PCB - Single Chip,Desktop PC,MetalMandi,direct,https://www.metalmandi.in/,2026-09-05,DIRECT,"Current MetalMandi grade listing; use as a benchmark, not a guaranteed pickup quote.",Tamil Nadu,Chennai,Ambattur Industrial Estate / Guindy,Tier 1,2026-09-05,10:30:00,per_kg,675.0,675.0,675.0,1.01,1.0,1.0,585,680,735,555,770,150,25.6,Stable,Configured PCB-market scenario: stable.,Trishyiraya Recycling India Pvt Ltd,CPCB/EPR-EW/2023/TN-009,Synthetic scenario generated from material baselines and configured location/date factors,Synthetic - requires independent market verification,True,base_mid * location_factor * category_location_factor * date_factor
PRC-TA-CHE-00482,MAT-017,PCB,PCB,Desktop PCB - Double Chip,Desktop PC,MetalMandi,direct,https://www.metalmandi.in/,2026-09-05,DIRECT,"Current MetalMandi grade listing; use as a benchmark, not a guaranteed pickup quote.",Tamil Nadu,Chennai,Ambattur Industrial Estate / Guindy,Tier 1,2026-09-05,10:30:00,per_kg,1125.0,1125.0,1125.0,1.01,1.0,1.0,975,1150,1250,925,1300,275,28.2,Stable,Configured PCB-market scenario: stable.,Trishyiraya Recycling India Pvt Ltd,CPCB/EPR-EW/2023/TN-009,Synthetic scenario generated from material baselines and configured location/date factors,Synthetic - requires independent market verification,True,base_mid * location_factor * category_location_factor * date_factor
PRC-TA-CHE-00483,MAT-018,PCB,PCB,Set-top Box PCB - China Chip,Set-top box,MetalMandi,direct,https://www.metalmandi.in/,2026-09-05,DIRECT,"Current MetalMandi grade listing; use as a benchmark, not a guaranteed pickup quote.",Tamil Nadu,Chennai,Ambattur Industrial Estate / Guindy,Tier 1,2026-09-05,10:30:00,per_kg,126.0,126.0,126.0,1.01,1.0,1.0,110,125,135,105,140,25,22.7,Stable,Configured PCB-market scenario: stable.,Trishyiraya Recycling India Pvt Ltd,CPCB/EPR-EW/2023/TN-009,Synthetic scenario generated from material baselines and configured location/date factors,Synthetic - requires independent market verification,True,base_mid * location_factor * category_location_factor * date_factor
PRC-TA-CHE-00484,MAT-019,PCB,PCB,Set-top Box PCB - Black Chip,Set-top box,MetalMandi,direct,https://www.metalmandi.in/,2026-09-05,DIRECT,"Current MetalMandi grade listing; use as a benchmark, not a guaranteed pickup quote.",Tamil Nadu,Chennai,Ambattur Industrial Estate / Guindy,Tier 1,2026-09-05,10:30:00,per_kg,189.0,189.0,189.0,1.01,1.0,1.0,165,190,205,155,215,40,24.2,Stable,Configured PCB-market scenario: stable.,Trishyiraya Recycling India Pvt Ltd,CPCB/EPR-EW/2023/TN-009,Synthetic scenario generated from material baselines and configured location/date factors,Synthetic - requires independent market verification,True,base_mid * location_factor * category_location_factor * date_factor
PRC-TA-CHE-00485,MAT-020,PCB,PCB,Set-top Box PCB - VGA Chip,Set-top box,MetalMandi,direct,https://www.metalmandi.in/,2026-09-05,DIRECT,"Current MetalMandi grade listing; use as a benchmark, not a guaranteed pickup quote.",Tamil Nadu,Chennai,Ambattur Industrial Estate / Guindy,Tier 1,2026-09-05,10:30:00,per_kg,252.0,252.0,252.0,1.01,1.0,1.0,220,255,275,210,290,55,25.0,Stable,Configured PCB-market scenario: stable.,Trishyiraya Recycling India Pvt Ltd,CPCB/EPR-EW/2023/TN-009,Synthetic scenario generated from material baselines and configured location/date factors,Synthetic - requires independent market verification,True,base_mid * location_factor * category_location_factor * date_factor
PRC-TA-CHE-00486,MAT-021,PCB,PCB,Set-top Box PCB - Combo Chip,Set-top box,MetalMandi,direct,https://www.metalmandi.in/,2026-09-05,DIRECT,"Current MetalMandi grade listing; use as a benchmark, not a guaranteed pickup quote.",Tamil Nadu,Chennai,Ambattur Industrial Estate / Guindy,Tier 1,2026-09-05,10:30:00,per_kg,315.0,315.0,315.0,1.01,1.0,1.0,275,320,345,260,360,70,25.5,Stable,Configured PCB-market scenario: stable.,Trishyiraya Recycling India Pvt Ltd,CPCB/EPR-EW/2023/TN-009,Synthetic scenario generated from material baselines and configured location/date factors,Synthetic - requires independent market verification,True,base_mid * location_factor * category_location_factor * date_factor
PRC-TA-CHE-00487,MAT-022,PCB,PCB,Keypad Phone PCB - Branded,Keypad phone,MetalMandi,direct,https://www.metalmandi.in/,2026-09-05,DIRECT,"Current MetalMandi grade listing; use as a benchmark, not a guaranteed pickup quote.",Tamil Nadu,Chennai,Ambattur Industrial Estate / Guindy,Tier 1,2026-09-05,10:30:00,per_kg,113.0,113.0,113.0,1.01,1.0,1.0,98,115,125,93,130,27,27.6,Stable,Configured PCB-market scenario: stable.,Trishyiraya Recycling India Pvt Ltd,CPCB/EPR-EW/2023/TN-009,Synthetic scenario generated from material baselines and configured location/date factors,Synthetic - requires independent market verification,True,base_mid * location_factor * category_location_factor * date_factor
PRC-TA-CHE-00488,MAT-023,PCB,PCB,Keypad Phone PCB - China,Keypad phone,MetalMandi,direct,https://www.metalmandi.in/,2026-09-05,DIRECT,"Current MetalMandi grade listing; use as a benchmark, not a guaranteed pickup quote.",Tamil Nadu,Chennai,Ambattur Industrial Estate / Guindy,Tier 1,2026-09-05,10:30:00,per_kg,38.0,38.0,38.0,1.01,1.0,1.0,33,38,41,31,43,8,24.2,Stable,Configured PCB-market scenario: stable.,Trishyiraya Recycling India Pvt Ltd,CPCB/EPR-EW/2023/TN-009,Synthetic scenario generated from material baselines and configured location/date factors,Synthetic - requires independent market verification,True,base_mid * location_factor * category_location_factor * date_factor
PRC-TA-CHE-00489,MAT-024,PCB,PCB,Smartphone PCB - 8GB Grade,Smartphone,MetalMandi,direct,https://www.metalmandi.in/,2026-09-05,DIRECT,"Current MetalMandi grade listing; use as a benchmark, not a guaranteed pickup quote.",Tamil Nadu,Chennai,Ambattur Industrial Estate / Guindy,Tier 1,2026-09-05,10:30:00,per_kg,420.0,420.0,420.0,1.01,1.0,1.0,365,425,460,345,485,95,26.0,Stable,Configured PCB-market scenario: stable.,Trishyiraya Recycling India Pvt Ltd,CPCB/EPR-EW/2023/TN-009,Synthetic scenario generated from material baselines and configured location/date factors,Synthetic - requires independent market verification,True,base_mid * location_factor * category_location_factor * date_factor
PRC-TA-CHE-00490,MAT-025,PCB,PCB,Smartphone PCB - 128GB Grade,Smartphone,MetalMandi,direct,https://www.metalmandi.in/,2026-09-05,DIRECT,"Current MetalMandi grade listing; use as a benchmark, not a guaranteed pickup quote.",Tamil Nadu,Chennai,Ambattur Industrial Estate / Guindy,Tier 1,2026-09-05,10:30:00,per_kg,1260.0,1260.0,1260.0,1.01,1.0,1.0,1100,1250,1350,1050,1400,250,22.7,Stable,Configured PCB-market scenario: stable.,Trishyiraya Recycling India Pvt Ltd,CPCB/EPR-EW/2023/TN-009,Synthetic scenario generated from material baselines and configured location/date factors,Synthetic - requires independent market verification,True,base_mid * location_factor * category_location_factor * date_factor
PRC-TA-CHE-00491,MAT-026,PCB,PCB,Smartphone PCB - 256GB Grade,Smartphone,MetalMandi,direct,https://www.metalmandi.in/,2026-09-05,DIRECT,"Current MetalMandi grade listing; use as a benchmark, not a guaranteed pickup quote.",Tamil Nadu,Chennai,Ambattur Industrial Estate / Guindy,Tier 1,2026-09-05,10:30:00,per_kg,1960.0,1960.0,1960.0,1.01,1.0,1.0,1700,2000,2150,1600,2250,450,26.5,Stable,Configured PCB-market scenario: stable.,Trishyiraya Recycling India Pvt Ltd,CPCB/EPR-EW/2023/TN-009,Synthetic scenario generated from material baselines and configured location/date factors,Synthetic - requires independent market verification,True,base_mid * location_factor * category_location_factor * date_factor
PRC-TA-CHE-00492,MAT-027,PCB,PCB,Mixed Motherboard Scrap,Desktop / laptop,TradeIndia Ghaziabad listings,direct_range,https://www.tradeindia.com/ghaziabad/motherboard-scrap-city-193475.html,2026-09-05,DIRECT_RANGE,Current listings show roughly ₹360-500/kg for motherboard scrap.,Tamil Nadu,Chennai,Ambattur Industrial Estate / Guindy,Tier 1,2026-07-15,11:00:00,per_kg,360.0,500.0,430.0,1.01,1.0,0.965,360,420,455,340,480,95,26.4,Stable,Configured PCB-market scenario: stable.,Trishyiraya Recycling India Pvt Ltd,CPCB/EPR-EW/2023/TN-009,Synthetic scenario generated from material baselines and configured location/date factors,Synthetic - requires independent market verification,True,base_mid * location_factor * category_location_factor * date_factor
PRC-TA-CHE-00493,MAT-027,PCB,PCB,Mixed Motherboard Scrap,Desktop / laptop,TradeIndia Ghaziabad listings,direct_range,https://www.tradeindia.com/ghaziabad/motherboard-scrap-city-193475.html,2026-09-05,DIRECT_RANGE,Current listings show roughly ₹360-500/kg for motherboard scrap.,Tamil Nadu,Chennai,Ambattur Industrial Estate / Guindy,Tier 1,2026-08-01,11:00:00,per_kg,360.0,500.0,430.0,1.01,1.0,0.978,365,425,460,345,485,95,26.0,Stable,Configured PCB-market scenario: stable.,Trishyiraya Recycling India Pvt Ltd,CPCB/EPR-EW/2023/TN-009,Synthetic scenario generated from material baselines and configured location/date factors,Synthetic - requires independent market verification,True,base_mid * location_factor * category_location_factor * date_factor
PRC-TA-CHE-00494,MAT-027,PCB,PCB,Mixed Motherboard Scrap,Desktop / laptop,TradeIndia Ghaziabad listings,direct_range,https://www.tradeindia.com/ghaziabad/motherboard-scrap-city-193475.html,2026-09-05,DIRECT_RANGE,Current listings show roughly ₹360-500/kg for motherboard scrap.,Tamil Nadu,Chennai,Ambattur Industrial Estate / Guindy,Tier 1,2026-08-15,11:00:00,per_kg,360.0,500.0,430.0,1.01,1.0,0.985,370,430,460,350,485,90,24.3,Stable,Configured PCB-market scenario: stable.,Trishyiraya Recycling India Pvt Ltd,CPCB/EPR-EW/2023/TN-009,Synthetic scenario generated from material baselines and configured location/date factors,Synthetic - requires independent market verification,True,base_mid * location_factor * category_location_factor * date_factor
PRC-TA-CHE-00495,MAT-027,PCB,PCB,Mixed Motherboard Scrap,Desktop / laptop,TradeIndia Ghaziabad listings,direct_range,https://www.tradeindia.com/ghaziabad/motherboard-scrap-city-193475.html,2026-09-05,DIRECT_RANGE,Current listings show roughly ₹360-500/kg for motherboard scrap.,Tamil Nadu,Chennai,Ambattur Industrial Estate / Guindy,Tier 1,2026-09-01,11:00:00,per_kg,360.0,500.0,430.0,1.01,1.0,0.995,370,430,465,350,490,95,25.7,Stable,Configured PCB-market scenario: stable.,Trishyiraya Recycling India Pvt Ltd,CPCB/EPR-EW/2023/TN-009,Synthetic scenario generated from material baselines and configured location/date factors,Synthetic - requires independent market verification,True,base_mid * location_factor * category_location_factor * date_factor
PRC-TA-CHE-00496,MAT-027,PCB,PCB,Mixed Motherboard Scrap,Desktop / laptop,TradeIndia Ghaziabad listings,direct_range,https://www.tradeindia.com/ghaziabad/motherboard-scrap-city-193475.html,2026-09-05,DIRECT_RANGE,Current listings show roughly ₹360-500/kg for motherboard scrap.,Tamil Nadu,Chennai,Ambattur Industrial Estate / Guindy,Tier 1,2026-09-05,10:30:00,per_kg,360.0,500.0,430.0,1.01,1.0,1.0,375,435,470,355,495,95,25.3,Stable,Configured PCB-market scenario: stable.,Trishyiraya Recycling India Pvt Ltd,CPCB/EPR-EW/2023/TN-009,Synthetic scenario generated from material baselines and configured location/date factors,Synthetic - requires independent market verification,True,base_mid * location_factor * category_location_factor * date_factor
PRC-TA-CHE-00497,MAT-028,CABLES_WIRES,Cable,Bare Bright Copper Wire,Electrical/electronic wiring,BIN 2026 guide,direct_range,https://joinbin.com/scrap-rate-copper-india,2026-09-05,DIRECT_RANGE,Grade and copper recovery strongly affect actual offer.,Tamil Nadu,Chennai,Ambattur Industrial Estate / Guindy,Tier 1,2026-07-15,11:00:00,per_kg,650.0,700.0,675.0,1.01,1.0,0.965,565,660,710,535,745,145,25.7,Stable,Configured cable-market scenario: stable.,Trishyiraya Recycling India Pvt Ltd,CPCB/EPR-EW/2023/TN-009,Synthetic scenario generated from material baselines and configured location/date factors,Synthetic - requires independent market verification,True,base_mid * location_factor * category_location_factor * date_factor
PRC-TA-CHE-00498,MAT-028,CABLES_WIRES,Cable,Bare Bright Copper Wire,Electrical/electronic wiring,BIN 2026 guide,direct_range,https://joinbin.com/scrap-rate-copper-india,2026-09-05,DIRECT_RANGE,Grade and copper recovery strongly affect actual offer.,Tamil Nadu,Chennai,Ambattur Industrial Estate / Guindy,Tier 1,2026-08-01,11:00:00,per_kg,650.0,700.0,675.0,1.01,1.0,0.978,575,665,720,545,755,145,25.2,Stable,Configured cable-market scenario: stable.,Trishyiraya Recycling India Pvt Ltd,CPCB/EPR-EW/2023/TN-009,Synthetic scenario generated from material baselines and configured location/date factors,Synthetic - requires independent market verification,True,base_mid * location_factor * category_location_factor * date_factor
PRC-TA-CHE-00499,MAT-028,CABLES_WIRES,Cable,Bare Bright Copper Wire,Electrical/electronic wiring,BIN 2026 guide,direct_range,https://joinbin.com/scrap-rate-copper-india,2026-09-05,DIRECT_RANGE,Grade and copper recovery strongly affect actual offer.,Tamil Nadu,Chennai,Ambattur Industrial Estate / Guindy,Tier 1,2026-08-15,11:00:00,per_kg,650.0,700.0,675.0,1.01,1.0,0.985,580,670,725,550,760,145,25.0,Stable,Configured cable-market scenario: stable.,Trishyiraya Recycling India Pvt Ltd,CPCB/EPR-EW/2023/TN-009,Synthetic scenario generated from material baselines and configured location/date factors,Synthetic - requires independent market verification,True,base_mid * location_factor * category_location_factor * date_factor
PRC-TA-CHE-00500,MAT-028,CABLES_WIRES,Cable,Bare Bright Copper Wire,Electrical/electronic wiring,BIN 2026 guide,direct_range,https://joinbin.com/scrap-rate-copper-india,2026-09-05,DIRECT_RANGE,Grade and copper recovery strongly affect actual offer.,Tamil Nadu,Chennai,Ambattur Industrial Estate / Guindy,Tier 1,2026-09-01,11:00:00,per_kg,650.0,700.0,675.0,1.01,1.0,0.995,585,680,735,555,770,150,25.6,Stable,Configured cable-market scenario: stable.,Trishyiraya Recycling India Pvt Ltd,CPCB/EPR-EW/2023/TN-009,Synthetic scenario generated from material baselines and configured location/date factors,Synthetic - requires independent market verification,True,base_mid * location_factor * category_location_factor * date_factor
PRC-TA-CHE-00501,MAT-028,CABLES_WIRES,Cable,Bare Bright Copper Wire,Electrical/electronic wiring,BIN 2026 guide,direct_range,https://joinbin.com/scrap-rate-copper-india,2026-09-05,DIRECT_RANGE,Grade and copper recovery strongly affect actual offer.,Tamil Nadu,Chennai,Ambattur Industrial Estate / Guindy,Tier 1,2026-09-05,10:30:00,per_kg,650.0,700.0,675.0,1.01,1.0,1.0,585,680,735,555,770,150,25.6,Stable,Configured cable-market scenario: stable.,Trishyiraya Recycling India Pvt Ltd,CPCB/EPR-EW/2023/TN-009,Synthetic scenario generated from material baselines and configured location/date factors,Synthetic - requires independent market verification,True,base_mid * location_factor * category_location_factor * date_factor
PRC-TA-CHE-00502,MAT-029,CABLES_WIRES,Cable,#1 Clean Copper Wire,Electrical/electronic wiring,BIN 2026 guide,direct_range,https://joinbin.com/scrap-rate-copper-india,2026-09-05,DIRECT_RANGE,Grade and copper recovery strongly affect actual offer.,Tamil Nadu,Chennai,Ambattur Industrial Estate / Guindy,Tier 1,2026-09-05,10:30:00,per_kg,620.0,680.0,650.0,1.01,1.0,1.0,565,655,710,535,745,145,25.7,Stable,Configured cable-market scenario: stable.,Trishyiraya Recycling India Pvt Ltd,CPCB/EPR-EW/2023/TN-009,Synthetic scenario generated from material baselines and configured location/date factors,Synthetic - requires independent market verification,True,base_mid * location_factor * category_location_factor * date_factor
PRC-TA-CHE-00503,MAT-030,CABLES_WIRES,Cable,#2 Mixed Copper Wire,Electrical/electronic wiring,BIN 2026 guide,direct_range,https://joinbin.com/scrap-rate-copper-india,2026-09-05,DIRECT_RANGE,Grade and copper recovery strongly affect actual offer.,Tamil Nadu,Chennai,Ambattur Industrial Estate / Guindy,Tier 1,2026-09-05,10:30:00,per_kg,550.0,620.0,585.0,1.01,1.0,1.0,510,590,640,485,670,130,25.5,Stable,Configured cable-market scenario: stable.,Trishyiraya Recycling India Pvt Ltd,CPCB/EPR-EW/2023/TN-009,Synthetic scenario generated from material baselines and configured location/date factors,Synthetic - requires independent market verification,True,base_mid * location_factor * category_location_factor * date_factor
PRC-TA-CHE-00504,MAT-031,CABLES_WIRES,Cable,Insulated Copper Wire,Power/data cable,BIN 2026 guide,direct_range,https://joinbin.com/scrap-rate-copper-india,2026-09-05,DIRECT_RANGE,Grade and copper recovery strongly affect actual offer.,Tamil Nadu,Chennai,Ambattur Industrial Estate / Guindy,Tier 1,2026-07-15,11:00:00,per_kg,350.0,500.0,425.0,1.01,1.0,0.965,355,415,445,335,465,90,25.4,Stable,Configured cable-market scenario: stable.,Trishyiraya Recycling India Pvt Ltd,CPCB/EPR-EW/2023/TN-009,Synthetic scenario generated from material baselines and configured location/date factors,Synthetic - requires independent market verification,True,base_mid * location_factor * category_location_factor * date_factor
PRC-TA-CHE-00505,MAT-031,CABLES_WIRES,Cable,Insulated Copper Wire,Power/data cable,BIN 2026 guide,direct_range,https://joinbin.com/scrap-rate-copper-india,2026-09-05,DIRECT_RANGE,Grade and copper recovery strongly affect actual offer.,Tamil Nadu,Chennai,Ambattur Industrial Estate / Guindy,Tier 1,2026-08-01,11:00:00,per_kg,350.0,500.0,425.0,1.01,1.0,0.978,360,420,455,340,480,95,26.4,Stable,Configured cable-market scenario: stable.,Trishyiraya Recycling India Pvt Ltd,CPCB/EPR-EW/2023/TN-009,Synthetic scenario generated from material baselines and configured location/date factors,Synthetic - requires independent market verification,True,base_mid * location_factor * category_location_factor * date_factor
PRC-TA-CHE-00506,MAT-031,CABLES_WIRES,Cable,Insulated Copper Wire,Power/data cable,BIN 2026 guide,direct_range,https://joinbin.com/scrap-rate-copper-india,2026-09-05,DIRECT_RANGE,Grade and copper recovery strongly affect actual offer.,Tamil Nadu,Chennai,Ambattur Industrial Estate / Guindy,Tier 1,2026-08-15,11:00:00,per_kg,350.0,500.0,425.0,1.01,1.0,0.985,365,425,455,345,480,90,24.7,Stable,Configured cable-market scenario: stable.,Trishyiraya Recycling India Pvt Ltd,CPCB/EPR-EW/2023/TN-009,Synthetic scenario generated from material baselines and configured location/date factors,Synthetic - requires independent market verification,True,base_mid * location_factor * category_location_factor * date_factor
PRC-TA-CHE-00507,MAT-031,CABLES_WIRES,Cable,Insulated Copper Wire,Power/data cable,BIN 2026 guide,direct_range,https://joinbin.com/scrap-rate-copper-india,2026-09-05,DIRECT_RANGE,Grade and copper recovery strongly affect actual offer.,Tamil Nadu,Chennai,Ambattur Industrial Estate / Guindy,Tier 1,2026-09-01,11:00:00,per_kg,350.0,500.0,425.0,1.01,1.0,0.995,365,425,460,345,485,95,26.0,Stable,Configured cable-market scenario: stable.,Trishyiraya Recycling India Pvt Ltd,CPCB/EPR-EW/2023/TN-009,Synthetic scenario generated from material baselines and configured location/date factors,Synthetic - requires independent market verification,True,base_mid * location_factor * category_location_factor * date_factor
PRC-TA-CHE-00508,MAT-031,CABLES_WIRES,Cable,Insulated Copper Wire,Power/data cable,BIN 2026 guide,direct_range,https://joinbin.com/scrap-rate-copper-india,2026-09-05,DIRECT_RANGE,Grade and copper recovery strongly affect actual offer.,Tamil Nadu,Chennai,Ambattur Industrial Estate / Guindy,Tier 1,2026-09-05,10:30:00,per_kg,350.0,500.0,425.0,1.01,1.0,1.0,370,430,465,350,490,95,25.7,Stable,Configured cable-market scenario: stable.,Trishyiraya Recycling India Pvt Ltd,CPCB/EPR-EW/2023/TN-009,Synthetic scenario generated from material baselines and configured location/date factors,Synthetic - requires independent market verification,True,base_mid * location_factor * category_location_factor * date_factor
PRC-TA-CHE-00509,MAT-032,CABLES_WIRES,Cable,Copper Motor Winding Wire,Motor / fan winding,Scrapyard India,direct_range,https://www.scrapyard.co.in/copper-scrap-rates-india,2026-09-05,DIRECT_RANGE,Grade and copper recovery strongly affect actual offer.,Tamil Nadu,Chennai,Ambattur Industrial Estate / Guindy,Tier 1,2026-09-05,10:30:00,per_kg,420.0,450.0,435.0,1.01,1.0,1.0,380,440,475,360,500,95,25.0,Stable,Configured cable-market scenario: stable.,Trishyiraya Recycling India Pvt Ltd,CPCB/EPR-EW/2023/TN-009,Synthetic scenario generated from material baselines and configured location/date factors,Synthetic - requires independent market verification,True,base_mid * location_factor * category_location_factor * date_factor
PRC-TA-CHE-00510,MAT-033,CABLES_WIRES,Cable,Copper Transformer Winding,Transformer / PSU,Scrapyard India,direct_range,https://www.scrapyard.co.in/copper-scrap-rates-india,2026-09-05,DIRECT_RANGE,Grade and copper recovery strongly affect actual offer.,Tamil Nadu,Chennai,Ambattur Industrial Estate / Guindy,Tier 1,2026-09-05,10:30:00,per_kg,380.0,420.0,400.0,1.01,1.0,1.0,345,405,435,330,455,90,26.1,Stable,Configured cable-market scenario: stable.,Trishyiraya Recycling India Pvt Ltd,CPCB/EPR-EW/2023/TN-009,Synthetic scenario generated from material baselines and configured location/date factors,Synthetic - requires independent market verification,True,base_mid * location_factor * category_location_factor * date_factor
PRC-TA-CHE-00511,MAT-034,CABLES_WIRES,Cable,Copper Cable Scrap - High Grade,Power cable,ExportersIndia,direct_range,https://www.exportersindia.com/indian-suppliers/copper-cable-scrap.htm,2026-09-05,DIRECT_RANGE,Grade and copper recovery strongly affect actual offer.,Tamil Nadu,Chennai,Ambattur Industrial Estate / Guindy,Tier 1,2026-09-05,10:30:00,per_kg,650.0,775.0,712.5,1.01,1.0,1.0,620,720,775,590,815,155,25.0,Stable,Configured cable-market scenario: stable.,Trishyiraya Recycling India Pvt Ltd,CPCB/EPR-EW/2023/TN-009,Synthetic scenario generated from material baselines and configured location/date factors,Synthetic - requires independent market verification,True,base_mid * location_factor * category_location_factor * date_factor
PRC-TA-CHE-00512,MAT-035,CABLES_WIRES,Cable,Mixed Low-Grade Electronic Cable,Chargers / data cables,TradeIndia + Scrapyard India,proxy_from_direct,https://www.tradeindia.com/products/icw-insulated-copper-wire-scrap-9932932.html ; https://www.scrapyard.co.in/copper-scrap-rates-india,2026-09-05,PROXY,Grade and copper recovery strongly affect actual offer.,Tamil Nadu,Chennai,Ambattur Industrial Estate / Guindy,Tier 1,2026-09-05,10:30:00,per_kg,250.0,390.0,320.0,1.01,1.0,1.0,280,325,350,265,370,70,25.0,Stable,Configured cable-market scenario: stable.,Trishyiraya Recycling India Pvt Ltd,CPCB/EPR-EW/2023/TN-009,Synthetic scenario generated from material baselines and configured location/date factors,Synthetic - requires independent market verification,True,base_mid * location_factor * category_location_factor * date_factor
PRC-TA-CHE-00513,MAT-036,BATTERIES,Battery,Car Lead-Acid Battery,Car / automotive,ScrapTech,direct,https://scraptechindia.com/,2026-09-05,DIRECT,Battery chemistry must be known before using a specific chemistry rate.,Tamil Nadu,Chennai,Ambattur Industrial Estate / Guindy,Tier 1,2026-07-15,11:00:00,per_kg,125.0,125.0,125.0,1.01,1.04,0.965,110,125,135,105,140,25,22.7,Stable,Configured battery-market scenario: stable.,Trishyiraya Recycling India Pvt Ltd,CPCB/EPR-EW/2023/TN-009,Synthetic scenario generated from material baselines and configured location/date factors,Synthetic - requires independent market verification,True,base_mid * location_factor * category_location_factor * date_factor
PRC-TA-CHE-00514,MAT-036,BATTERIES,Battery,Car Lead-Acid Battery,Car / automotive,ScrapTech,direct,https://scraptechindia.com/,2026-09-05,DIRECT,Battery chemistry must be known before using a specific chemistry rate.,Tamil Nadu,Chennai,Ambattur Industrial Estate / Guindy,Tier 1,2026-08-01,11:00:00,per_kg,125.0,125.0,125.0,1.01,1.04,0.978,110,130,140,105,145,30,27.3,Stable,Configured battery-market scenario: stable.,Trishyiraya Recycling India Pvt Ltd,CPCB/EPR-EW/2023/TN-009,Synthetic scenario generated from material baselines and configured location/date factors,Synthetic - requires independent market verification,True,base_mid * location_factor * category_location_factor * date_factor
PRC-TA-CHE-00515,MAT-036,BATTERIES,Battery,Car Lead-Acid Battery,Car / automotive,ScrapTech,direct,https://scraptechindia.com/,2026-09-05,DIRECT,Battery chemistry must be known before using a specific chemistry rate.,Tamil Nadu,Chennai,Ambattur Industrial Estate / Guindy,Tier 1,2026-08-15,11:00:00,per_kg,125.0,125.0,125.0,1.01,1.04,0.985,110,130,140,105,145,30,27.3,Stable,Configured battery-market scenario: stable.,Trishyiraya Recycling India Pvt Ltd,CPCB/EPR-EW/2023/TN-009,Synthetic scenario generated from material baselines and configured location/date factors,Synthetic - requires independent market verification,True,base_mid * location_factor * category_location_factor * date_factor
PRC-TA-CHE-00516,MAT-036,BATTERIES,Battery,Car Lead-Acid Battery,Car / automotive,ScrapTech,direct,https://scraptechindia.com/,2026-09-05,DIRECT,Battery chemistry must be known before using a specific chemistry rate.,Tamil Nadu,Chennai,Ambattur Industrial Estate / Guindy,Tier 1,2026-09-01,11:00:00,per_kg,125.0,125.0,125.0,1.01,1.04,0.995,110,130,140,105,145,30,27.3,Stable,Configured battery-market scenario: stable.,Trishyiraya Recycling India Pvt Ltd,CPCB/EPR-EW/2023/TN-009,Synthetic scenario generated from material baselines and configured location/date factors,Synthetic - requires independent market verification,True,base_mid * location_factor * category_location_factor * date_factor
PRC-TA-CHE-00517,MAT-036,BATTERIES,Battery,Car Lead-Acid Battery,Car / automotive,ScrapTech,direct,https://scraptechindia.com/,2026-09-05,DIRECT,Battery chemistry must be known before using a specific chemistry rate.,Tamil Nadu,Chennai,Ambattur Industrial Estate / Guindy,Tier 1,2026-09-05,10:30:00,per_kg,125.0,125.0,125.0,1.01,1.04,1.0,115,130,140,110,145,25,21.7,Stable,Configured battery-market scenario: stable.,Trishyiraya Recycling India Pvt Ltd,CPCB/EPR-EW/2023/TN-009,Synthetic scenario generated from material baselines and configured location/date factors,Synthetic - requires independent market verification,True,base_mid * location_factor * category_location_factor * date_factor
PRC-TA-CHE-00518,MAT-037,BATTERIES,Battery,Inverter Battery,Home inverter,The Kabadiwala + ScrapTech,direct_multi_source,https://www.thekabadiwala.com/scrap-rates/Bhopal ; https://scraptechindia.com/,2026-09-05,DIRECT_RANGE,Battery chemistry must be known before using a specific chemistry rate.,Tamil Nadu,Chennai,Ambattur Industrial Estate / Guindy,Tier 1,2026-07-15,11:00:00,per_kg,80.0,110.0,95.0,1.01,1.04,0.965,83,96,105,79,110,22,26.5,Stable,Configured battery-market scenario: stable.,Trishyiraya Recycling India Pvt Ltd,CPCB/EPR-EW/2023/TN-009,Synthetic scenario generated from material baselines and configured location/date factors,Synthetic - requires independent market verification,True,base_mid * location_factor * category_location_factor * date_factor
PRC-TA-CHE-00519,MAT-037,BATTERIES,Battery,Inverter Battery,Home inverter,The Kabadiwala + ScrapTech,direct_multi_source,https://www.thekabadiwala.com/scrap-rates/Bhopal ; https://scraptechindia.com/,2026-09-05,DIRECT_RANGE,Battery chemistry must be known before using a specific chemistry rate.,Tamil Nadu,Chennai,Ambattur Industrial Estate / Guindy,Tier 1,2026-08-01,11:00:00,per_kg,80.0,110.0,95.0,1.01,1.04,0.978,84,98,105,80,110,21,25.0,Stable,Configured battery-market scenario: stable.,Trishyiraya Recycling India Pvt Ltd,CPCB/EPR-EW/2023/TN-009,Synthetic scenario generated from material baselines and configured location/date factors,Synthetic - requires independent market verification,True,base_mid * location_factor * category_location_factor * date_factor
PRC-TA-CHE-00520,MAT-037,BATTERIES,Battery,Inverter Battery,Home inverter,The Kabadiwala + ScrapTech,direct_multi_source,https://www.thekabadiwala.com/scrap-rates/Bhopal ; https://scraptechindia.com/,2026-09-05,DIRECT_RANGE,Battery chemistry must be known before using a specific chemistry rate.,Tamil Nadu,Chennai,Ambattur Industrial Estate / Guindy,Tier 1,2026-08-15,11:00:00,per_kg,80.0,110.0,95.0,1.01,1.04,0.985,85,98,105,81,110,20,23.5,Stable,Configured battery-market scenario: stable.,Trishyiraya Recycling India Pvt Ltd,CPCB/EPR-EW/2023/TN-009,Synthetic scenario generated from material baselines and configured location/date factors,Synthetic - requires independent market verification,True,base_mid * location_factor * category_location_factor * date_factor
PRC-TA-CHE-00521,MAT-037,BATTERIES,Battery,Inverter Battery,Home inverter,The Kabadiwala + ScrapTech,direct_multi_source,https://www.thekabadiwala.com/scrap-rates/Bhopal ; https://scraptechindia.com/,2026-09-05,DIRECT_RANGE,Battery chemistry must be known before using a specific chemistry rate.,Tamil Nadu,Chennai,Ambattur Industrial Estate / Guindy,Tier 1,2026-09-01,11:00:00,per_kg,80.0,110.0,95.0,1.01,1.04,0.995,85,99,105,81,110,20,23.5,Stable,Configured battery-market scenario: stable.,Trishyiraya Recycling India Pvt Ltd,CPCB/EPR-EW/2023/TN-009,Synthetic scenario generated from material baselines and configured location/date factors,Synthetic - requires independent market verification,True,base_mid * location_factor * category_location_factor * date_factor
PRC-TA-CHE-00522,MAT-037,BATTERIES,Battery,Inverter Battery,Home inverter,The Kabadiwala + ScrapTech,direct_multi_source,https://www.thekabadiwala.com/scrap-rates/Bhopal ; https://scraptechindia.com/,2026-09-05,DIRECT_RANGE,Battery chemistry must be known before using a specific chemistry rate.,Tamil Nadu,Chennai,Ambattur Industrial Estate / Guindy,Tier 1,2026-09-05,10:30:00,per_kg,80.0,110.0,95.0,1.01,1.04,1.0,86,100,110,82,115,24,27.9,Stable,Configured battery-market scenario: stable.,Trishyiraya Recycling India Pvt Ltd,CPCB/EPR-EW/2023/TN-009,Synthetic scenario generated from material baselines and configured location/date factors,Synthetic - requires independent market verification,True,base_mid * location_factor * category_location_factor * date_factor
PRC-TA-CHE-00523,MAT-038,BATTERIES,Battery,Lead-Acid Battery - Generic,UPS / backup power,ScrapTech,direct,https://scraptechindia.com/,2026-09-05,DIRECT,Battery chemistry must be known before using a specific chemistry rate.,Tamil Nadu,Chennai,Ambattur Industrial Estate / Guindy,Tier 1,2026-09-05,10:30:00,per_kg,95.0,95.0,95.0,1.01,1.04,1.0,86,100,110,82,115,24,27.9,Stable,Configured battery-market scenario: stable.,Trishyiraya Recycling India Pvt Ltd,CPCB/EPR-EW/2023/TN-009,Synthetic scenario generated from material baselines and configured location/date factors,Synthetic - requires independent market verification,True,base_mid * location_factor * category_location_factor * date_factor
PRC-TA-CHE-00524,MAT-039,BATTERIES,Battery,Li-ion Battery - Mixed,Consumer electronics,ScrapTech,direct,https://scraptechindia.com/,2026-09-05,DIRECT,Battery chemistry must be known before using a specific chemistry rate.,Tamil Nadu,Chennai,Ambattur Industrial Estate / Guindy,Tier 1,2026-09-05,10:30:00,per_kg,145.0,145.0,145.0,1.01,1.04,1.0,130,150,165,125,175,35,26.9,Stable,Configured battery-market scenario: stable.,Trishyiraya Recycling India Pvt Ltd,CPCB/EPR-EW/2023/TN-009,Synthetic scenario generated from material baselines and configured location/date factors,Synthetic - requires independent market verification,True,base_mid * location_factor * category_location_factor * date_factor
PRC-TA-CHE-00525,MAT-040,BATTERIES,Battery,Laptop Li-ion Battery,Laptop,MetalMandi,direct,https://www.metalmandi.in/,2026-09-05,DIRECT,Battery chemistry must be known before using a specific chemistry rate.,Tamil Nadu,Chennai,Ambattur Industrial Estate / Guindy,Tier 1,2026-09-05,10:30:00,per_kg,298.0,298.0,298.0,1.01,1.04,1.0,270,315,340,255,355,70,25.9,Stable,Configured battery-market scenario: stable.,Trishyiraya Recycling India Pvt Ltd,CPCB/EPR-EW/2023/TN-009,Synthetic scenario generated from material baselines and configured location/date factors,Synthetic - requires independent market verification,True,base_mid * location_factor * category_location_factor * date_factor
PRC-TA-CHE-00526,MAT-041,BATTERIES,Battery,Smartphone Li-ion Battery,Smartphone,MetalMandi,direct,https://www.metalmandi.in/,2026-09-05,DIRECT,Battery chemistry must be known before using a specific chemistry rate.,Tamil Nadu,Chennai,Ambattur Industrial Estate / Guindy,Tier 1,2026-09-05,10:30:00,per_kg,702.0,702.0,702.0,1.01,1.04,1.0,635,735,795,605,835,160,25.2,Stable,Configured battery-market scenario: stable.,Trishyiraya Recycling India Pvt Ltd,CPCB/EPR-EW/2023/TN-009,Synthetic scenario generated from material baselines and configured location/date factors,Synthetic - requires independent market verification,True,base_mid * location_factor * category_location_factor * date_factor
PRC-TA-CHE-00527,MAT-042,BATTERIES,Battery,Keypad Phone Battery,Keypad phone,MetalMandi,direct,https://www.metalmandi.in/,2026-09-05,DIRECT,Battery chemistry must be known before using a specific chemistry rate.,Tamil Nadu,Chennai,Ambattur Industrial Estate / Guindy,Tier 1,2026-09-05,10:30:00,per_kg,347.0,347.0,347.0,1.01,1.04,1.0,315,365,395,300,415,80,25.4,Stable,Configured battery-market scenario: stable.,Trishyiraya Recycling India Pvt Ltd,CPCB/EPR-EW/2023/TN-009,Synthetic scenario generated from material baselines and configured location/date factors,Synthetic - requires independent market verification,True,base_mid * location_factor * category_location_factor * date_factor
PRC-TA-CHE-00528,MAT-043,BATTERIES,Battery,Powerbank / Earbud / Small Gadget Battery,Small electronics,MetalMandi,direct,https://www.metalmandi.in/,2026-09-05,DIRECT,Battery chemistry must be known before using a specific chemistry rate.,Tamil Nadu,Chennai,Ambattur Industrial Estate / Guindy,Tier 1,2026-09-05,10:30:00,per_kg,273.0,273.0,273.0,1.01,1.04,1.0,245,285,310,235,325,65,26.5,Stable,Configured battery-market scenario: stable.,Trishyiraya Recycling India Pvt Ltd,CPCB/EPR-EW/2023/TN-009,Synthetic scenario generated from material baselines and configured location/date factors,Synthetic - requires independent market verification,True,base_mid * location_factor * category_location_factor * date_factor
PRC-TA-CHE-00529,MAT-044,BATTERIES,Battery,UPS / Non-Portable Li-ion Battery,UPS / stationary storage,MetalMandi,direct,https://www.metalmandi.in/,2026-09-05,DIRECT,Battery chemistry must be known before using a specific chemistry rate.,Tamil Nadu,Chennai,Ambattur Industrial Estate / Guindy,Tier 1,2026-09-05,10:30:00,per_kg,70.0,70.0,70.0,1.01,1.04,1.0,63,74,79,60,83,16,25.4,Stable,Configured battery-market scenario: stable.,Trishyiraya Recycling India Pvt Ltd,CPCB/EPR-EW/2023/TN-009,Synthetic scenario generated from material baselines and configured location/date factors,Synthetic - requires independent market verification,True,base_mid * location_factor * category_location_factor * date_factor
PRC-TA-CHE-00530,MAT-045,MOTORS,Motor,Mixed E-waste Motor - Copper Wiring,Small appliances,Kabadiwalla Uncle + Scrap Savvy,direct_multi_source,https://www.kabadiwalla.in/cms-rates ; https://scrapsavvykabadiwala.com/scrap-rates-today-scrap-prices/,2026-09-05,DIRECT_RANGE,Motor rate varies heavily with copper content and whether dismantled.,Tamil Nadu,Chennai,Ambattur Industrial Estate / Guindy,Tier 1,2026-09-05,10:30:00,per_kg,38.0,55.0,46.5,1.01,1.0,1.0,40,47,51,38,54,11,27.5,Stable,Configured motor-market scenario: stable.,Trishyiraya Recycling India Pvt Ltd,CPCB/EPR-EW/2023/TN-009,Synthetic scenario generated from material baselines and configured location/date factors,Synthetic - requires independent market verification,True,base_mid * location_factor * category_location_factor * date_factor
PRC-TA-CHE-00531,MAT-046,MOTORS,Motor,DC Fan Motor Scrap,DC fan / electronics cooling,ExportersIndia - Musa Traders,direct_range,https://www.exportersindia.com/musa-traders/copperscrap.htm,2026-09-05,DIRECT_RANGE,Motor rate varies heavily with copper content and whether dismantled.,Tamil Nadu,Chennai,Ambattur Industrial Estate / Guindy,Tier 1,2026-07-15,11:00:00,per_kg,50.0,70.0,60.0,1.01,1.0,0.965,50,58,63,48,66,13,26.0,Stable,Configured motor-market scenario: stable.,Trishyiraya Recycling India Pvt Ltd,CPCB/EPR-EW/2023/TN-009,Synthetic scenario generated from material baselines and configured location/date factors,Synthetic - requires independent market verification,True,base_mid * location_factor * category_location_factor * date_factor
PRC-TA-CHE-00532,MAT-046,MOTORS,Motor,DC Fan Motor Scrap,DC fan / electronics cooling,ExportersIndia - Musa Traders,direct_range,https://www.exportersindia.com/musa-traders/copperscrap.htm,2026-09-05,DIRECT_RANGE,Motor rate varies heavily with copper content and whether dismantled.,Tamil Nadu,Chennai,Ambattur Industrial Estate / Guindy,Tier 1,2026-08-01,11:00:00,per_kg,50.0,70.0,60.0,1.01,1.0,0.978,51,59,64,48,67,13,25.5,Stable,Configured motor-market scenario: stable.,Trishyiraya Recycling India Pvt Ltd,CPCB/EPR-EW/2023/TN-009,Synthetic scenario generated from material baselines and configured location/date factors,Synthetic - requires independent market verification,True,base_mid * location_factor * category_location_factor * date_factor
PRC-TA-CHE-00533,MAT-046,MOTORS,Motor,DC Fan Motor Scrap,DC fan / electronics cooling,ExportersIndia - Musa Traders,direct_range,https://www.exportersindia.com/musa-traders/copperscrap.htm,2026-09-05,DIRECT_RANGE,Motor rate varies heavily with copper content and whether dismantled.,Tamil Nadu,Chennai,Ambattur Industrial Estate / Guindy,Tier 1,2026-08-15,11:00:00,per_kg,50.0,70.0,60.0,1.01,1.0,0.985,51,60,64,48,67,13,25.5,Stable,Configured motor-market scenario: stable.,Trishyiraya Recycling India Pvt Ltd,CPCB/EPR-EW/2023/TN-009,Synthetic scenario generated from material baselines and configured location/date factors,Synthetic - requires independent market verification,True,base_mid * location_factor * category_location_factor * date_factor
PRC-TA-CHE-00534,MAT-046,MOTORS,Motor,DC Fan Motor Scrap,DC fan / electronics cooling,ExportersIndia - Musa Traders,direct_range,https://www.exportersindia.com/musa-traders/copperscrap.htm,2026-09-05,DIRECT_RANGE,Motor rate varies heavily with copper content and whether dismantled.,Tamil Nadu,Chennai,Ambattur Industrial Estate / Guindy,Tier 1,2026-09-01,11:00:00,per_kg,50.0,70.0,60.0,1.01,1.0,0.995,52,60,65,49,68,13,25.0,Stable,Configured motor-market scenario: stable.,Trishyiraya Recycling India Pvt Ltd,CPCB/EPR-EW/2023/TN-009,Synthetic scenario generated from material baselines and configured location/date factors,Synthetic - requires independent market verification,True,base_mid * location_factor * category_location_factor * date_factor
PRC-TA-CHE-00535,MAT-046,MOTORS,Motor,DC Fan Motor Scrap,DC fan / electronics cooling,ExportersIndia - Musa Traders,direct_range,https://www.exportersindia.com/musa-traders/copperscrap.htm,2026-09-05,DIRECT_RANGE,Motor rate varies heavily with copper content and whether dismantled.,Tamil Nadu,Chennai,Ambattur Industrial Estate / Guindy,Tier 1,2026-09-05,10:30:00,per_kg,50.0,70.0,60.0,1.01,1.0,1.0,52,61,65,49,68,13,25.0,Stable,Configured motor-market scenario: stable.,Trishyiraya Recycling India Pvt Ltd,CPCB/EPR-EW/2023/TN-009,Synthetic scenario generated from material baselines and configured location/date factors,Synthetic - requires independent market verification,True,base_mid * location_factor * category_location_factor * date_factor
PRC-TA-CHE-00536,MAT-047,MOTORS,Motor,Ceiling Fan Motor Scrap,Ceiling fan,Justdial supplier listing,direct_range,https://www.justdial.com/jdmart/Ernakulam/Ceiling-Fan-Scrap/pid-2216994813/0484P484STD3000251,2026-09-05,DIRECT_RANGE,Motor rate varies heavily with copper content and whether dismantled.,Tamil Nadu,Chennai,Ambattur Industrial Estate / Guindy,Tier 1,2026-07-15,11:00:00,per_kg,150.0,250.0,200.0,1.01,1.0,0.965,170,195,210,160,220,40,23.5,Stable,Configured motor-market scenario: stable.,Trishyiraya Recycling India Pvt Ltd,CPCB/EPR-EW/2023/TN-009,Synthetic scenario generated from material baselines and configured location/date factors,Synthetic - requires independent market verification,True,base_mid * location_factor * category_location_factor * date_factor
PRC-TA-CHE-00537,MAT-047,MOTORS,Motor,Ceiling Fan Motor Scrap,Ceiling fan,Justdial supplier listing,direct_range,https://www.justdial.com/jdmart/Ernakulam/Ceiling-Fan-Scrap/pid-2216994813/0484P484STD3000251,2026-09-05,DIRECT_RANGE,Motor rate varies heavily with copper content and whether dismantled.,Tamil Nadu,Chennai,Ambattur Industrial Estate / Guindy,Tier 1,2026-08-01,11:00:00,per_kg,150.0,250.0,200.0,1.01,1.0,0.978,170,200,215,160,225,45,26.5,Stable,Configured motor-market scenario: stable.,Trishyiraya Recycling India Pvt Ltd,CPCB/EPR-EW/2023/TN-009,Synthetic scenario generated from material baselines and configured location/date factors,Synthetic - requires independent market verification,True,base_mid * location_factor * category_location_factor * date_factor
PRC-TA-CHE-00538,MAT-047,MOTORS,Motor,Ceiling Fan Motor Scrap,Ceiling fan,Justdial supplier listing,direct_range,https://www.justdial.com/jdmart/Ernakulam/Ceiling-Fan-Scrap/pid-2216994813/0484P484STD3000251,2026-09-05,DIRECT_RANGE,Motor rate varies heavily with copper content and whether dismantled.,Tamil Nadu,Chennai,Ambattur Industrial Estate / Guindy,Tier 1,2026-08-15,11:00:00,per_kg,150.0,250.0,200.0,1.01,1.0,0.985,170,200,215,160,225,45,26.5,Stable,Configured motor-market scenario: stable.,Trishyiraya Recycling India Pvt Ltd,CPCB/EPR-EW/2023/TN-009,Synthetic scenario generated from material baselines and configured location/date factors,Synthetic - requires independent market verification,True,base_mid * location_factor * category_location_factor * date_factor
PRC-TA-CHE-00539,MAT-047,MOTORS,Motor,Ceiling Fan Motor Scrap,Ceiling fan,Justdial supplier listing,direct_range,https://www.justdial.com/jdmart/Ernakulam/Ceiling-Fan-Scrap/pid-2216994813/0484P484STD3000251,2026-09-05,DIRECT_RANGE,Motor rate varies heavily with copper content and whether dismantled.,Tamil Nadu,Chennai,Ambattur Industrial Estate / Guindy,Tier 1,2026-09-01,11:00:00,per_kg,150.0,250.0,200.0,1.01,1.0,0.995,175,200,215,165,225,40,22.9,Stable,Configured motor-market scenario: stable.,Trishyiraya Recycling India Pvt Ltd,CPCB/EPR-EW/2023/TN-009,Synthetic scenario generated from material baselines and configured location/date factors,Synthetic - requires independent market verification,True,base_mid * location_factor * category_location_factor * date_factor
PRC-TA-CHE-00540,MAT-047,MOTORS,Motor,Ceiling Fan Motor Scrap,Ceiling fan,Justdial supplier listing,direct_range,https://www.justdial.com/jdmart/Ernakulam/Ceiling-Fan-Scrap/pid-2216994813/0484P484STD3000251,2026-09-05,DIRECT_RANGE,Motor rate varies heavily with copper content and whether dismantled.,Tamil Nadu,Chennai,Ambattur Industrial Estate / Guindy,Tier 1,2026-09-05,10:30:00,per_kg,150.0,250.0,200.0,1.01,1.0,1.0,175,200,220,165,230,45,25.7,Stable,Configured motor-market scenario: stable.,Trishyiraya Recycling India Pvt Ltd,CPCB/EPR-EW/2023/TN-009,Synthetic scenario generated from material baselines and configured location/date factors,Synthetic - requires independent market verification,True,base_mid * location_factor * category_location_factor * date_factor
PRC-TA-CHE-00541,MAT-048,MOTORS,Motor,Small Appliance Motor,Mixer / pump / appliance,Kabadiwalla Uncle + Musa Traders,proxy_from_direct,https://www.kabadiwalla.in/cms-rates ; https://www.exportersindia.com/musa-traders/copperscrap.htm,2026-09-05,PROXY,Motor rate varies heavily with copper content and whether dismantled.,Tamil Nadu,Chennai,Ambattur Industrial Estate / Guindy,Tier 1,2026-09-05,10:30:00,per_kg,38.0,70.0,54.0,1.01,1.0,1.0,47,55,59,45,62,12,25.5,Stable,Configured motor-market scenario: stable.,Trishyiraya Recycling India Pvt Ltd,CPCB/EPR-EW/2023/TN-009,Synthetic scenario generated from material baselines and configured location/date factors,Synthetic - requires independent market verification,True,base_mid * location_factor * category_location_factor * date_factor
PRC-TA-CHE-00542,MAT-049,MOTORS,Motor,Printer / Scanner Motor,Printer / scanner,Kabadiwalla Uncle + Musa Traders,proxy_from_direct,https://www.kabadiwalla.in/cms-rates ; https://www.exportersindia.com/musa-traders/copperscrap.htm,2026-09-05,PROXY,Motor rate varies heavily with copper content and whether dismantled.,Tamil Nadu,Chennai,Ambattur Industrial Estate / Guindy,Tier 1,2026-09-05,10:30:00,per_kg,38.0,70.0,54.0,1.01,1.0,1.0,47,55,59,45,62,12,25.5,Stable,Configured motor-market scenario: stable.,Trishyiraya Recycling India Pvt Ltd,CPCB/EPR-EW/2023/TN-009,Synthetic scenario generated from material baselines and configured location/date factors,Synthetic - requires independent market verification,True,base_mid * location_factor * category_location_factor * date_factor
PRC-TA-CHE-00543,MAT-050,MOTORS,Motor,Large Copper-Wound Motor,Industrial / appliance motor,Scrap Savvy + fan-motor listing,proxy_from_direct,https://scrapsavvykabadiwala.com/scrap-rates-today-scrap-prices/ ; https://www.justdial.com/jdmart/Ernakulam/Ceiling-Fan-Scrap/pid-2216994813/0484P484STD3000251,2026-09-05,PROXY,Motor rate varies heavily with copper content and whether dismantled.,Tamil Nadu,Chennai,Ambattur Industrial Estate / Guindy,Tier 1,2026-09-05,10:30:00,per_kg,55.0,150.0,102.5,1.01,1.0,1.0,89,105,110,85,115,21,23.6,Stable,Configured motor-market scenario: stable.,Trishyiraya Recycling India Pvt Ltd,CPCB/EPR-EW/2023/TN-009,Synthetic scenario generated from material baselines and configured location/date factors,Synthetic - requires independent market verification,True,base_mid * location_factor * category_location_factor * date_factor
PRC-TA-CHE-00544,MAT-051,PLASTICS,Mixed Plastic,ABS Plastic - Electronics Housing,Computer / appliance casing,TradeIndia,direct_range,https://www.tradeindia.com/products/abs-plastic-scraps-c1707904.html,2026-09-05,DIRECT_RANGE,Plastic resin identification materially changes value.,Tamil Nadu,Chennai,Ambattur Industrial Estate / Guindy,Tier 1,2026-09-05,10:30:00,per_kg,30.0,40.0,35.0,1.01,1.0,1.0,30,35,38,28,40,8,26.7,Stable,Configured plastic-market scenario: stable.,Trishyiraya Recycling India Pvt Ltd,CPCB/EPR-EW/2023/TN-009,Synthetic scenario generated from material baselines and configured location/date factors,Synthetic - requires independent market verification,True,base_mid * location_factor * category_location_factor * date_factor
PRC-TA-CHE-00545,MAT-052,PLASTICS,Mixed Plastic,HDPE Plastic Scrap,Cable/accessory housings,Scrapprice India,direct,https://scrapprice.in/scrap-materials,2026-09-05,DIRECT,Plastic resin identification materially changes value.,Tamil Nadu,Chennai,Ambattur Industrial Estate / Guindy,Tier 1,2026-09-05,10:30:00,per_kg,57.5,57.5,57.5,1.01,1.0,1.0,50,58,63,48,66,13,26.0,Stable,Configured plastic-market scenario: stable.,Trishyiraya Recycling India Pvt Ltd,CPCB/EPR-EW/2023/TN-009,Synthetic scenario generated from material baselines and configured location/date factors,Synthetic - requires independent market verification,True,base_mid * location_factor * category_location_factor * date_factor
PRC-TA-CHE-00546,MAT-053,PLASTICS,Mixed Plastic,PP Plastic Scrap,Electronics housings / parts,Scrapprice India,direct,https://scrapprice.in/scrap-materials,2026-09-05,DIRECT,Plastic resin identification materially changes value.,Tamil Nadu,Chennai,Ambattur Industrial Estate / Guindy,Tier 1,2026-09-05,10:30:00,per_kg,77.83,77.83,77.83,1.01,1.0,1.0,68,79,85,65,89,17,25.0,Stable,Configured plastic-market scenario: stable.,Trishyiraya Recycling India Pvt Ltd,CPCB/EPR-EW/2023/TN-009,Synthetic scenario generated from material baselines and configured location/date factors,Synthetic - requires independent market verification,True,base_mid * location_factor * category_location_factor * date_factor
PRC-TA-CHE-00547,MAT-054,PLASTICS,Mixed Plastic,LDPE Plastic Scrap,Flexible electronic packaging / insulation,Scrapprice India,direct,https://scrapprice.in/scrap-materials,2026-09-05,DIRECT,Plastic resin identification materially changes value.,Tamil Nadu,Chennai,Ambattur Industrial Estate / Guindy,Tier 1,2026-09-05,10:30:00,per_kg,83.0,83.0,83.0,1.01,1.0,1.0,72,84,91,68,96,19,26.4,Stable,Configured plastic-market scenario: stable.,Trishyiraya Recycling India Pvt Ltd,CPCB/EPR-EW/2023/TN-009,Synthetic scenario generated from material baselines and configured location/date factors,Synthetic - requires independent market verification,True,base_mid * location_factor * category_location_factor * date_factor
PRC-TA-CHE-00548,MAT-055,PLASTICS,Mixed Plastic,PVC Plastic Scrap,Cable insulation / housings,Scrapprice India,direct,https://scrapprice.in/scrap-materials,2026-09-05,DIRECT,Plastic resin identification materially changes value.,Tamil Nadu,Chennai,Ambattur Industrial Estate / Guindy,Tier 1,2026-09-05,10:30:00,per_kg,22.2,22.2,22.2,1.01,1.0,1.0,19.3,22,24,18.3,25,4.7,24.4,Stable,Configured plastic-market scenario: stable.,Trishyiraya Recycling India Pvt Ltd,CPCB/EPR-EW/2023/TN-009,Synthetic scenario generated from material baselines and configured location/date factors,Synthetic - requires independent market verification,True,base_mid * location_factor * category_location_factor * date_factor
PRC-TA-CHE-00549,MAT-056,PLASTICS,Mixed Plastic,PET Plastic Scrap,Packaging / accessory plastics,Scrapprice India,direct,https://scrapprice.in/scrap-materials,2026-09-05,DIRECT,Plastic resin identification materially changes value.,Tamil Nadu,Chennai,Ambattur Industrial Estate / Guindy,Tier 1,2026-09-05,10:30:00,per_kg,33.5,33.5,33.5,1.01,1.0,1.0,29,34,37,28,39,8,27.6,Stable,Configured plastic-market scenario: stable.,Trishyiraya Recycling India Pvt Ltd,CPCB/EPR-EW/2023/TN-009,Synthetic scenario generated from material baselines and configured location/date factors,Synthetic - requires independent market verification,True,base_mid * location_factor * category_location_factor * date_factor
PRC-TA-CHE-00550,MAT-057,PLASTICS,Mixed Plastic,Mixed Plastic - E-waste,Mixed electronic plastic,The Kabadiwala + Scrapprice India,direct_multi_source,https://www.thekabadiwala.com/scrap-rates/Bhopal ; https://scrapprice.in/scrap-materials,2026-09-05,DIRECT_RANGE,Plastic resin identification materially changes value.,Tamil Nadu,Chennai,Ambattur Industrial Estate / Guindy,Tier 1,2026-09-05,10:30:00,per_kg,12.0,57.29,34.64,1.01,1.0,1.0,30,35,38,28,40,8,26.7,Stable,Configured plastic-market scenario: stable.,Trishyiraya Recycling India Pvt Ltd,CPCB/EPR-EW/2023/TN-009,Synthetic scenario generated from material baselines and configured location/date factors,Synthetic - requires independent market verification,True,base_mid * location_factor * category_location_factor * date_factor
PRC-TA-CHE-00551,MAT-058,MOBILE_TABLETS,Mobile Phone,Keypad Phone - Complete,Keypad phone,Scrap Savvy + Kabadiwala Online,direct_multi_source,https://scrapsavvykabadiwala.com/scrap-rates-today-scrap-prices/ ; https://kabadiwalaonline.com/secrap-rates/,2026-09-05,DIRECT_RANGE,"Complete-device pickup prices depend heavily on model, storage, condition and lock status.",Tamil Nadu,Chennai,Ambattur Industrial Estate / Guindy,Tier 1,2026-09-05,10:30:00,per_piece,10.0,20.0,15.0,1.01,1.0,1.0,13,15.2,16.4,12.3,17.2,3.4,26.2,Stable,Configured synthetic market scenario.,Trishyiraya Recycling India Pvt Ltd,CPCB/EPR-EW/2023/TN-009,Synthetic scenario generated from material baselines and configured location/date factors,Synthetic - requires independent market verification,True,base_mid * location_factor * category_location_factor * date_factor
PRC-TA-CHE-00552,MAT-059,MOBILE_TABLETS,Mobile Phone,Smartphone - Generic Complete,Smartphone,Scrap Savvy + Kabadiwala Online,direct_multi_source,https://scrapsavvykabadiwala.com/scrap-rates-today-scrap-prices/ ; https://kabadiwalaonline.com/secrap-rates/,2026-09-05,DIRECT_RANGE,"Complete-device pickup prices depend heavily on model, storage, condition and lock status.",Tamil Nadu,Chennai,Ambattur Industrial Estate / Guindy,Tier 1,2026-09-05,10:30:00,per_piece,20.0,60.0,40.0,1.01,1.0,1.0,35,40,44,33,46,9,25.7,Stable,Configured synthetic market scenario.,Trishyiraya Recycling India Pvt Ltd,CPCB/EPR-EW/2023/TN-009,Synthetic scenario generated from material baselines and configured location/date factors,Synthetic - requires independent market verification,True,base_mid * location_factor * category_location_factor * date_factor
PRC-TA-CHE-00553,MAT-060,MOBILE_TABLETS,Mobile Phone,Tablet - Generic Complete,Tablet,Kabadiwalla Uncle + Kabadiwala Online,direct_multi_source,https://www.kabadiwalla.in/cms-rates ; https://kabadiwalaonline.com/secrap-rates/,2026-09-05,DIRECT_RANGE,"Complete-device pickup prices depend heavily on model, storage, condition and lock status.",Tamil Nadu,Chennai,Ambattur Industrial Estate / Guindy,Tier 1,2026-09-05,10:30:00,per_piece,30.0,60.0,45.0,1.01,1.0,1.0,39,45,49,37,51,10,25.6,Stable,Configured synthetic market scenario.,Trishyiraya Recycling India Pvt Ltd,CPCB/EPR-EW/2023/TN-009,Synthetic scenario generated from material baselines and configured location/date factors,Synthetic - requires independent market verification,True,base_mid * location_factor * category_location_factor * date_factor
PRC-TA-CHE-00554,MAT-061,MOBILE_TABLETS,Mobile Phone,Android Smartphone - 16GB,Smartphone,Scrap Mitra,direct,https://scrapmitra.com/,2026-09-05,DIRECT,"Complete-device pickup prices depend heavily on model, storage, condition and lock status.",Tamil Nadu,Chennai,Ambattur Industrial Estate / Guindy,Tier 1,2026-09-05,10:30:00,per_piece,200.0,200.0,200.0,1.01,1.0,1.0,175,200,220,165,230,45,25.7,Stable,Configured synthetic market scenario.,Trishyiraya Recycling India Pvt Ltd,CPCB/EPR-EW/2023/TN-009,Synthetic scenario generated from material baselines and configured location/date factors,Synthetic - requires independent market verification,True,base_mid * location_factor * category_location_factor * date_factor
PRC-TA-CHE-00555,MAT-062,MOBILE_TABLETS,Mobile Phone,Android Smartphone - 32GB,Smartphone,Scrap Mitra,direct,https://scrapmitra.com/,2026-09-05,DIRECT,"Complete-device pickup prices depend heavily on model, storage, condition and lock status.",Tamil Nadu,Chennai,Ambattur Industrial Estate / Guindy,Tier 1,2026-09-05,10:30:00,per_piece,400.0,400.0,400.0,1.01,1.0,1.0,345,405,435,330,455,90,26.1,Stable,Configured synthetic market scenario.,Trishyiraya Recycling India Pvt Ltd,CPCB/EPR-EW/2023/TN-009,Synthetic scenario generated from material baselines and configured location/date factors,Synthetic - requires independent market verification,True,base_mid * location_factor * category_location_factor * date_factor
PRC-TA-CHE-00556,MAT-063,MOBILE_TABLETS,Mobile Phone,Android Smartphone - 64GB,Smartphone,Scrap Mitra,direct,https://scrapmitra.com/,2026-09-05,DIRECT,"Complete-device pickup prices depend heavily on model, storage, condition and lock status.",Tamil Nadu,Chennai,Ambattur Industrial Estate / Guindy,Tier 1,2026-09-05,10:30:00,per_piece,650.0,650.0,650.0,1.01,1.0,1.0,565,655,710,535,745,145,25.7,Stable,Configured synthetic market scenario.,Trishyiraya Recycling India Pvt Ltd,CPCB/EPR-EW/2023/TN-009,Synthetic scenario generated from material baselines and configured location/date factors,Synthetic - requires independent market verification,True,base_mid * location_factor * category_location_factor * date_factor
PRC-TA-CHE-00557,MAT-064,MOBILE_TABLETS,Mobile Phone,Android Smartphone - 128GB,Smartphone,Scrap Mitra,direct,https://scrapmitra.com/,2026-09-05,DIRECT,"Complete-device pickup prices depend heavily on model, storage, condition and lock status.",Tamil Nadu,Chennai,Ambattur Industrial Estate / Guindy,Tier 1,2026-09-05,10:30:00,per_piece,1000.0,1000.0,1000.0,1.01,1.0,1.0,870,1000,1100,825,1150,230,26.4,Stable,Configured synthetic market scenario.,Trishyiraya Recycling India Pvt Ltd,CPCB/EPR-EW/2023/TN-009,Synthetic scenario generated from material baselines and configured location/date factors,Synthetic - requires independent market verification,True,base_mid * location_factor * category_location_factor * date_factor
PRC-TA-CHE-00558,MAT-065,MOBILE_TABLETS,Mobile Phone,Android Smartphone - 256GB,Smartphone,Scrap Mitra,direct,https://scrapmitra.com/,2026-09-05,DIRECT,"Complete-device pickup prices depend heavily on model, storage, condition and lock status.",Tamil Nadu,Chennai,Ambattur Industrial Estate / Guindy,Tier 1,2026-09-05,10:30:00,per_piece,2300.0,2300.0,2300.0,1.01,1.0,1.0,2000,2300,2500,1900,2600,500,25.0,Stable,Configured synthetic market scenario.,Trishyiraya Recycling India Pvt Ltd,CPCB/EPR-EW/2023/TN-009,Synthetic scenario generated from material baselines and configured location/date factors,Synthetic - requires independent market verification,True,base_mid * location_factor * category_location_factor * date_factor
PRC-TE-HYD-00559,MAT-001,CRT,CRT,CRT Monitor - Standard,Desktop computer,Scrappbazaar + Scrap Savvy,direct_multi_source,https://www.scrappbazaar.com/rates ; https://scrapsavvykabadiwala.com/scrap-rates-today-scrap-prices/,2026-09-05,DIRECT_RANGE,Current pickup listings show ~₹150-180/piece.,Telangana,Hyderabad,Kattedan Industrial Area / Sanathnagar,Tier 1,2026-09-05,10:30:00,per_piece,150.0,180.0,165.0,0.99,1.0,1.0,140,165,175,135,185,35,25.0,Stable,Configured CRT-market scenario: stable.,Earth Sense Recycle Pvt Ltd Hyderabad,CPCB/EPR-EW/2022/TS-005,Synthetic scenario generated from material baselines and configured location/date factors,Synthetic - requires independent market verification,True,base_mid * location_factor * category_location_factor * date_factor
PRC-TE-HYD-00560,MAT-002,CRT,CRT,CRT TV - Standard,Television,Scrappbazaar + Scrap Savvy,direct_multi_source,https://www.scrappbazaar.com/rates ; https://scrapsavvykabadiwala.com/scrap-rates-today-scrap-prices/,2026-09-05,DIRECT_RANGE,Current listings show ~₹150-200/piece.,Telangana,Hyderabad,Kattedan Industrial Area / Sanathnagar,Tier 1,2026-09-05,10:30:00,per_piece,150.0,200.0,175.0,0.99,1.0,1.0,150,175,185,140,195,35,23.3,Stable,Configured CRT-market scenario: stable.,Earth Sense Recycle Pvt Ltd Hyderabad,CPCB/EPR-EW/2022/TS-005,Synthetic scenario generated from material baselines and configured location/date factors,Synthetic - requires independent market verification,True,base_mid * location_factor * category_location_factor * date_factor
PRC-TE-HYD-00561,MAT-003,CRT,CRT,CRT TV - Small 14-17 inch,Television,The Kabadiwala + Kabadiwala Online,proxy_from_direct,https://www.thekabadiwala.com/scrap-rates/Bhopal ; https://kabadiwalaonline.com/secrap-rates/,2026-09-05,PROXY,Size-specific value inferred from current CRT TV/monitor pickup rates.,Telangana,Hyderabad,Kattedan Industrial Area / Sanathnagar,Tier 1,2026-09-05,10:30:00,per_piece,100.0,160.0,130.0,0.99,1.0,1.0,110,130,140,105,145,30,27.3,Stable,Configured CRT-market scenario: stable.,Earth Sense Recycle Pvt Ltd Hyderabad,CPCB/EPR-EW/2022/TS-005,Synthetic scenario generated from material baselines and configured location/date factors,Synthetic - requires independent market verification,True,base_mid * location_factor * category_location_factor * date_factor
PRC-TE-HYD-00562,MAT-004,CRT,CRT,CRT Monitor - 17 inch,Desktop computer,Kabadiwala Online + Scrap Savvy,direct_multi_source,https://kabadiwalaonline.com/secrap-rates/ ; https://scrapsavvykabadiwala.com/scrap-rates-today-scrap-prices/,2026-09-05,DIRECT_RANGE,Standard CRT monitor rate.,Telangana,Hyderabad,Kattedan Industrial Area / Sanathnagar,Tier 1,2026-09-05,10:30:00,per_piece,150.0,180.0,165.0,0.99,1.0,1.0,140,165,175,135,185,35,25.0,Stable,Configured CRT-market scenario: stable.,Earth Sense Recycle Pvt Ltd Hyderabad,CPCB/EPR-EW/2022/TS-005,Synthetic scenario generated from material baselines and configured location/date factors,Synthetic - requires independent market verification,True,base_mid * location_factor * category_location_factor * date_factor
PRC-TE-HYD-00563,MAT-005,CRT,CRT,CRT TV - Large 21 inch+,Television,Scrappbazaar + Kabadiwalla Uncle,proxy_from_direct,https://www.scrappbazaar.com/rates ; https://www.kabadiwalla.in/cms-rates,2026-09-05,PROXY,Large-size premium is a conservative proxy around current CRT TV listings.,Telangana,Hyderabad,Kattedan Industrial Area / Sanathnagar,Tier 1,2026-09-05,10:30:00,per_piece,160.0,220.0,190.0,0.99,1.0,1.0,160,190,205,150,215,45,28.1,Stable,Configured CRT-market scenario: stable.,Earth Sense Recycle Pvt Ltd Hyderabad,CPCB/EPR-EW/2022/TS-005,Synthetic scenario generated from material baselines and configured location/date factors,Synthetic - requires independent market verification,True,base_mid * location_factor * category_location_factor * date_factor
PRC-TE-HYD-00564,MAT-006,LCD_LED,LCD Panel,LCD Monitor,Desktop computer,Kabadiwalla Uncle + Kabadiwala Online,direct_multi_source,https://www.kabadiwalla.in/cms-rates ; https://kabadiwalaonline.com/secrap-rates/,2026-09-05,DIRECT_RANGE,Current LCD monitor listings: ₹25-30/kg.,Telangana,Hyderabad,Kattedan Industrial Area / Sanathnagar,Tier 1,2026-09-05,10:30:00,per_kg,25.0,30.0,27.5,0.99,1.0,1.0,23,27,29,22,30,6,26.1,Stable,Configured LCD/LED-market scenario: stable.,Earth Sense Recycle Pvt Ltd Hyderabad,CPCB/EPR-EW/2022/TS-005,Synthetic scenario generated from material baselines and configured location/date factors,Synthetic - requires independent market verification,True,base_mid * location_factor * category_location_factor * date_factor
PRC-TE-HYD-00565,MAT-007,LCD_LED,LCD Panel,TFT Monitor,Desktop computer,Scrap Savvy,direct,https://scrapsavvykabadiwala.com/scrap-rates-today-scrap-prices/,2026-09-05,DIRECT,Quoted ₹30/kg.,Telangana,Hyderabad,Kattedan Industrial Area / Sanathnagar,Tier 1,2026-09-05,10:30:00,per_kg,30.0,30.0,30.0,0.99,1.0,1.0,26,30,32,25,34,6,23.1,Stable,Configured LCD/LED-market scenario: stable.,Earth Sense Recycle Pvt Ltd Hyderabad,CPCB/EPR-EW/2022/TS-005,Synthetic scenario generated from material baselines and configured location/date factors,Synthetic - requires independent market verification,True,base_mid * location_factor * category_location_factor * date_factor
PRC-TE-HYD-00566,MAT-008,LCD_LED,LCD Panel,LCD TV Panel / Assembly,Television,Kabadiwala Online + MetalMandi,direct_multi_source,https://kabadiwalaonline.com/secrap-rates/ ; https://www.metalmandi.in/,2026-09-05,DIRECT_RANGE,LCD display quotes cluster around ₹20-30/kg.,Telangana,Hyderabad,Kattedan Industrial Area / Sanathnagar,Tier 1,2026-09-05,10:30:00,per_kg,20.0,30.0,25.0,0.99,1.0,1.0,21,25,27,19.9,28,6,28.6,Stable,Configured LCD/LED-market scenario: stable.,Earth Sense Recycle Pvt Ltd Hyderabad,CPCB/EPR-EW/2022/TS-005,Synthetic scenario generated from material baselines and configured location/date factors,Synthetic - requires independent market verification,True,base_mid * location_factor * category_location_factor * date_factor
PRC-TE-HYD-00567,MAT-009,LCD_LED,LCD Panel,LED TV Panel / Assembly,Television,Scrappbazaar + MetalMandi,direct_multi_source,https://www.scrappbazaar.com/rates ; https://www.metalmandi.in/,2026-09-05,DIRECT_RANGE,Current LED/LCD listings around ₹20-22/kg.,Telangana,Hyderabad,Kattedan Industrial Area / Sanathnagar,Tier 1,2026-09-05,10:30:00,per_kg,20.0,22.0,21.0,0.99,1.0,1.0,17.9,21,22,17,23,4.1,22.9,Stable,Configured LCD/LED-market scenario: stable.,Earth Sense Recycle Pvt Ltd Hyderabad,CPCB/EPR-EW/2022/TS-005,Synthetic scenario generated from material baselines and configured location/date factors,Synthetic - requires independent market verification,True,base_mid * location_factor * category_location_factor * date_factor
PRC-TE-HYD-00568,MAT-010,LCD_LED,LCD Panel,Broken LCD/LED Display Lot,TV / monitor,Scrap Savvy + Scrappbazaar,proxy_from_direct,https://scrapsavvykabadiwala.com/scrap-rates-today-scrap-prices/ ; https://www.scrappbazaar.com/rates,2026-09-05,PROXY,Lower-end proxy for broken mixed display assemblies.,Telangana,Hyderabad,Kattedan Industrial Area / Sanathnagar,Tier 1,2026-09-05,10:30:00,per_kg,18.0,25.0,21.5,0.99,1.0,1.0,18.3,21,23,17.4,24,4.7,25.7,Stable,Configured LCD/LED-market scenario: stable.,Earth Sense Recycle Pvt Ltd Hyderabad,CPCB/EPR-EW/2022/TS-005,Synthetic scenario generated from material baselines and configured location/date factors,Synthetic - requires independent market verification,True,base_mid * location_factor * category_location_factor * date_factor
PRC-TE-HYD-00569,MAT-011,LCD_LED,LCD Panel,LCD/LED Display - Mixed Scrap,TV / monitor,Kabadiwala Online + Kabadiwalla Uncle,direct_multi_source,https://kabadiwalaonline.com/secrap-rates/ ; https://www.kabadiwalla.in/cms-rates,2026-09-05,DIRECT_RANGE,Generic mixed display baseline.,Telangana,Hyderabad,Kattedan Industrial Area / Sanathnagar,Tier 1,2026-09-05,10:30:00,per_kg,20.0,30.0,25.0,0.99,1.0,1.0,21,25,27,19.9,28,6,28.6,Stable,Configured LCD/LED-market scenario: stable.,Earth Sense Recycle Pvt Ltd Hyderabad,CPCB/EPR-EW/2022/TS-005,Synthetic scenario generated from material baselines and configured location/date factors,Synthetic - requires independent market verification,True,base_mid * location_factor * category_location_factor * date_factor
PRC-TE-HYD-00570,MAT-012,PCB,PCB,Laptop PCB - China Chip,Laptop,MetalMandi,direct,https://www.metalmandi.in/,2026-09-05,DIRECT,"Current MetalMandi grade listing; use as a benchmark, not a guaranteed pickup quote.",Telangana,Hyderabad,Kattedan Industrial Area / Sanathnagar,Tier 1,2026-09-05,10:30:00,per_kg,720.0,720.0,720.0,0.99,1.0,1.0,615,715,770,585,810,155,25.2,Stable,Configured PCB-market scenario: stable.,Earth Sense Recycle Pvt Ltd Hyderabad,CPCB/EPR-EW/2022/TS-005,Synthetic scenario generated from material baselines and configured location/date factors,Synthetic - requires independent market verification,True,base_mid * location_factor * category_location_factor * date_factor
PRC-TE-HYD-00571,MAT-013,PCB,PCB,Laptop PCB - VGA Chip,Laptop,MetalMandi,direct,https://www.metalmandi.in/,2026-09-05,DIRECT,"Current MetalMandi grade listing; use as a benchmark, not a guaranteed pickup quote.",Telangana,Hyderabad,Kattedan Industrial Area / Sanathnagar,Tier 1,2026-09-05,10:30:00,per_kg,810.0,810.0,810.0,0.99,1.0,1.0,690,800,865,655,910,175,25.4,Stable,Configured PCB-market scenario: stable.,Earth Sense Recycle Pvt Ltd Hyderabad,CPCB/EPR-EW/2022/TS-005,Synthetic scenario generated from material baselines and configured location/date factors,Synthetic - requires independent market verification,True,base_mid * location_factor * category_location_factor * date_factor
PRC-TE-HYD-00572,MAT-014,PCB,PCB,Laptop PCB - Server Board,Laptop / server,MetalMandi,direct,https://www.metalmandi.in/,2026-09-05,DIRECT,"Current MetalMandi grade listing; use as a benchmark, not a guaranteed pickup quote.",Telangana,Hyderabad,Kattedan Industrial Area / Sanathnagar,Tier 1,2026-09-05,10:30:00,per_kg,1800.0,1800.0,1800.0,0.99,1.0,1.0,1550,1800,1900,1450,2000,350,22.6,Stable,Configured PCB-market scenario: stable.,Earth Sense Recycle Pvt Ltd Hyderabad,CPCB/EPR-EW/2022/TS-005,Synthetic scenario generated from material baselines and configured location/date factors,Synthetic - requires independent market verification,True,base_mid * location_factor * category_location_factor * date_factor
PRC-TE-HYD-00573,MAT-015,PCB,PCB,Desktop PCB - China Chip,Desktop PC,MetalMandi,direct,https://www.metalmandi.in/,2026-09-05,DIRECT,"Current MetalMandi grade listing; use as a benchmark, not a guaranteed pickup quote.",Telangana,Hyderabad,Kattedan Industrial Area / Sanathnagar,Tier 1,2026-09-05,10:30:00,per_kg,180.0,180.0,180.0,0.99,1.0,1.0,155,180,190,145,200,35,22.6,Stable,Configured PCB-market scenario: stable.,Earth Sense Recycle Pvt Ltd Hyderabad,CPCB/EPR-EW/2022/TS-005,Synthetic scenario generated from material baselines and configured location/date factors,Synthetic - requires independent market verification,True,base_mid * location_factor * category_location_factor * date_factor
PRC-TE-HYD-00574,MAT-016,PCB,PCB,Desktop PCB - Single Chip,Desktop PC,MetalMandi,direct,https://www.metalmandi.in/,2026-09-05,DIRECT,"Current MetalMandi grade listing; use as a benchmark, not a guaranteed pickup quote.",Telangana,Hyderabad,Kattedan Industrial Area / Sanathnagar,Tier 1,2026-09-05,10:30:00,per_kg,675.0,675.0,675.0,0.99,1.0,1.0,575,670,720,545,755,145,25.2,Stable,Configured PCB-market scenario: stable.,Earth Sense Recycle Pvt Ltd Hyderabad,CPCB/EPR-EW/2022/TS-005,Synthetic scenario generated from material baselines and configured location/date factors,Synthetic - requires independent market verification,True,base_mid * location_factor * category_location_factor * date_factor
PRC-TE-HYD-00575,MAT-017,PCB,PCB,Desktop PCB - Double Chip,Desktop PC,MetalMandi,direct,https://www.metalmandi.in/,2026-09-05,DIRECT,"Current MetalMandi grade listing; use as a benchmark, not a guaranteed pickup quote.",Telangana,Hyderabad,Kattedan Industrial Area / Sanathnagar,Tier 1,2026-09-05,10:30:00,per_kg,1125.0,1125.0,1125.0,0.99,1.0,1.0,960,1100,1200,910,1250,240,25.0,Stable,Configured PCB-market scenario: stable.,Earth Sense Recycle Pvt Ltd Hyderabad,CPCB/EPR-EW/2022/TS-005,Synthetic scenario generated from material baselines and configured location/date factors,Synthetic - requires independent market verification,True,base_mid * location_factor * category_location_factor * date_factor
PRC-TE-HYD-00576,MAT-018,PCB,PCB,Set-top Box PCB - China Chip,Set-top box,MetalMandi,direct,https://www.metalmandi.in/,2026-09-05,DIRECT,"Current MetalMandi grade listing; use as a benchmark, not a guaranteed pickup quote.",Telangana,Hyderabad,Kattedan Industrial Area / Sanathnagar,Tier 1,2026-09-05,10:30:00,per_kg,126.0,126.0,126.0,0.99,1.0,1.0,105,125,135,100,140,30,28.6,Stable,Configured PCB-market scenario: stable.,Earth Sense Recycle Pvt Ltd Hyderabad,CPCB/EPR-EW/2022/TS-005,Synthetic scenario generated from material baselines and configured location/date factors,Synthetic - requires independent market verification,True,base_mid * location_factor * category_location_factor * date_factor
PRC-TE-HYD-00577,MAT-019,PCB,PCB,Set-top Box PCB - Black Chip,Set-top box,MetalMandi,direct,https://www.metalmandi.in/,2026-09-05,DIRECT,"Current MetalMandi grade listing; use as a benchmark, not a guaranteed pickup quote.",Telangana,Hyderabad,Kattedan Industrial Area / Sanathnagar,Tier 1,2026-09-05,10:30:00,per_kg,189.0,189.0,189.0,0.99,1.0,1.0,160,185,200,150,210,40,25.0,Stable,Configured PCB-market scenario: stable.,Earth Sense Recycle Pvt Ltd Hyderabad,CPCB/EPR-EW/2022/TS-005,Synthetic scenario generated from material baselines and configured location/date factors,Synthetic - requires independent market verification,True,base_mid * location_factor * category_location_factor * date_factor
PRC-TE-HYD-00578,MAT-020,PCB,PCB,Set-top Box PCB - VGA Chip,Set-top box,MetalMandi,direct,https://www.metalmandi.in/,2026-09-05,DIRECT,"Current MetalMandi grade listing; use as a benchmark, not a guaranteed pickup quote.",Telangana,Hyderabad,Kattedan Industrial Area / Sanathnagar,Tier 1,2026-09-05,10:30:00,per_kg,252.0,252.0,252.0,0.99,1.0,1.0,215,250,270,205,285,55,25.6,Stable,Configured PCB-market scenario: stable.,Earth Sense Recycle Pvt Ltd Hyderabad,CPCB/EPR-EW/2022/TS-005,Synthetic scenario generated from material baselines and configured location/date factors,Synthetic - requires independent market verification,True,base_mid * location_factor * category_location_factor * date_factor
PRC-TE-HYD-00579,MAT-021,PCB,PCB,Set-top Box PCB - Combo Chip,Set-top box,MetalMandi,direct,https://www.metalmandi.in/,2026-09-05,DIRECT,"Current MetalMandi grade listing; use as a benchmark, not a guaranteed pickup quote.",Telangana,Hyderabad,Kattedan Industrial Area / Sanathnagar,Tier 1,2026-09-05,10:30:00,per_kg,315.0,315.0,315.0,0.99,1.0,1.0,270,310,335,255,350,65,24.1,Stable,Configured PCB-market scenario: stable.,Earth Sense Recycle Pvt Ltd Hyderabad,CPCB/EPR-EW/2022/TS-005,Synthetic scenario generated from material baselines and configured location/date factors,Synthetic - requires independent market verification,True,base_mid * location_factor * category_location_factor * date_factor
PRC-TE-HYD-00580,MAT-022,PCB,PCB,Keypad Phone PCB - Branded,Keypad phone,MetalMandi,direct,https://www.metalmandi.in/,2026-09-05,DIRECT,"Current MetalMandi grade listing; use as a benchmark, not a guaranteed pickup quote.",Telangana,Hyderabad,Kattedan Industrial Area / Sanathnagar,Tier 1,2026-09-05,10:30:00,per_kg,113.0,113.0,113.0,0.99,1.0,1.0,96,110,120,91,125,24,25.0,Stable,Configured PCB-market scenario: stable.,Earth Sense Recycle Pvt Ltd Hyderabad,CPCB/EPR-EW/2022/TS-005,Synthetic scenario generated from material baselines and configured location/date factors,Synthetic - requires independent market verification,True,base_mid * location_factor * category_location_factor * date_factor
PRC-TE-HYD-00581,MAT-023,PCB,PCB,Keypad Phone PCB - China,Keypad phone,MetalMandi,direct,https://www.metalmandi.in/,2026-09-05,DIRECT,"Current MetalMandi grade listing; use as a benchmark, not a guaranteed pickup quote.",Telangana,Hyderabad,Kattedan Industrial Area / Sanathnagar,Tier 1,2026-09-05,10:30:00,per_kg,38.0,38.0,38.0,0.99,1.0,1.0,32,38,41,30,43,9,28.1,Stable,Configured PCB-market scenario: stable.,Earth Sense Recycle Pvt Ltd Hyderabad,CPCB/EPR-EW/2022/TS-005,Synthetic scenario generated from material baselines and configured location/date factors,Synthetic - requires independent market verification,True,base_mid * location_factor * category_location_factor * date_factor
PRC-TE-HYD-00582,MAT-024,PCB,PCB,Smartphone PCB - 8GB Grade,Smartphone,MetalMandi,direct,https://www.metalmandi.in/,2026-09-05,DIRECT,"Current MetalMandi grade listing; use as a benchmark, not a guaranteed pickup quote.",Telangana,Hyderabad,Kattedan Industrial Area / Sanathnagar,Tier 1,2026-09-05,10:30:00,per_kg,420.0,420.0,420.0,0.99,1.0,1.0,360,415,450,340,470,90,25.0,Stable,Configured PCB-market scenario: stable.,Earth Sense Recycle Pvt Ltd Hyderabad,CPCB/EPR-EW/2022/TS-005,Synthetic scenario generated from material baselines and configured location/date factors,Synthetic - requires independent market verification,True,base_mid * location_factor * category_location_factor * date_factor
PRC-TE-HYD-00583,MAT-025,PCB,PCB,Smartphone PCB - 128GB Grade,Smartphone,MetalMandi,direct,https://www.metalmandi.in/,2026-09-05,DIRECT,"Current MetalMandi grade listing; use as a benchmark, not a guaranteed pickup quote.",Telangana,Hyderabad,Kattedan Industrial Area / Sanathnagar,Tier 1,2026-09-05,10:30:00,per_kg,1260.0,1260.0,1260.0,0.99,1.0,1.0,1050,1250,1350,1000,1400,300,28.6,Stable,Configured PCB-market scenario: stable.,Earth Sense Recycle Pvt Ltd Hyderabad,CPCB/EPR-EW/2022/TS-005,Synthetic scenario generated from material baselines and configured location/date factors,Synthetic - requires independent market verification,True,base_mid * location_factor * category_location_factor * date_factor
PRC-TE-HYD-00584,MAT-026,PCB,PCB,Smartphone PCB - 256GB Grade,Smartphone,MetalMandi,direct,https://www.metalmandi.in/,2026-09-05,DIRECT,"Current MetalMandi grade listing; use as a benchmark, not a guaranteed pickup quote.",Telangana,Hyderabad,Kattedan Industrial Area / Sanathnagar,Tier 1,2026-09-05,10:30:00,per_kg,1960.0,1960.0,1960.0,0.99,1.0,1.0,1650,1950,2100,1550,2200,450,27.3,Stable,Configured PCB-market scenario: stable.,Earth Sense Recycle Pvt Ltd Hyderabad,CPCB/EPR-EW/2022/TS-005,Synthetic scenario generated from material baselines and configured location/date factors,Synthetic - requires independent market verification,True,base_mid * location_factor * category_location_factor * date_factor
PRC-TE-HYD-00585,MAT-027,PCB,PCB,Mixed Motherboard Scrap,Desktop / laptop,TradeIndia Ghaziabad listings,direct_range,https://www.tradeindia.com/ghaziabad/motherboard-scrap-city-193475.html,2026-09-05,DIRECT_RANGE,Current listings show roughly ₹360-500/kg for motherboard scrap.,Telangana,Hyderabad,Kattedan Industrial Area / Sanathnagar,Tier 1,2026-07-15,11:00:00,per_kg,360.0,500.0,430.0,0.99,1.0,0.965,355,410,445,335,465,90,25.4,Stable,Configured PCB-market scenario: stable.,Earth Sense Recycle Pvt Ltd Hyderabad,CPCB/EPR-EW/2022/TS-005,Synthetic scenario generated from material baselines and configured location/date factors,Synthetic - requires independent market verification,True,base_mid * location_factor * category_location_factor * date_factor
PRC-TE-HYD-00586,MAT-027,PCB,PCB,Mixed Motherboard Scrap,Desktop / laptop,TradeIndia Ghaziabad listings,direct_range,https://www.tradeindia.com/ghaziabad/motherboard-scrap-city-193475.html,2026-09-05,DIRECT_RANGE,Current listings show roughly ₹360-500/kg for motherboard scrap.,Telangana,Hyderabad,Kattedan Industrial Area / Sanathnagar,Tier 1,2026-08-01,11:00:00,per_kg,360.0,500.0,430.0,0.99,1.0,0.978,360,415,450,340,470,90,25.0,Stable,Configured PCB-market scenario: stable.,Earth Sense Recycle Pvt Ltd Hyderabad,CPCB/EPR-EW/2022/TS-005,Synthetic scenario generated from material baselines and configured location/date factors,Synthetic - requires independent market verification,True,base_mid * location_factor * category_location_factor * date_factor
PRC-TE-HYD-00587,MAT-027,PCB,PCB,Mixed Motherboard Scrap,Desktop / laptop,TradeIndia Ghaziabad listings,direct_range,https://www.tradeindia.com/ghaziabad/motherboard-scrap-city-193475.html,2026-09-05,DIRECT_RANGE,Current listings show roughly ₹360-500/kg for motherboard scrap.,Telangana,Hyderabad,Kattedan Industrial Area / Sanathnagar,Tier 1,2026-08-15,11:00:00,per_kg,360.0,500.0,430.0,0.99,1.0,0.985,360,420,455,340,480,95,26.4,Stable,Configured PCB-market scenario: stable.,Earth Sense Recycle Pvt Ltd Hyderabad,CPCB/EPR-EW/2022/TS-005,Synthetic scenario generated from material baselines and configured location/date factors,Synthetic - requires independent market verification,True,base_mid * location_factor * category_location_factor * date_factor
PRC-TE-HYD-00588,MAT-027,PCB,PCB,Mixed Motherboard Scrap,Desktop / laptop,TradeIndia Ghaziabad listings,direct_range,https://www.tradeindia.com/ghaziabad/motherboard-scrap-city-193475.html,2026-09-05,DIRECT_RANGE,Current listings show roughly ₹360-500/kg for motherboard scrap.,Telangana,Hyderabad,Kattedan Industrial Area / Sanathnagar,Tier 1,2026-09-01,11:00:00,per_kg,360.0,500.0,430.0,0.99,1.0,0.995,365,425,455,345,480,90,24.7,Stable,Configured PCB-market scenario: stable.,Earth Sense Recycle Pvt Ltd Hyderabad,CPCB/EPR-EW/2022/TS-005,Synthetic scenario generated from material baselines and configured location/date factors,Synthetic - requires independent market verification,True,base_mid * location_factor * category_location_factor * date_factor
PRC-TE-HYD-00589,MAT-027,PCB,PCB,Mixed Motherboard Scrap,Desktop / laptop,TradeIndia Ghaziabad listings,direct_range,https://www.tradeindia.com/ghaziabad/motherboard-scrap-city-193475.html,2026-09-05,DIRECT_RANGE,Current listings show roughly ₹360-500/kg for motherboard scrap.,Telangana,Hyderabad,Kattedan Industrial Area / Sanathnagar,Tier 1,2026-09-05,10:30:00,per_kg,360.0,500.0,430.0,0.99,1.0,1.0,365,425,460,345,485,95,26.0,Stable,Configured PCB-market scenario: stable.,Earth Sense Recycle Pvt Ltd Hyderabad,CPCB/EPR-EW/2022/TS-005,Synthetic scenario generated from material baselines and configured location/date factors,Synthetic - requires independent market verification,True,base_mid * location_factor * category_location_factor * date_factor
PRC-TE-HYD-00590,MAT-028,CABLES_WIRES,Cable,Bare Bright Copper Wire,Electrical/electronic wiring,BIN 2026 guide,direct_range,https://joinbin.com/scrap-rate-copper-india,2026-09-05,DIRECT_RANGE,Grade and copper recovery strongly affect actual offer.,Telangana,Hyderabad,Kattedan Industrial Area / Sanathnagar,Tier 1,2026-07-15,11:00:00,per_kg,650.0,700.0,675.0,0.99,1.0,0.965,555,645,695,525,730,140,25.2,Stable,Configured cable-market scenario: stable.,Earth Sense Recycle Pvt Ltd Hyderabad,CPCB/EPR-EW/2022/TS-005,Synthetic scenario generated from material baselines and configured location/date factors,Synthetic - requires independent market verification,True,base_mid * location_factor * category_location_factor * date_factor
PRC-TE-HYD-00591,MAT-028,CABLES_WIRES,Cable,Bare Bright Copper Wire,Electrical/electronic wiring,BIN 2026 guide,direct_range,https://joinbin.com/scrap-rate-copper-india,2026-09-05,DIRECT_RANGE,Grade and copper recovery strongly affect actual offer.,Telangana,Hyderabad,Kattedan Industrial Area / Sanathnagar,Tier 1,2026-08-01,11:00:00,per_kg,650.0,700.0,675.0,0.99,1.0,0.978,560,655,705,530,740,145,25.9,Stable,Configured cable-market scenario: stable.,Earth Sense Recycle Pvt Ltd Hyderabad,CPCB/EPR-EW/2022/TS-005,Synthetic scenario generated from material baselines and configured location/date factors,Synthetic - requires independent market verification,True,base_mid * location_factor * category_location_factor * date_factor
PRC-TE-HYD-00592,MAT-028,CABLES_WIRES,Cable,Bare Bright Copper Wire,Electrical/electronic wiring,BIN 2026 guide,direct_range,https://joinbin.com/scrap-rate-copper-india,2026-09-05,DIRECT_RANGE,Grade and copper recovery strongly affect actual offer.,Telangana,Hyderabad,Kattedan Industrial Area / Sanathnagar,Tier 1,2026-08-15,11:00:00,per_kg,650.0,700.0,675.0,0.99,1.0,0.985,565,660,710,535,745,145,25.7,Stable,Configured cable-market scenario: stable.,Earth Sense Recycle Pvt Ltd Hyderabad,CPCB/EPR-EW/2022/TS-005,Synthetic scenario generated from material baselines and configured location/date factors,Synthetic - requires independent market verification,True,base_mid * location_factor * category_location_factor * date_factor
PRC-TE-HYD-00593,MAT-028,CABLES_WIRES,Cable,Bare Bright Copper Wire,Electrical/electronic wiring,BIN 2026 guide,direct_range,https://joinbin.com/scrap-rate-copper-india,2026-09-05,DIRECT_RANGE,Grade and copper recovery strongly affect actual offer.,Telangana,Hyderabad,Kattedan Industrial Area / Sanathnagar,Tier 1,2026-09-01,11:00:00,per_kg,650.0,700.0,675.0,0.99,1.0,0.995,570,665,720,540,755,150,26.3,Stable,Configured cable-market scenario: stable.,Earth Sense Recycle Pvt Ltd Hyderabad,CPCB/EPR-EW/2022/TS-005,Synthetic scenario generated from material baselines and configured location/date factors,Synthetic - requires independent market verification,True,base_mid * location_factor * category_location_factor * date_factor
PRC-TE-HYD-00594,MAT-028,CABLES_WIRES,Cable,Bare Bright Copper Wire,Electrical/electronic wiring,BIN 2026 guide,direct_range,https://joinbin.com/scrap-rate-copper-india,2026-09-05,DIRECT_RANGE,Grade and copper recovery strongly affect actual offer.,Telangana,Hyderabad,Kattedan Industrial Area / Sanathnagar,Tier 1,2026-09-05,10:30:00,per_kg,650.0,700.0,675.0,0.99,1.0,1.0,575,670,720,545,755,145,25.2,Stable,Configured cable-market scenario: stable.,Earth Sense Recycle Pvt Ltd Hyderabad,CPCB/EPR-EW/2022/TS-005,Synthetic scenario generated from material baselines and configured location/date factors,Synthetic - requires independent market verification,True,base_mid * location_factor * category_location_factor * date_factor
PRC-TE-HYD-00595,MAT-029,CABLES_WIRES,Cable,#1 Clean Copper Wire,Electrical/electronic wiring,BIN 2026 guide,direct_range,https://joinbin.com/scrap-rate-copper-india,2026-09-05,DIRECT_RANGE,Grade and copper recovery strongly affect actual offer.,Telangana,Hyderabad,Kattedan Industrial Area / Sanathnagar,Tier 1,2026-09-05,10:30:00,per_kg,620.0,680.0,650.0,0.99,1.0,1.0,555,645,695,525,730,140,25.2,Stable,Configured cable-market scenario: stable.,Earth Sense Recycle Pvt Ltd Hyderabad,CPCB/EPR-EW/2022/TS-005,Synthetic scenario generated from material baselines and configured location/date factors,Synthetic - requires independent market verification,True,base_mid * location_factor * category_location_factor * date_factor
PRC-TE-HYD-00596,MAT-030,CABLES_WIRES,Cable,#2 Mixed Copper Wire,Electrical/electronic wiring,BIN 2026 guide,direct_range,https://joinbin.com/scrap-rate-copper-india,2026-09-05,DIRECT_RANGE,Grade and copper recovery strongly affect actual offer.,Telangana,Hyderabad,Kattedan Industrial Area / Sanathnagar,Tier 1,2026-09-05,10:30:00,per_kg,550.0,620.0,585.0,0.99,1.0,1.0,500,580,625,475,655,125,25.0,Stable,Configured cable-market scenario: stable.,Earth Sense Recycle Pvt Ltd Hyderabad,CPCB/EPR-EW/2022/TS-005,Synthetic scenario generated from material baselines and configured location/date factors,Synthetic - requires independent market verification,True,base_mid * location_factor * category_location_factor * date_factor
PRC-TE-HYD-00597,MAT-031,CABLES_WIRES,Cable,Insulated Copper Wire,Power/data cable,BIN 2026 guide,direct_range,https://joinbin.com/scrap-rate-copper-india,2026-09-05,DIRECT_RANGE,Grade and copper recovery strongly affect actual offer.,Telangana,Hyderabad,Kattedan Industrial Area / Sanathnagar,Tier 1,2026-07-15,11:00:00,per_kg,350.0,500.0,425.0,0.99,1.0,0.965,350,405,440,330,460,90,25.7,Stable,Configured cable-market scenario: stable.,Earth Sense Recycle Pvt Ltd Hyderabad,CPCB/EPR-EW/2022/TS-005,Synthetic scenario generated from material baselines and configured location/date factors,Synthetic - requires independent market verification,True,base_mid * location_factor * category_location_factor * date_factor
PRC-TE-HYD-00598,MAT-031,CABLES_WIRES,Cable,Insulated Copper Wire,Power/data cable,BIN 2026 guide,direct_range,https://joinbin.com/scrap-rate-copper-india,2026-09-05,DIRECT_RANGE,Grade and copper recovery strongly affect actual offer.,Telangana,Hyderabad,Kattedan Industrial Area / Sanathnagar,Tier 1,2026-08-01,11:00:00,per_kg,350.0,500.0,425.0,0.99,1.0,0.978,355,410,445,335,465,90,25.4,Stable,Configured cable-market scenario: stable.,Earth Sense Recycle Pvt Ltd Hyderabad,CPCB/EPR-EW/2022/TS-005,Synthetic scenario generated from material baselines and configured location/date factors,Synthetic - requires independent market verification,True,base_mid * location_factor * category_location_factor * date_factor
PRC-TE-HYD-00599,MAT-031,CABLES_WIRES,Cable,Insulated Copper Wire,Power/data cable,BIN 2026 guide,direct_range,https://joinbin.com/scrap-rate-copper-india,2026-09-05,DIRECT_RANGE,Grade and copper recovery strongly affect actual offer.,Telangana,Hyderabad,Kattedan Industrial Area / Sanathnagar,Tier 1,2026-08-15,11:00:00,per_kg,350.0,500.0,425.0,0.99,1.0,0.985,355,415,450,335,470,95,26.8,Stable,Configured cable-market scenario: stable.,Earth Sense Recycle Pvt Ltd Hyderabad,CPCB/EPR-EW/2022/TS-005,Synthetic scenario generated from material baselines and configured location/date factors,Synthetic - requires independent market verification,True,base_mid * location_factor * category_location_factor * date_factor
PRC-TE-HYD-00600,MAT-031,CABLES_WIRES,Cable,Insulated Copper Wire,Power/data cable,BIN 2026 guide,direct_range,https://joinbin.com/scrap-rate-copper-india,2026-09-05,DIRECT_RANGE,Grade and copper recovery strongly affect actual offer.,Telangana,Hyderabad,Kattedan Industrial Area / Sanathnagar,Tier 1,2026-09-01,11:00:00,per_kg,350.0,500.0,425.0,0.99,1.0,0.995,360,420,450,340,470,90,25.0,Stable,Configured cable-market scenario: stable.,Earth Sense Recycle Pvt Ltd Hyderabad,CPCB/EPR-EW/2022/TS-005,Synthetic scenario generated from material baselines and configured location/date factors,Synthetic - requires independent market verification,True,base_mid * location_factor * category_location_factor * date_factor
PRC-TE-HYD-00601,MAT-031,CABLES_WIRES,Cable,Insulated Copper Wire,Power/data cable,BIN 2026 guide,direct_range,https://joinbin.com/scrap-rate-copper-india,2026-09-05,DIRECT_RANGE,Grade and copper recovery strongly affect actual offer.,Telangana,Hyderabad,Kattedan Industrial Area / Sanathnagar,Tier 1,2026-09-05,10:30:00,per_kg,350.0,500.0,425.0,0.99,1.0,1.0,360,420,455,340,480,95,26.4,Stable,Configured cable-market scenario: stable.,Earth Sense Recycle Pvt Ltd Hyderabad,CPCB/EPR-EW/2022/TS-005,Synthetic scenario generated from material baselines and configured location/date factors,Synthetic - requires independent market verification,True,base_mid * location_factor * category_location_factor * date_factor
PRC-TE-HYD-00602,MAT-032,CABLES_WIRES,Cable,Copper Motor Winding Wire,Motor / fan winding,Scrapyard India,direct_range,https://www.scrapyard.co.in/copper-scrap-rates-india,2026-09-05,DIRECT_RANGE,Grade and copper recovery strongly affect actual offer.,Telangana,Hyderabad,Kattedan Industrial Area / Sanathnagar,Tier 1,2026-09-05,10:30:00,per_kg,420.0,450.0,435.0,0.99,1.0,1.0,370,430,465,350,490,95,25.7,Stable,Configured cable-market scenario: stable.,Earth Sense Recycle Pvt Ltd Hyderabad,CPCB/EPR-EW/2022/TS-005,Synthetic scenario generated from material baselines and configured location/date factors,Synthetic - requires independent market verification,True,base_mid * location_factor * category_location_factor * date_factor
PRC-TE-HYD-00603,MAT-033,CABLES_WIRES,Cable,Copper Transformer Winding,Transformer / PSU,Scrapyard India,direct_range,https://www.scrapyard.co.in/copper-scrap-rates-india,2026-09-05,DIRECT_RANGE,Grade and copper recovery strongly affect actual offer.,Telangana,Hyderabad,Kattedan Industrial Area / Sanathnagar,Tier 1,2026-09-05,10:30:00,per_kg,380.0,420.0,400.0,0.99,1.0,1.0,340,395,430,325,450,90,26.5,Stable,Configured cable-market scenario: stable.,Earth Sense Recycle Pvt Ltd Hyderabad,CPCB/EPR-EW/2022/TS-005,Synthetic scenario generated from material baselines and configured location/date factors,Synthetic - requires independent market verification,True,base_mid * location_factor * category_location_factor * date_factor
PRC-TE-HYD-00604,MAT-034,CABLES_WIRES,Cable,Copper Cable Scrap - High Grade,Power cable,ExportersIndia,direct_range,https://www.exportersindia.com/indian-suppliers/copper-cable-scrap.htm,2026-09-05,DIRECT_RANGE,Grade and copper recovery strongly affect actual offer.,Telangana,Hyderabad,Kattedan Industrial Area / Sanathnagar,Tier 1,2026-09-05,10:30:00,per_kg,650.0,775.0,712.5,0.99,1.0,1.0,605,705,760,575,800,155,25.6,Stable,Configured cable-market scenario: stable.,Earth Sense Recycle Pvt Ltd Hyderabad,CPCB/EPR-EW/2022/TS-005,Synthetic scenario generated from material baselines and configured location/date factors,Synthetic - requires independent market verification,True,base_mid * location_factor * category_location_factor * date_factor
PRC-TE-HYD-00605,MAT-035,CABLES_WIRES,Cable,Mixed Low-Grade Electronic Cable,Chargers / data cables,TradeIndia + Scrapyard India,proxy_from_direct,https://www.tradeindia.com/products/icw-insulated-copper-wire-scrap-9932932.html ; https://www.scrapyard.co.in/copper-scrap-rates-india,2026-09-05,PROXY,Grade and copper recovery strongly affect actual offer.,Telangana,Hyderabad,Kattedan Industrial Area / Sanathnagar,Tier 1,2026-09-05,10:30:00,per_kg,250.0,390.0,320.0,0.99,1.0,1.0,270,315,340,255,355,70,25.9,Stable,Configured cable-market scenario: stable.,Earth Sense Recycle Pvt Ltd Hyderabad,CPCB/EPR-EW/2022/TS-005,Synthetic scenario generated from material baselines and configured location/date factors,Synthetic - requires independent market verification,True,base_mid * location_factor * category_location_factor * date_factor
PRC-TE-HYD-00606,MAT-036,BATTERIES,Battery,Car Lead-Acid Battery,Car / automotive,ScrapTech,direct,https://scraptechindia.com/,2026-09-05,DIRECT,Battery chemistry must be known before using a specific chemistry rate.,Telangana,Hyderabad,Kattedan Industrial Area / Sanathnagar,Tier 1,2026-07-15,11:00:00,per_kg,125.0,125.0,125.0,0.99,1.0,0.965,105,120,130,100,135,25,23.8,Stable,Configured battery-market scenario: stable.,Earth Sense Recycle Pvt Ltd Hyderabad,CPCB/EPR-EW/2022/TS-005,Synthetic scenario generated from material baselines and configured location/date factors,Synthetic - requires independent market verification,True,base_mid * location_factor * category_location_factor * date_factor
PRC-TE-HYD-00607,MAT-036,BATTERIES,Battery,Car Lead-Acid Battery,Car / automotive,ScrapTech,direct,https://scraptechindia.com/,2026-09-05,DIRECT,Battery chemistry must be known before using a specific chemistry rate.,Telangana,Hyderabad,Kattedan Industrial Area / Sanathnagar,Tier 1,2026-08-01,11:00:00,per_kg,125.0,125.0,125.0,0.99,1.0,0.978,105,120,130,100,135,25,23.8,Stable,Configured battery-market scenario: stable.,Earth Sense Recycle Pvt Ltd Hyderabad,CPCB/EPR-EW/2022/TS-005,Synthetic scenario generated from material baselines and configured location/date factors,Synthetic - requires independent market verification,True,base_mid * location_factor * category_location_factor * date_factor
PRC-TE-HYD-00608,MAT-036,BATTERIES,Battery,Car Lead-Acid Battery,Car / automotive,ScrapTech,direct,https://scraptechindia.com/,2026-09-05,DIRECT,Battery chemistry must be known before using a specific chemistry rate.,Telangana,Hyderabad,Kattedan Industrial Area / Sanathnagar,Tier 1,2026-08-15,11:00:00,per_kg,125.0,125.0,125.0,0.99,1.0,0.985,105,120,130,100,135,25,23.8,Stable,Configured battery-market scenario: stable.,Earth Sense Recycle Pvt Ltd Hyderabad,CPCB/EPR-EW/2022/TS-005,Synthetic scenario generated from material baselines and configured location/date factors,Synthetic - requires independent market verification,True,base_mid * location_factor * category_location_factor * date_factor
PRC-TE-HYD-00609,MAT-036,BATTERIES,Battery,Car Lead-Acid Battery,Car / automotive,ScrapTech,direct,https://scraptechindia.com/,2026-09-05,DIRECT,Battery chemistry must be known before using a specific chemistry rate.,Telangana,Hyderabad,Kattedan Industrial Area / Sanathnagar,Tier 1,2026-09-01,11:00:00,per_kg,125.0,125.0,125.0,0.99,1.0,0.995,105,125,135,100,140,30,28.6,Stable,Configured battery-market scenario: stable.,Earth Sense Recycle Pvt Ltd Hyderabad,CPCB/EPR-EW/2022/TS-005,Synthetic scenario generated from material baselines and configured location/date factors,Synthetic - requires independent market verification,True,base_mid * location_factor * category_location_factor * date_factor
PRC-TE-HYD-00610,MAT-036,BATTERIES,Battery,Car Lead-Acid Battery,Car / automotive,ScrapTech,direct,https://scraptechindia.com/,2026-09-05,DIRECT,Battery chemistry must be known before using a specific chemistry rate.,Telangana,Hyderabad,Kattedan Industrial Area / Sanathnagar,Tier 1,2026-09-05,10:30:00,per_kg,125.0,125.0,125.0,0.99,1.0,1.0,105,125,135,100,140,30,28.6,Stable,Configured battery-market scenario: stable.,Earth Sense Recycle Pvt Ltd Hyderabad,CPCB/EPR-EW/2022/TS-005,Synthetic scenario generated from material baselines and configured location/date factors,Synthetic - requires independent market verification,True,base_mid * location_factor * category_location_factor * date_factor
PRC-TE-HYD-00611,MAT-037,BATTERIES,Battery,Inverter Battery,Home inverter,The Kabadiwala + ScrapTech,direct_multi_source,https://www.thekabadiwala.com/scrap-rates/Bhopal ; https://scraptechindia.com/,2026-09-05,DIRECT_RANGE,Battery chemistry must be known before using a specific chemistry rate.,Telangana,Hyderabad,Kattedan Industrial Area / Sanathnagar,Tier 1,2026-07-15,11:00:00,per_kg,80.0,110.0,95.0,0.99,1.0,0.965,78,91,98,74,105,20,25.6,Stable,Configured battery-market scenario: stable.,Earth Sense Recycle Pvt Ltd Hyderabad,CPCB/EPR-EW/2022/TS-005,Synthetic scenario generated from material baselines and configured location/date factors,Synthetic - requires independent market verification,True,base_mid * location_factor * category_location_factor * date_factor
PRC-TE-HYD-00612,MAT-037,BATTERIES,Battery,Inverter Battery,Home inverter,The Kabadiwala + ScrapTech,direct_multi_source,https://www.thekabadiwala.com/scrap-rates/Bhopal ; https://scraptechindia.com/,2026-09-05,DIRECT_RANGE,Battery chemistry must be known before using a specific chemistry rate.,Telangana,Hyderabad,Kattedan Industrial Area / Sanathnagar,Tier 1,2026-08-01,11:00:00,per_kg,80.0,110.0,95.0,0.99,1.0,0.978,79,92,99,75,105,20,25.3,Stable,Configured battery-market scenario: stable.,Earth Sense Recycle Pvt Ltd Hyderabad,CPCB/EPR-EW/2022/TS-005,Synthetic scenario generated from material baselines and configured location/date factors,Synthetic - requires independent market verification,True,base_mid * location_factor * category_location_factor * date_factor
PRC-TE-HYD-00613,MAT-037,BATTERIES,Battery,Inverter Battery,Home inverter,The Kabadiwala + ScrapTech,direct_multi_source,https://www.thekabadiwala.com/scrap-rates/Bhopal ; https://scraptechindia.com/,2026-09-05,DIRECT_RANGE,Battery chemistry must be known before using a specific chemistry rate.,Telangana,Hyderabad,Kattedan Industrial Area / Sanathnagar,Tier 1,2026-08-15,11:00:00,per_kg,80.0,110.0,95.0,0.99,1.0,0.985,80,93,100,76,105,20,25.0,Stable,Configured battery-market scenario: stable.,Earth Sense Recycle Pvt Ltd Hyderabad,CPCB/EPR-EW/2022/TS-005,Synthetic scenario generated from material baselines and configured location/date factors,Synthetic - requires independent market verification,True,base_mid * location_factor * category_location_factor * date_factor
PRC-TE-HYD-00614,MAT-037,BATTERIES,Battery,Inverter Battery,Home inverter,The Kabadiwala + ScrapTech,direct_multi_source,https://www.thekabadiwala.com/scrap-rates/Bhopal ; https://scraptechindia.com/,2026-09-05,DIRECT_RANGE,Battery chemistry must be known before using a specific chemistry rate.,Telangana,Hyderabad,Kattedan Industrial Area / Sanathnagar,Tier 1,2026-09-01,11:00:00,per_kg,80.0,110.0,95.0,0.99,1.0,0.995,80,94,100,76,105,20,25.0,Stable,Configured battery-market scenario: stable.,Earth Sense Recycle Pvt Ltd Hyderabad,CPCB/EPR-EW/2022/TS-005,Synthetic scenario generated from material baselines and configured location/date factors,Synthetic - requires independent market verification,True,base_mid * location_factor * category_location_factor * date_factor
PRC-TE-HYD-00615,MAT-037,BATTERIES,Battery,Inverter Battery,Home inverter,The Kabadiwala + ScrapTech,direct_multi_source,https://www.thekabadiwala.com/scrap-rates/Bhopal ; https://scraptechindia.com/,2026-09-05,DIRECT_RANGE,Battery chemistry must be known before using a specific chemistry rate.,Telangana,Hyderabad,Kattedan Industrial Area / Sanathnagar,Tier 1,2026-09-05,10:30:00,per_kg,80.0,110.0,95.0,0.99,1.0,1.0,81,94,100,77,105,19,23.5,Stable,Configured battery-market scenario: stable.,Earth Sense Recycle Pvt Ltd Hyderabad,CPCB/EPR-EW/2022/TS-005,Synthetic scenario generated from material baselines and configured location/date factors,Synthetic - requires independent market verification,True,base_mid * location_factor * category_location_factor * date_factor
PRC-TE-HYD-00616,MAT-038,BATTERIES,Battery,Lead-Acid Battery - Generic,UPS / backup power,ScrapTech,direct,https://scraptechindia.com/,2026-09-05,DIRECT,Battery chemistry must be known before using a specific chemistry rate.,Telangana,Hyderabad,Kattedan Industrial Area / Sanathnagar,Tier 1,2026-09-05,10:30:00,per_kg,95.0,95.0,95.0,0.99,1.0,1.0,81,94,100,77,105,19,23.5,Stable,Configured battery-market scenario: stable.,Earth Sense Recycle Pvt Ltd Hyderabad,CPCB/EPR-EW/2022/TS-005,Synthetic scenario generated from material baselines and configured location/date factors,Synthetic - requires independent market verification,True,base_mid * location_factor * category_location_factor * date_factor
PRC-TE-HYD-00617,MAT-039,BATTERIES,Battery,Li-ion Battery - Mixed,Consumer electronics,ScrapTech,direct,https://scraptechindia.com/,2026-09-05,DIRECT,Battery chemistry must be known before using a specific chemistry rate.,Telangana,Hyderabad,Kattedan Industrial Area / Sanathnagar,Tier 1,2026-09-05,10:30:00,per_kg,145.0,145.0,145.0,0.99,1.0,1.0,125,145,155,120,165,30,24.0,Stable,Configured battery-market scenario: stable.,Earth Sense Recycle Pvt Ltd Hyderabad,CPCB/EPR-EW/2022/TS-005,Synthetic scenario generated from material baselines and configured location/date factors,Synthetic - requires independent market verification,True,base_mid * location_factor * category_location_factor * date_factor
PRC-TE-HYD-00618,MAT-040,BATTERIES,Battery,Laptop Li-ion Battery,Laptop,MetalMandi,direct,https://www.metalmandi.in/,2026-09-05,DIRECT,Battery chemistry must be known before using a specific chemistry rate.,Telangana,Hyderabad,Kattedan Industrial Area / Sanathnagar,Tier 1,2026-09-05,10:30:00,per_kg,298.0,298.0,298.0,0.99,1.0,1.0,255,295,320,240,335,65,25.5,Stable,Configured battery-market scenario: stable.,Earth Sense Recycle Pvt Ltd Hyderabad,CPCB/EPR-EW/2022/TS-005,Synthetic scenario generated from material baselines and configured location/date factors,Synthetic - requires independent market verification,True,base_mid * location_factor * category_location_factor * date_factor
PRC-TE-HYD-00619,MAT-041,BATTERIES,Battery,Smartphone Li-ion Battery,Smartphone,MetalMandi,direct,https://www.metalmandi.in/,2026-09-05,DIRECT,Battery chemistry must be known before using a specific chemistry rate.,Telangana,Hyderabad,Kattedan Industrial Area / Sanathnagar,Tier 1,2026-09-05,10:30:00,per_kg,702.0,702.0,702.0,0.99,1.0,1.0,600,695,750,570,790,150,25.0,Stable,Configured battery-market scenario: stable.,Earth Sense Recycle Pvt Ltd Hyderabad,CPCB/EPR-EW/2022/TS-005,Synthetic scenario generated from material baselines and configured location/date factors,Synthetic - requires independent market verification,True,base_mid * location_factor * category_location_factor * date_factor
PRC-TE-HYD-00620,MAT-042,BATTERIES,Battery,Keypad Phone Battery,Keypad phone,MetalMandi,direct,https://www.metalmandi.in/,2026-09-05,DIRECT,Battery chemistry must be known before using a specific chemistry rate.,Telangana,Hyderabad,Kattedan Industrial Area / Sanathnagar,Tier 1,2026-09-05,10:30:00,per_kg,347.0,347.0,347.0,0.99,1.0,1.0,295,345,370,280,390,75,25.4,Stable,Configured battery-market scenario: stable.,Earth Sense Recycle Pvt Ltd Hyderabad,CPCB/EPR-EW/2022/TS-005,Synthetic scenario generated from material baselines and configured location/date factors,Synthetic - requires independent market verification,True,base_mid * location_factor * category_location_factor * date_factor
PRC-TE-HYD-00621,MAT-043,BATTERIES,Battery,Powerbank / Earbud / Small Gadget Battery,Small electronics,MetalMandi,direct,https://www.metalmandi.in/,2026-09-05,DIRECT,Battery chemistry must be known before using a specific chemistry rate.,Telangana,Hyderabad,Kattedan Industrial Area / Sanathnagar,Tier 1,2026-09-05,10:30:00,per_kg,273.0,273.0,273.0,0.99,1.0,1.0,230,270,290,220,305,60,26.1,Stable,Configured battery-market scenario: stable.,Earth Sense Recycle Pvt Ltd Hyderabad,CPCB/EPR-EW/2022/TS-005,Synthetic scenario generated from material baselines and configured location/date factors,Synthetic - requires independent market verification,True,base_mid * location_factor * category_location_factor * date_factor
PRC-TE-HYD-00622,MAT-044,BATTERIES,Battery,UPS / Non-Portable Li-ion Battery,UPS / stationary storage,MetalMandi,direct,https://www.metalmandi.in/,2026-09-05,DIRECT,Battery chemistry must be known before using a specific chemistry rate.,Telangana,Hyderabad,Kattedan Industrial Area / Sanathnagar,Tier 1,2026-09-05,10:30:00,per_kg,70.0,70.0,70.0,0.99,1.0,1.0,60,69,75,57,79,15,25.0,Stable,Configured battery-market scenario: stable.,Earth Sense Recycle Pvt Ltd Hyderabad,CPCB/EPR-EW/2022/TS-005,Synthetic scenario generated from material baselines and configured location/date factors,Synthetic - requires independent market verification,True,base_mid * location_factor * category_location_factor * date_factor
PRC-TE-HYD-00623,MAT-045,MOTORS,Motor,Mixed E-waste Motor - Copper Wiring,Small appliances,Kabadiwalla Uncle + Scrap Savvy,direct_multi_source,https://www.kabadiwalla.in/cms-rates ; https://scrapsavvykabadiwala.com/scrap-rates-today-scrap-prices/,2026-09-05,DIRECT_RANGE,Motor rate varies heavily with copper content and whether dismantled.,Telangana,Hyderabad,Kattedan Industrial Area / Sanathnagar,Tier 1,2026-09-05,10:30:00,per_kg,38.0,55.0,46.5,0.99,1.0,1.0,40,46,50,38,52,10,25.0,Stable,Configured motor-market scenario: stable.,Earth Sense Recycle Pvt Ltd Hyderabad,CPCB/EPR-EW/2022/TS-005,Synthetic scenario generated from material baselines and configured location/date factors,Synthetic - requires independent market verification,True,base_mid * location_factor * category_location_factor * date_factor
PRC-TE-HYD-00624,MAT-046,MOTORS,Motor,DC Fan Motor Scrap,DC fan / electronics cooling,ExportersIndia - Musa Traders,direct_range,https://www.exportersindia.com/musa-traders/copperscrap.htm,2026-09-05,DIRECT_RANGE,Motor rate varies heavily with copper content and whether dismantled.,Telangana,Hyderabad,Kattedan Industrial Area / Sanathnagar,Tier 1,2026-07-15,11:00:00,per_kg,50.0,70.0,60.0,0.99,1.0,0.965,49,57,62,47,65,13,26.5,Stable,Configured motor-market scenario: stable.,Earth Sense Recycle Pvt Ltd Hyderabad,CPCB/EPR-EW/2022/TS-005,Synthetic scenario generated from material baselines and configured location/date factors,Synthetic - requires independent market verification,True,base_mid * location_factor * category_location_factor * date_factor
PRC-TE-HYD-00625,MAT-046,MOTORS,Motor,DC Fan Motor Scrap,DC fan / electronics cooling,ExportersIndia - Musa Traders,direct_range,https://www.exportersindia.com/musa-traders/copperscrap.htm,2026-09-05,DIRECT_RANGE,Motor rate varies heavily with copper content and whether dismantled.,Telangana,Hyderabad,Kattedan Industrial Area / Sanathnagar,Tier 1,2026-08-01,11:00:00,per_kg,50.0,70.0,60.0,0.99,1.0,0.978,50,58,63,48,66,13,26.0,Stable,Configured motor-market scenario: stable.,Earth Sense Recycle Pvt Ltd Hyderabad,CPCB/EPR-EW/2022/TS-005,Synthetic scenario generated from material baselines and configured location/date factors,Synthetic - requires independent market verification,True,base_mid * location_factor * category_location_factor * date_factor
PRC-TE-HYD-00626,MAT-046,MOTORS,Motor,DC Fan Motor Scrap,DC fan / electronics cooling,ExportersIndia - Musa Traders,direct_range,https://www.exportersindia.com/musa-traders/copperscrap.htm,2026-09-05,DIRECT_RANGE,Motor rate varies heavily with copper content and whether dismantled.,Telangana,Hyderabad,Kattedan Industrial Area / Sanathnagar,Tier 1,2026-08-15,11:00:00,per_kg,50.0,70.0,60.0,0.99,1.0,0.985,50,59,63,48,66,13,26.0,Stable,Configured motor-market scenario: stable.,Earth Sense Recycle Pvt Ltd Hyderabad,CPCB/EPR-EW/2022/TS-005,Synthetic scenario generated from material baselines and configured location/date factors,Synthetic - requires independent market verification,True,base_mid * location_factor * category_location_factor * date_factor
PRC-TE-HYD-00627,MAT-046,MOTORS,Motor,DC Fan Motor Scrap,DC fan / electronics cooling,ExportersIndia - Musa Traders,direct_range,https://www.exportersindia.com/musa-traders/copperscrap.htm,2026-09-05,DIRECT_RANGE,Motor rate varies heavily with copper content and whether dismantled.,Telangana,Hyderabad,Kattedan Industrial Area / Sanathnagar,Tier 1,2026-09-01,11:00:00,per_kg,50.0,70.0,60.0,0.99,1.0,0.995,51,59,64,48,67,13,25.5,Stable,Configured motor-market scenario: stable.,Earth Sense Recycle Pvt Ltd Hyderabad,CPCB/EPR-EW/2022/TS-005,Synthetic scenario generated from material baselines and configured location/date factors,Synthetic - requires independent market verification,True,base_mid * location_factor * category_location_factor * date_factor
PRC-TE-HYD-00628,MAT-046,MOTORS,Motor,DC Fan Motor Scrap,DC fan / electronics cooling,ExportersIndia - Musa Traders,direct_range,https://www.exportersindia.com/musa-traders/copperscrap.htm,2026-09-05,DIRECT_RANGE,Motor rate varies heavily with copper content and whether dismantled.,Telangana,Hyderabad,Kattedan Industrial Area / Sanathnagar,Tier 1,2026-09-05,10:30:00,per_kg,50.0,70.0,60.0,0.99,1.0,1.0,51,59,64,48,67,13,25.5,Stable,Configured motor-market scenario: stable.,Earth Sense Recycle Pvt Ltd Hyderabad,CPCB/EPR-EW/2022/TS-005,Synthetic scenario generated from material baselines and configured location/date factors,Synthetic - requires independent market verification,True,base_mid * location_factor * category_location_factor * date_factor
PRC-TE-HYD-00629,MAT-047,MOTORS,Motor,Ceiling Fan Motor Scrap,Ceiling fan,Justdial supplier listing,direct_range,https://www.justdial.com/jdmart/Ernakulam/Ceiling-Fan-Scrap/pid-2216994813/0484P484STD3000251,2026-09-05,DIRECT_RANGE,Motor rate varies heavily with copper content and whether dismantled.,Telangana,Hyderabad,Kattedan Industrial Area / Sanathnagar,Tier 1,2026-07-15,11:00:00,per_kg,150.0,250.0,200.0,0.99,1.0,0.965,165,190,205,155,215,40,24.2,Stable,Configured motor-market scenario: stable.,Earth Sense Recycle Pvt Ltd Hyderabad,CPCB/EPR-EW/2022/TS-005,Synthetic scenario generated from material baselines and configured location/date factors,Synthetic - requires independent market verification,True,base_mid * location_factor * category_location_factor * date_factor
PRC-TE-HYD-00630,MAT-047,MOTORS,Motor,Ceiling Fan Motor Scrap,Ceiling fan,Justdial supplier listing,direct_range,https://www.justdial.com/jdmart/Ernakulam/Ceiling-Fan-Scrap/pid-2216994813/0484P484STD3000251,2026-09-05,DIRECT_RANGE,Motor rate varies heavily with copper content and whether dismantled.,Telangana,Hyderabad,Kattedan Industrial Area / Sanathnagar,Tier 1,2026-08-01,11:00:00,per_kg,150.0,250.0,200.0,0.99,1.0,0.978,165,195,210,155,220,45,27.3,Stable,Configured motor-market scenario: stable.,Earth Sense Recycle Pvt Ltd Hyderabad,CPCB/EPR-EW/2022/TS-005,Synthetic scenario generated from material baselines and configured location/date factors,Synthetic - requires independent market verification,True,base_mid * location_factor * category_location_factor * date_factor
PRC-TE-HYD-00631,MAT-047,MOTORS,Motor,Ceiling Fan Motor Scrap,Ceiling fan,Justdial supplier listing,direct_range,https://www.justdial.com/jdmart/Ernakulam/Ceiling-Fan-Scrap/pid-2216994813/0484P484STD3000251,2026-09-05,DIRECT_RANGE,Motor rate varies heavily with copper content and whether dismantled.,Telangana,Hyderabad,Kattedan Industrial Area / Sanathnagar,Tier 1,2026-08-15,11:00:00,per_kg,150.0,250.0,200.0,0.99,1.0,0.985,170,195,210,160,220,40,23.5,Stable,Configured motor-market scenario: stable.,Earth Sense Recycle Pvt Ltd Hyderabad,CPCB/EPR-EW/2022/TS-005,Synthetic scenario generated from material baselines and configured location/date factors,Synthetic - requires independent market verification,True,base_mid * location_factor * category_location_factor * date_factor
PRC-TE-HYD-00632,MAT-047,MOTORS,Motor,Ceiling Fan Motor Scrap,Ceiling fan,Justdial supplier listing,direct_range,https://www.justdial.com/jdmart/Ernakulam/Ceiling-Fan-Scrap/pid-2216994813/0484P484STD3000251,2026-09-05,DIRECT_RANGE,Motor rate varies heavily with copper content and whether dismantled.,Telangana,Hyderabad,Kattedan Industrial Area / Sanathnagar,Tier 1,2026-09-01,11:00:00,per_kg,150.0,250.0,200.0,0.99,1.0,0.995,170,195,215,160,225,45,26.5,Stable,Configured motor-market scenario: stable.,Earth Sense Recycle Pvt Ltd Hyderabad,CPCB/EPR-EW/2022/TS-005,Synthetic scenario generated from material baselines and configured location/date factors,Synthetic - requires independent market verification,True,base_mid * location_factor * category_location_factor * date_factor
PRC-TE-HYD-00633,MAT-047,MOTORS,Motor,Ceiling Fan Motor Scrap,Ceiling fan,Justdial supplier listing,direct_range,https://www.justdial.com/jdmart/Ernakulam/Ceiling-Fan-Scrap/pid-2216994813/0484P484STD3000251,2026-09-05,DIRECT_RANGE,Motor rate varies heavily with copper content and whether dismantled.,Telangana,Hyderabad,Kattedan Industrial Area / Sanathnagar,Tier 1,2026-09-05,10:30:00,per_kg,150.0,250.0,200.0,0.99,1.0,1.0,170,200,215,160,225,45,26.5,Stable,Configured motor-market scenario: stable.,Earth Sense Recycle Pvt Ltd Hyderabad,CPCB/EPR-EW/2022/TS-005,Synthetic scenario generated from material baselines and configured location/date factors,Synthetic - requires independent market verification,True,base_mid * location_factor * category_location_factor * date_factor
PRC-TE-HYD-00634,MAT-048,MOTORS,Motor,Small Appliance Motor,Mixer / pump / appliance,Kabadiwalla Uncle + Musa Traders,proxy_from_direct,https://www.kabadiwalla.in/cms-rates ; https://www.exportersindia.com/musa-traders/copperscrap.htm,2026-09-05,PROXY,Motor rate varies heavily with copper content and whether dismantled.,Telangana,Hyderabad,Kattedan Industrial Area / Sanathnagar,Tier 1,2026-09-05,10:30:00,per_kg,38.0,70.0,54.0,0.99,1.0,1.0,46,53,58,44,61,12,26.1,Stable,Configured motor-market scenario: stable.,Earth Sense Recycle Pvt Ltd Hyderabad,CPCB/EPR-EW/2022/TS-005,Synthetic scenario generated from material baselines and configured location/date factors,Synthetic - requires independent market verification,True,base_mid * location_factor * category_location_factor * date_factor
PRC-TE-HYD-00635,MAT-049,MOTORS,Motor,Printer / Scanner Motor,Printer / scanner,Kabadiwalla Uncle + Musa Traders,proxy_from_direct,https://www.kabadiwalla.in/cms-rates ; https://www.exportersindia.com/musa-traders/copperscrap.htm,2026-09-05,PROXY,Motor rate varies heavily with copper content and whether dismantled.,Telangana,Hyderabad,Kattedan Industrial Area / Sanathnagar,Tier 1,2026-09-05,10:30:00,per_kg,38.0,70.0,54.0,0.99,1.0,1.0,46,53,58,44,61,12,26.1,Stable,Configured motor-market scenario: stable.,Earth Sense Recycle Pvt Ltd Hyderabad,CPCB/EPR-EW/2022/TS-005,Synthetic scenario generated from material baselines and configured location/date factors,Synthetic - requires independent market verification,True,base_mid * location_factor * category_location_factor * date_factor
PRC-TE-HYD-00636,MAT-050,MOTORS,Motor,Large Copper-Wound Motor,Industrial / appliance motor,Scrap Savvy + fan-motor listing,proxy_from_direct,https://scrapsavvykabadiwala.com/scrap-rates-today-scrap-prices/ ; https://www.justdial.com/jdmart/Ernakulam/Ceiling-Fan-Scrap/pid-2216994813/0484P484STD3000251,2026-09-05,PROXY,Motor rate varies heavily with copper content and whether dismantled.,Telangana,Hyderabad,Kattedan Industrial Area / Sanathnagar,Tier 1,2026-09-05,10:30:00,per_kg,55.0,150.0,102.5,0.99,1.0,1.0,87,100,110,83,115,23,26.4,Stable,Configured motor-market scenario: stable.,Earth Sense Recycle Pvt Ltd Hyderabad,CPCB/EPR-EW/2022/TS-005,Synthetic scenario generated from material baselines and configured location/date factors,Synthetic - requires independent market verification,True,base_mid * location_factor * category_location_factor * date_factor
PRC-TE-HYD-00637,MAT-051,PLASTICS,Mixed Plastic,ABS Plastic - Electronics Housing,Computer / appliance casing,TradeIndia,direct_range,https://www.tradeindia.com/products/abs-plastic-scraps-c1707904.html,2026-09-05,DIRECT_RANGE,Plastic resin identification materially changes value.,Telangana,Hyderabad,Kattedan Industrial Area / Sanathnagar,Tier 1,2026-09-05,10:30:00,per_kg,30.0,40.0,35.0,0.99,1.0,1.0,30,35,37,28,39,7,23.3,Stable,Configured plastic-market scenario: stable.,Earth Sense Recycle Pvt Ltd Hyderabad,CPCB/EPR-EW/2022/TS-005,Synthetic scenario generated from material baselines and configured location/date factors,Synthetic - requires independent market verification,True,base_mid * location_factor * category_location_factor * date_factor
PRC-TE-HYD-00638,MAT-052,PLASTICS,Mixed Plastic,HDPE Plastic Scrap,Cable/accessory housings,Scrapprice India,direct,https://scrapprice.in/scrap-materials,2026-09-05,DIRECT,Plastic resin identification materially changes value.,Telangana,Hyderabad,Kattedan Industrial Area / Sanathnagar,Tier 1,2026-09-05,10:30:00,per_kg,57.5,57.5,57.5,0.99,1.0,1.0,49,57,61,47,64,12,24.5,Stable,Configured plastic-market scenario: stable.,Earth Sense Recycle Pvt Ltd Hyderabad,CPCB/EPR-EW/2022/TS-005,Synthetic scenario generated from material baselines and configured location/date factors,Synthetic - requires independent market verification,True,base_mid * location_factor * category_location_factor * date_factor
PRC-TE-HYD-00639,MAT-053,PLASTICS,Mixed Plastic,PP Plastic Scrap,Electronics housings / parts,Scrapprice India,direct,https://scrapprice.in/scrap-materials,2026-09-05,DIRECT,Plastic resin identification materially changes value.,Telangana,Hyderabad,Kattedan Industrial Area / Sanathnagar,Tier 1,2026-09-05,10:30:00,per_kg,77.83,77.83,77.83,0.99,1.0,1.0,66,77,83,63,87,17,25.8,Stable,Configured plastic-market scenario: stable.,Earth Sense Recycle Pvt Ltd Hyderabad,CPCB/EPR-EW/2022/TS-005,Synthetic scenario generated from material baselines and configured location/date factors,Synthetic - requires independent market verification,True,base_mid * location_factor * category_location_factor * date_factor
PRC-TE-HYD-00640,MAT-054,PLASTICS,Mixed Plastic,LDPE Plastic Scrap,Flexible electronic packaging / insulation,Scrapprice India,direct,https://scrapprice.in/scrap-materials,2026-09-05,DIRECT,Plastic resin identification materially changes value.,Telangana,Hyderabad,Kattedan Industrial Area / Sanathnagar,Tier 1,2026-09-05,10:30:00,per_kg,83.0,83.0,83.0,0.99,1.0,1.0,71,82,89,67,93,18,25.4,Stable,Configured plastic-market scenario: stable.,Earth Sense Recycle Pvt Ltd Hyderabad,CPCB/EPR-EW/2022/TS-005,Synthetic scenario generated from material baselines and configured location/date factors,Synthetic - requires independent market verification,True,base_mid * location_factor * category_location_factor * date_factor
PRC-TE-HYD-00641,MAT-055,PLASTICS,Mixed Plastic,PVC Plastic Scrap,Cable insulation / housings,Scrapprice India,direct,https://scrapprice.in/scrap-materials,2026-09-05,DIRECT,Plastic resin identification materially changes value.,Telangana,Hyderabad,Kattedan Industrial Area / Sanathnagar,Tier 1,2026-09-05,10:30:00,per_kg,22.2,22.2,22.2,0.99,1.0,1.0,18.9,22,24,18,25,5.1,27.0,Stable,Configured plastic-market scenario: stable.,Earth Sense Recycle Pvt Ltd Hyderabad,CPCB/EPR-EW/2022/TS-005,Synthetic scenario generated from material baselines and configured location/date factors,Synthetic - requires independent market verification,True,base_mid * location_factor * category_location_factor * date_factor
PRC-TE-HYD-00642,MAT-056,PLASTICS,Mixed Plastic,PET Plastic Scrap,Packaging / accessory plastics,Scrapprice India,direct,https://scrapprice.in/scrap-materials,2026-09-05,DIRECT,Plastic resin identification materially changes value.,Telangana,Hyderabad,Kattedan Industrial Area / Sanathnagar,Tier 1,2026-09-05,10:30:00,per_kg,33.5,33.5,33.5,0.99,1.0,1.0,29,33,36,28,38,7,24.1,Stable,Configured plastic-market scenario: stable.,Earth Sense Recycle Pvt Ltd Hyderabad,CPCB/EPR-EW/2022/TS-005,Synthetic scenario generated from material baselines and configured location/date factors,Synthetic - requires independent market verification,True,base_mid * location_factor * category_location_factor * date_factor
PRC-TE-HYD-00643,MAT-057,PLASTICS,Mixed Plastic,Mixed Plastic - E-waste,Mixed electronic plastic,The Kabadiwala + Scrapprice India,direct_multi_source,https://www.thekabadiwala.com/scrap-rates/Bhopal ; https://scrapprice.in/scrap-materials,2026-09-05,DIRECT_RANGE,Plastic resin identification materially changes value.,Telangana,Hyderabad,Kattedan Industrial Area / Sanathnagar,Tier 1,2026-09-05,10:30:00,per_kg,12.0,57.29,34.64,0.99,1.0,1.0,29,34,37,28,39,8,27.6,Stable,Configured plastic-market scenario: stable.,Earth Sense Recycle Pvt Ltd Hyderabad,CPCB/EPR-EW/2022/TS-005,Synthetic scenario generated from material baselines and configured location/date factors,Synthetic - requires independent market verification,True,base_mid * location_factor * category_location_factor * date_factor
PRC-TE-HYD-00644,MAT-058,MOBILE_TABLETS,Mobile Phone,Keypad Phone - Complete,Keypad phone,Scrap Savvy + Kabadiwala Online,direct_multi_source,https://scrapsavvykabadiwala.com/scrap-rates-today-scrap-prices/ ; https://kabadiwalaonline.com/secrap-rates/,2026-09-05,DIRECT_RANGE,"Complete-device pickup prices depend heavily on model, storage, condition and lock status.",Telangana,Hyderabad,Kattedan Industrial Area / Sanathnagar,Tier 1,2026-09-05,10:30:00,per_piece,10.0,20.0,15.0,0.99,1.0,1.0,12.8,14.8,16,12.2,16.8,3.2,25.0,Stable,Configured synthetic market scenario.,Earth Sense Recycle Pvt Ltd Hyderabad,CPCB/EPR-EW/2022/TS-005,Synthetic scenario generated from material baselines and configured location/date factors,Synthetic - requires independent market verification,True,base_mid * location_factor * category_location_factor * date_factor
PRC-TE-HYD-00645,MAT-059,MOBILE_TABLETS,Mobile Phone,Smartphone - Generic Complete,Smartphone,Scrap Savvy + Kabadiwala Online,direct_multi_source,https://scrapsavvykabadiwala.com/scrap-rates-today-scrap-prices/ ; https://kabadiwalaonline.com/secrap-rates/,2026-09-05,DIRECT_RANGE,"Complete-device pickup prices depend heavily on model, storage, condition and lock status.",Telangana,Hyderabad,Kattedan Industrial Area / Sanathnagar,Tier 1,2026-09-05,10:30:00,per_piece,20.0,60.0,40.0,0.99,1.0,1.0,34,40,43,32,45,9,26.5,Stable,Configured synthetic market scenario.,Earth Sense Recycle Pvt Ltd Hyderabad,CPCB/EPR-EW/2022/TS-005,Synthetic scenario generated from material baselines and configured location/date factors,Synthetic - requires independent market verification,True,base_mid * location_factor * category_location_factor * date_factor
PRC-TE-HYD-00646,MAT-060,MOBILE_TABLETS,Mobile Phone,Tablet - Generic Complete,Tablet,Kabadiwalla Uncle + Kabadiwala Online,direct_multi_source,https://www.kabadiwalla.in/cms-rates ; https://kabadiwalaonline.com/secrap-rates/,2026-09-05,DIRECT_RANGE,"Complete-device pickup prices depend heavily on model, storage, condition and lock status.",Telangana,Hyderabad,Kattedan Industrial Area / Sanathnagar,Tier 1,2026-09-05,10:30:00,per_piece,30.0,60.0,45.0,0.99,1.0,1.0,38,45,48,36,50,10,26.3,Stable,Configured synthetic market scenario.,Earth Sense Recycle Pvt Ltd Hyderabad,CPCB/EPR-EW/2022/TS-005,Synthetic scenario generated from material baselines and configured location/date factors,Synthetic - requires independent market verification,True,base_mid * location_factor * category_location_factor * date_factor
PRC-TE-HYD-00647,MAT-061,MOBILE_TABLETS,Mobile Phone,Android Smartphone - 16GB,Smartphone,Scrap Mitra,direct,https://scrapmitra.com/,2026-09-05,DIRECT,"Complete-device pickup prices depend heavily on model, storage, condition and lock status.",Telangana,Hyderabad,Kattedan Industrial Area / Sanathnagar,Tier 1,2026-09-05,10:30:00,per_piece,200.0,200.0,200.0,0.99,1.0,1.0,170,200,215,160,225,45,26.5,Stable,Configured synthetic market scenario.,Earth Sense Recycle Pvt Ltd Hyderabad,CPCB/EPR-EW/2022/TS-005,Synthetic scenario generated from material baselines and configured location/date factors,Synthetic - requires independent market verification,True,base_mid * location_factor * category_location_factor * date_factor
PRC-TE-HYD-00648,MAT-062,MOBILE_TABLETS,Mobile Phone,Android Smartphone - 32GB,Smartphone,Scrap Mitra,direct,https://scrapmitra.com/,2026-09-05,DIRECT,"Complete-device pickup prices depend heavily on model, storage, condition and lock status.",Telangana,Hyderabad,Kattedan Industrial Area / Sanathnagar,Tier 1,2026-09-05,10:30:00,per_piece,400.0,400.0,400.0,0.99,1.0,1.0,340,395,430,325,450,90,26.5,Stable,Configured synthetic market scenario.,Earth Sense Recycle Pvt Ltd Hyderabad,CPCB/EPR-EW/2022/TS-005,Synthetic scenario generated from material baselines and configured location/date factors,Synthetic - requires independent market verification,True,base_mid * location_factor * category_location_factor * date_factor
PRC-TE-HYD-00649,MAT-063,MOBILE_TABLETS,Mobile Phone,Android Smartphone - 64GB,Smartphone,Scrap Mitra,direct,https://scrapmitra.com/,2026-09-05,DIRECT,"Complete-device pickup prices depend heavily on model, storage, condition and lock status.",Telangana,Hyderabad,Kattedan Industrial Area / Sanathnagar,Tier 1,2026-09-05,10:30:00,per_piece,650.0,650.0,650.0,0.99,1.0,1.0,555,645,695,525,730,140,25.2,Stable,Configured synthetic market scenario.,Earth Sense Recycle Pvt Ltd Hyderabad,CPCB/EPR-EW/2022/TS-005,Synthetic scenario generated from material baselines and configured location/date factors,Synthetic - requires independent market verification,True,base_mid * location_factor * category_location_factor * date_factor
PRC-TE-HYD-00650,MAT-064,MOBILE_TABLETS,Mobile Phone,Android Smartphone - 128GB,Smartphone,Scrap Mitra,direct,https://scrapmitra.com/,2026-09-05,DIRECT,"Complete-device pickup prices depend heavily on model, storage, condition and lock status.",Telangana,Hyderabad,Kattedan Industrial Area / Sanathnagar,Tier 1,2026-09-05,10:30:00,per_piece,1000.0,1000.0,1000.0,0.99,1.0,1.0,850,990,1050,810,1100,200,23.5,Stable,Configured synthetic market scenario.,Earth Sense Recycle Pvt Ltd Hyderabad,CPCB/EPR-EW/2022/TS-005,Synthetic scenario generated from material baselines and configured location/date factors,Synthetic - requires independent market verification,True,base_mid * location_factor * category_location_factor * date_factor
PRC-TE-HYD-00651,MAT-065,MOBILE_TABLETS,Mobile Phone,Android Smartphone - 256GB,Smartphone,Scrap Mitra,direct,https://scrapmitra.com/,2026-09-05,DIRECT,"Complete-device pickup prices depend heavily on model, storage, condition and lock status.",Telangana,Hyderabad,Kattedan Industrial Area / Sanathnagar,Tier 1,2026-09-05,10:30:00,per_piece,2300.0,2300.0,2300.0,0.99,1.0,1.0,1950,2300,2450,1850,2550,500,25.6,Stable,Configured synthetic market scenario.,Earth Sense Recycle Pvt Ltd Hyderabad,CPCB/EPR-EW/2022/TS-005,Synthetic scenario generated from material baselines and configured location/date factors,Synthetic - requires independent market verification,True,base_mid * location_factor * category_location_factor * date_factor
PRC-GU-AHM-00652,MAT-001,CRT,CRT,CRT Monitor - Standard,Desktop computer,Scrappbazaar + Scrap Savvy,direct_multi_source,https://www.scrappbazaar.com/rates ; https://scrapsavvykabadiwala.com/scrap-rates-today-scrap-prices/,2026-09-05,DIRECT_RANGE,Current pickup listings show ~₹150-180/piece.,Gujarat,Ahmedabad,Odhav / Vatva GIDC Industrial Estate,Tier 1,2026-09-05,10:30:00,per_piece,150.0,180.0,165.0,1.02,1.0,1.0,145,170,180,140,190,35,24.1,Rising,Configured CRT-market scenario: rising.,ECS Environment Ltd Ahmedabad,CPCB/EPR-EW/2022/GJ-007,Synthetic scenario generated from material baselines and configured location/date factors,Synthetic - requires independent market verification,True,base_mid * location_factor * category_location_factor * date_factor
PRC-GU-AHM-00653,MAT-002,CRT,CRT,CRT TV - Standard,Television,Scrappbazaar + Scrap Savvy,direct_multi_source,https://www.scrappbazaar.com/rates ; https://scrapsavvykabadiwala.com/scrap-rates-today-scrap-prices/,2026-09-05,DIRECT_RANGE,Current listings show ~₹150-200/piece.,Gujarat,Ahmedabad,Odhav / Vatva GIDC Industrial Estate,Tier 1,2026-09-05,10:30:00,per_piece,150.0,200.0,175.0,1.02,1.0,1.0,155,180,195,145,205,40,25.8,Rising,Configured CRT-market scenario: rising.,ECS Environment Ltd Ahmedabad,CPCB/EPR-EW/2022/GJ-007,Synthetic scenario generated from material baselines and configured location/date factors,Synthetic - requires independent market verification,True,base_mid * location_factor * category_location_factor * date_factor
PRC-GU-AHM-00654,MAT-003,CRT,CRT,CRT TV - Small 14-17 inch,Television,The Kabadiwala + Kabadiwala Online,proxy_from_direct,https://www.thekabadiwala.com/scrap-rates/Bhopal ; https://kabadiwalaonline.com/secrap-rates/,2026-09-05,PROXY,Size-specific value inferred from current CRT TV/monitor pickup rates.,Gujarat,Ahmedabad,Odhav / Vatva GIDC Industrial Estate,Tier 1,2026-09-05,10:30:00,per_piece,100.0,160.0,130.0,1.02,1.0,1.0,115,135,145,110,150,30,26.1,Rising,Configured CRT-market scenario: rising.,ECS Environment Ltd Ahmedabad,CPCB/EPR-EW/2022/GJ-007,Synthetic scenario generated from material baselines and configured location/date factors,Synthetic - requires independent market verification,True,base_mid * location_factor * category_location_factor * date_factor
PRC-GU-AHM-00655,MAT-004,CRT,CRT,CRT Monitor - 17 inch,Desktop computer,Kabadiwala Online + Scrap Savvy,direct_multi_source,https://kabadiwalaonline.com/secrap-rates/ ; https://scrapsavvykabadiwala.com/scrap-rates-today-scrap-prices/,2026-09-05,DIRECT_RANGE,Standard CRT monitor rate.,Gujarat,Ahmedabad,Odhav / Vatva GIDC Industrial Estate,Tier 1,2026-09-05,10:30:00,per_piece,150.0,180.0,165.0,1.02,1.0,1.0,145,170,180,140,190,35,24.1,Rising,Configured CRT-market scenario: rising.,ECS Environment Ltd Ahmedabad,CPCB/EPR-EW/2022/GJ-007,Synthetic scenario generated from material baselines and configured location/date factors,Synthetic - requires independent market verification,True,base_mid * location_factor * category_location_factor * date_factor
PRC-GU-AHM-00656,MAT-005,CRT,CRT,CRT TV - Large 21 inch+,Television,Scrappbazaar + Kabadiwalla Uncle,proxy_from_direct,https://www.scrappbazaar.com/rates ; https://www.kabadiwalla.in/cms-rates,2026-09-05,PROXY,Large-size premium is a conservative proxy around current CRT TV listings.,Gujarat,Ahmedabad,Odhav / Vatva GIDC Industrial Estate,Tier 1,2026-09-05,10:30:00,per_piece,160.0,220.0,190.0,1.02,1.0,1.0,165,195,210,155,220,45,27.3,Rising,Configured CRT-market scenario: rising.,ECS Environment Ltd Ahmedabad,CPCB/EPR-EW/2022/GJ-007,Synthetic scenario generated from material baselines and configured location/date factors,Synthetic - requires independent market verification,True,base_mid * location_factor * category_location_factor * date_factor
PRC-GU-AHM-00657,MAT-006,LCD_LED,LCD Panel,LCD Monitor,Desktop computer,Kabadiwalla Uncle + Kabadiwala Online,direct_multi_source,https://www.kabadiwalla.in/cms-rates ; https://kabadiwalaonline.com/secrap-rates/,2026-09-05,DIRECT_RANGE,Current LCD monitor listings: ₹25-30/kg.,Gujarat,Ahmedabad,Odhav / Vatva GIDC Industrial Estate,Tier 1,2026-09-05,10:30:00,per_kg,25.0,30.0,27.5,1.02,1.0,1.0,24,28,30,23,32,6,25.0,Rising,Configured LCD/LED-market scenario: rising.,ECS Environment Ltd Ahmedabad,CPCB/EPR-EW/2022/GJ-007,Synthetic scenario generated from material baselines and configured location/date factors,Synthetic - requires independent market verification,True,base_mid * location_factor * category_location_factor * date_factor
PRC-GU-AHM-00658,MAT-007,LCD_LED,LCD Panel,TFT Monitor,Desktop computer,Scrap Savvy,direct,https://scrapsavvykabadiwala.com/scrap-rates-today-scrap-prices/,2026-09-05,DIRECT,Quoted ₹30/kg.,Gujarat,Ahmedabad,Odhav / Vatva GIDC Industrial Estate,Tier 1,2026-09-05,10:30:00,per_kg,30.0,30.0,30.0,1.02,1.0,1.0,26,31,33,25,35,7,26.9,Rising,Configured LCD/LED-market scenario: rising.,ECS Environment Ltd Ahmedabad,CPCB/EPR-EW/2022/GJ-007,Synthetic scenario generated from material baselines and configured location/date factors,Synthetic - requires independent market verification,True,base_mid * location_factor * category_location_factor * date_factor
PRC-GU-AHM-00659,MAT-008,LCD_LED,LCD Panel,LCD TV Panel / Assembly,Television,Kabadiwala Online + MetalMandi,direct_multi_source,https://kabadiwalaonline.com/secrap-rates/ ; https://www.metalmandi.in/,2026-09-05,DIRECT_RANGE,LCD display quotes cluster around ₹20-30/kg.,Gujarat,Ahmedabad,Odhav / Vatva GIDC Industrial Estate,Tier 1,2026-09-05,10:30:00,per_kg,20.0,30.0,25.0,1.02,1.0,1.0,22,26,28,21,29,6,27.3,Rising,Configured LCD/LED-market scenario: rising.,ECS Environment Ltd Ahmedabad,CPCB/EPR-EW/2022/GJ-007,Synthetic scenario generated from material baselines and configured location/date factors,Synthetic - requires independent market verification,True,base_mid * location_factor * category_location_factor * date_factor
PRC-GU-AHM-00660,MAT-009,LCD_LED,LCD Panel,LED TV Panel / Assembly,Television,Scrappbazaar + MetalMandi,direct_multi_source,https://www.scrappbazaar.com/rates ; https://www.metalmandi.in/,2026-09-05,DIRECT_RANGE,Current LED/LCD listings around ₹20-22/kg.,Gujarat,Ahmedabad,Odhav / Vatva GIDC Industrial Estate,Tier 1,2026-09-05,10:30:00,per_kg,20.0,22.0,21.0,1.02,1.0,1.0,18.4,21,23,17.5,24,4.6,25.0,Rising,Configured LCD/LED-market scenario: rising.,ECS Environment Ltd Ahmedabad,CPCB/EPR-EW/2022/GJ-007,Synthetic scenario generated from material baselines and configured location/date factors,Synthetic - requires independent market verification,True,base_mid * location_factor * category_location_factor * date_factor
PRC-GU-AHM-00661,MAT-010,LCD_LED,LCD Panel,Broken LCD/LED Display Lot,TV / monitor,Scrap Savvy + Scrappbazaar,proxy_from_direct,https://scrapsavvykabadiwala.com/scrap-rates-today-scrap-prices/ ; https://www.scrappbazaar.com/rates,2026-09-05,PROXY,Lower-end proxy for broken mixed display assemblies.,Gujarat,Ahmedabad,Odhav / Vatva GIDC Industrial Estate,Tier 1,2026-09-05,10:30:00,per_kg,18.0,25.0,21.5,1.02,1.0,1.0,18.9,22,24,18,25,5.1,27.0,Rising,Configured LCD/LED-market scenario: rising.,ECS Environment Ltd Ahmedabad,CPCB/EPR-EW/2022/GJ-007,Synthetic scenario generated from material baselines and configured location/date factors,Synthetic - requires independent market verification,True,base_mid * location_factor * category_location_factor * date_factor
PRC-GU-AHM-00662,MAT-011,LCD_LED,LCD Panel,LCD/LED Display - Mixed Scrap,TV / monitor,Kabadiwala Online + Kabadiwalla Uncle,direct_multi_source,https://kabadiwalaonline.com/secrap-rates/ ; https://www.kabadiwalla.in/cms-rates,2026-09-05,DIRECT_RANGE,Generic mixed display baseline.,Gujarat,Ahmedabad,Odhav / Vatva GIDC Industrial Estate,Tier 1,2026-09-05,10:30:00,per_kg,20.0,30.0,25.0,1.02,1.0,1.0,22,26,28,21,29,6,27.3,Rising,Configured LCD/LED-market scenario: rising.,ECS Environment Ltd Ahmedabad,CPCB/EPR-EW/2022/GJ-007,Synthetic scenario generated from material baselines and configured location/date factors,Synthetic - requires independent market verification,True,base_mid * location_factor * category_location_factor * date_factor
PRC-GU-AHM-00663,MAT-012,PCB,PCB,Laptop PCB - China Chip,Laptop,MetalMandi,direct,https://www.metalmandi.in/,2026-09-05,DIRECT,"Current MetalMandi grade listing; use as a benchmark, not a guaranteed pickup quote.",Gujarat,Ahmedabad,Odhav / Vatva GIDC Industrial Estate,Tier 1,2026-09-05,10:30:00,per_kg,720.0,720.0,720.0,1.02,1.0,1.0,630,735,795,600,835,165,26.2,Rising,Configured PCB-market scenario: rising.,ECS Environment Ltd Ahmedabad,CPCB/EPR-EW/2022/GJ-007,Synthetic scenario generated from material baselines and configured location/date factors,Synthetic - requires independent market verification,True,base_mid * location_factor * category_location_factor * date_factor
PRC-GU-AHM-00664,MAT-013,PCB,PCB,Laptop PCB - VGA Chip,Laptop,MetalMandi,direct,https://www.metalmandi.in/,2026-09-05,DIRECT,"Current MetalMandi grade listing; use as a benchmark, not a guaranteed pickup quote.",Gujarat,Ahmedabad,Odhav / Vatva GIDC Industrial Estate,Tier 1,2026-09-05,10:30:00,per_kg,810.0,810.0,810.0,1.02,1.0,1.0,710,825,890,675,935,180,25.4,Rising,Configured PCB-market scenario: rising.,ECS Environment Ltd Ahmedabad,CPCB/EPR-EW/2022/GJ-007,Synthetic scenario generated from material baselines and configured location/date factors,Synthetic - requires independent market verification,True,base_mid * location_factor * category_location_factor * date_factor
PRC-GU-AHM-00665,MAT-014,PCB,PCB,Laptop PCB - Server Board,Laptop / server,MetalMandi,direct,https://www.metalmandi.in/,2026-09-05,DIRECT,"Current MetalMandi grade listing; use as a benchmark, not a guaranteed pickup quote.",Gujarat,Ahmedabad,Odhav / Vatva GIDC Industrial Estate,Tier 1,2026-09-05,10:30:00,per_kg,1800.0,1800.0,1800.0,1.02,1.0,1.0,1600,1850,2000,1500,2100,400,25.0,Rising,Configured PCB-market scenario: rising.,ECS Environment Ltd Ahmedabad,CPCB/EPR-EW/2022/GJ-007,Synthetic scenario generated from material baselines and configured location/date factors,Synthetic - requires independent market verification,True,base_mid * location_factor * category_location_factor * date_factor
PRC-GU-AHM-00666,MAT-015,PCB,PCB,Desktop PCB - China Chip,Desktop PC,MetalMandi,direct,https://www.metalmandi.in/,2026-09-05,DIRECT,"Current MetalMandi grade listing; use as a benchmark, not a guaranteed pickup quote.",Gujarat,Ahmedabad,Odhav / Vatva GIDC Industrial Estate,Tier 1,2026-09-05,10:30:00,per_kg,180.0,180.0,180.0,1.02,1.0,1.0,160,185,200,150,210,40,25.0,Rising,Configured PCB-market scenario: rising.,ECS Environment Ltd Ahmedabad,CPCB/EPR-EW/2022/GJ-007,Synthetic scenario generated from material baselines and configured location/date factors,Synthetic - requires independent market verification,True,base_mid * location_factor * category_location_factor * date_factor
PRC-GU-AHM-00667,MAT-016,PCB,PCB,Desktop PCB - Single Chip,Desktop PC,MetalMandi,direct,https://www.metalmandi.in/,2026-09-05,DIRECT,"Current MetalMandi grade listing; use as a benchmark, not a guaranteed pickup quote.",Gujarat,Ahmedabad,Odhav / Vatva GIDC Industrial Estate,Tier 1,2026-09-05,10:30:00,per_kg,675.0,675.0,675.0,1.02,1.0,1.0,590,690,745,560,780,155,26.3,Rising,Configured PCB-market scenario: rising.,ECS Environment Ltd Ahmedabad,CPCB/EPR-EW/2022/GJ-007,Synthetic scenario generated from material baselines and configured location/date factors,Synthetic - requires independent market verification,True,base_mid * location_factor * category_location_factor * date_factor
PRC-GU-AHM-00668,MAT-017,PCB,PCB,Desktop PCB - Double Chip,Desktop PC,MetalMandi,direct,https://www.metalmandi.in/,2026-09-05,DIRECT,"Current MetalMandi grade listing; use as a benchmark, not a guaranteed pickup quote.",Gujarat,Ahmedabad,Odhav / Vatva GIDC Industrial Estate,Tier 1,2026-09-05,10:30:00,per_kg,1125.0,1125.0,1125.0,1.02,1.0,1.0,985,1150,1250,935,1300,265,26.9,Rising,Configured PCB-market scenario: rising.,ECS Environment Ltd Ahmedabad,CPCB/EPR-EW/2022/GJ-007,Synthetic scenario generated from material baselines and configured location/date factors,Synthetic - requires independent market verification,True,base_mid * location_factor * category_location_factor * date_factor
PRC-GU-AHM-00669,MAT-018,PCB,PCB,Set-top Box PCB - China Chip,Set-top box,MetalMandi,direct,https://www.metalmandi.in/,2026-09-05,DIRECT,"Current MetalMandi grade listing; use as a benchmark, not a guaranteed pickup quote.",Gujarat,Ahmedabad,Odhav / Vatva GIDC Industrial Estate,Tier 1,2026-09-05,10:30:00,per_kg,126.0,126.0,126.0,1.02,1.0,1.0,110,130,140,105,145,30,27.3,Rising,Configured PCB-market scenario: rising.,ECS Environment Ltd Ahmedabad,CPCB/EPR-EW/2022/GJ-007,Synthetic scenario generated from material baselines and configured location/date factors,Synthetic - requires independent market verification,True,base_mid * location_factor * category_location_factor * date_factor
PRC-GU-AHM-00670,MAT-019,PCB,PCB,Set-top Box PCB - Black Chip,Set-top box,MetalMandi,direct,https://www.metalmandi.in/,2026-09-05,DIRECT,"Current MetalMandi grade listing; use as a benchmark, not a guaranteed pickup quote.",Gujarat,Ahmedabad,Odhav / Vatva GIDC Industrial Estate,Tier 1,2026-09-05,10:30:00,per_kg,189.0,189.0,189.0,1.02,1.0,1.0,165,195,210,155,220,45,27.3,Rising,Configured PCB-market scenario: rising.,ECS Environment Ltd Ahmedabad,CPCB/EPR-EW/2022/GJ-007,Synthetic scenario generated from material baselines and configured location/date factors,Synthetic - requires independent market verification,True,base_mid * location_factor * category_location_factor * date_factor
PRC-GU-AHM-00671,MAT-020,PCB,PCB,Set-top Box PCB - VGA Chip,Set-top box,MetalMandi,direct,https://www.metalmandi.in/,2026-09-05,DIRECT,"Current MetalMandi grade listing; use as a benchmark, not a guaranteed pickup quote.",Gujarat,Ahmedabad,Odhav / Vatva GIDC Industrial Estate,Tier 1,2026-09-05,10:30:00,per_kg,252.0,252.0,252.0,1.02,1.0,1.0,220,255,280,210,295,60,27.3,Rising,Configured PCB-market scenario: rising.,ECS Environment Ltd Ahmedabad,CPCB/EPR-EW/2022/GJ-007,Synthetic scenario generated from material baselines and configured location/date factors,Synthetic - requires independent market verification,True,base_mid * location_factor * category_location_factor * date_factor
PRC-GU-AHM-00672,MAT-021,PCB,PCB,Set-top Box PCB - Combo Chip,Set-top box,MetalMandi,direct,https://www.metalmandi.in/,2026-09-05,DIRECT,"Current MetalMandi grade listing; use as a benchmark, not a guaranteed pickup quote.",Gujarat,Ahmedabad,Odhav / Vatva GIDC Industrial Estate,Tier 1,2026-09-05,10:30:00,per_kg,315.0,315.0,315.0,1.02,1.0,1.0,275,320,345,260,360,70,25.5,Rising,Configured PCB-market scenario: rising.,ECS Environment Ltd Ahmedabad,CPCB/EPR-EW/2022/GJ-007,Synthetic scenario generated from material baselines and configured location/date factors,Synthetic - requires independent market verification,True,base_mid * location_factor * category_location_factor * date_factor
PRC-GU-AHM-00673,MAT-022,PCB,PCB,Keypad Phone PCB - Branded,Keypad phone,MetalMandi,direct,https://www.metalmandi.in/,2026-09-05,DIRECT,"Current MetalMandi grade listing; use as a benchmark, not a guaranteed pickup quote.",Gujarat,Ahmedabad,Odhav / Vatva GIDC Industrial Estate,Tier 1,2026-09-05,10:30:00,per_kg,113.0,113.0,113.0,1.02,1.0,1.0,99,115,125,94,130,26,26.3,Rising,Configured PCB-market scenario: rising.,ECS Environment Ltd Ahmedabad,CPCB/EPR-EW/2022/GJ-007,Synthetic scenario generated from material baselines and configured location/date factors,Synthetic - requires independent market verification,True,base_mid * location_factor * category_location_factor * date_factor
PRC-GU-AHM-00674,MAT-023,PCB,PCB,Keypad Phone PCB - China,Keypad phone,MetalMandi,direct,https://www.metalmandi.in/,2026-09-05,DIRECT,"Current MetalMandi grade listing; use as a benchmark, not a guaranteed pickup quote.",Gujarat,Ahmedabad,Odhav / Vatva GIDC Industrial Estate,Tier 1,2026-09-05,10:30:00,per_kg,38.0,38.0,38.0,1.02,1.0,1.0,33,39,42,31,44,9,27.3,Rising,Configured PCB-market scenario: rising.,ECS Environment Ltd Ahmedabad,CPCB/EPR-EW/2022/GJ-007,Synthetic scenario generated from material baselines and configured location/date factors,Synthetic - requires independent market verification,True,base_mid * location_factor * category_location_factor * date_factor
PRC-GU-AHM-00675,MAT-024,PCB,PCB,Smartphone PCB - 8GB Grade,Smartphone,MetalMandi,direct,https://www.metalmandi.in/,2026-09-05,DIRECT,"Current MetalMandi grade listing; use as a benchmark, not a guaranteed pickup quote.",Gujarat,Ahmedabad,Odhav / Vatva GIDC Industrial Estate,Tier 1,2026-09-05,10:30:00,per_kg,420.0,420.0,420.0,1.02,1.0,1.0,370,430,465,350,490,95,25.7,Rising,Configured PCB-market scenario: rising.,ECS Environment Ltd Ahmedabad,CPCB/EPR-EW/2022/GJ-007,Synthetic scenario generated from material baselines and configured location/date factors,Synthetic - requires independent market verification,True,base_mid * location_factor * category_location_factor * date_factor
PRC-GU-AHM-00676,MAT-025,PCB,PCB,Smartphone PCB - 128GB Grade,Smartphone,MetalMandi,direct,https://www.metalmandi.in/,2026-09-05,DIRECT,"Current MetalMandi grade listing; use as a benchmark, not a guaranteed pickup quote.",Gujarat,Ahmedabad,Odhav / Vatva GIDC Industrial Estate,Tier 1,2026-09-05,10:30:00,per_kg,1260.0,1260.0,1260.0,1.02,1.0,1.0,1100,1300,1400,1050,1450,300,27.3,Rising,Configured PCB-market scenario: rising.,ECS Environment Ltd Ahmedabad,CPCB/EPR-EW/2022/GJ-007,Synthetic scenario generated from material baselines and configured location/date factors,Synthetic - requires independent market verification,True,base_mid * location_factor * category_location_factor * date_factor
PRC-GU-AHM-00677,MAT-026,PCB,PCB,Smartphone PCB - 256GB Grade,Smartphone,MetalMandi,direct,https://www.metalmandi.in/,2026-09-05,DIRECT,"Current MetalMandi grade listing; use as a benchmark, not a guaranteed pickup quote.",Gujarat,Ahmedabad,Odhav / Vatva GIDC Industrial Estate,Tier 1,2026-09-05,10:30:00,per_kg,1960.0,1960.0,1960.0,1.02,1.0,1.0,1700,2000,2150,1600,2250,450,26.5,Rising,Configured PCB-market scenario: rising.,ECS Environment Ltd Ahmedabad,CPCB/EPR-EW/2022/GJ-007,Synthetic scenario generated from material baselines and configured location/date factors,Synthetic - requires independent market verification,True,base_mid * location_factor * category_location_factor * date_factor
PRC-GU-AHM-00678,MAT-027,PCB,PCB,Mixed Motherboard Scrap,Desktop / laptop,TradeIndia Ghaziabad listings,direct_range,https://www.tradeindia.com/ghaziabad/motherboard-scrap-city-193475.html,2026-09-05,DIRECT_RANGE,Current listings show roughly ₹360-500/kg for motherboard scrap.,Gujarat,Ahmedabad,Odhav / Vatva GIDC Industrial Estate,Tier 1,2026-07-15,11:00:00,per_kg,360.0,500.0,430.0,1.02,1.0,0.965,365,425,455,345,480,90,24.7,Rising,Configured PCB-market scenario: rising.,ECS Environment Ltd Ahmedabad,CPCB/EPR-EW/2022/GJ-007,Synthetic scenario generated from material baselines and configured location/date factors,Synthetic - requires independent market verification,True,base_mid * location_factor * category_location_factor * date_factor
PRC-GU-AHM-00679,MAT-027,PCB,PCB,Mixed Motherboard Scrap,Desktop / laptop,TradeIndia Ghaziabad listings,direct_range,https://www.tradeindia.com/ghaziabad/motherboard-scrap-city-193475.html,2026-09-05,DIRECT_RANGE,Current listings show roughly ₹360-500/kg for motherboard scrap.,Gujarat,Ahmedabad,Odhav / Vatva GIDC Industrial Estate,Tier 1,2026-08-01,11:00:00,per_kg,360.0,500.0,430.0,1.02,1.0,0.978,370,430,465,350,490,95,25.7,Rising,Configured PCB-market scenario: rising.,ECS Environment Ltd Ahmedabad,CPCB/EPR-EW/2022/GJ-007,Synthetic scenario generated from material baselines and configured location/date factors,Synthetic - requires independent market verification,True,base_mid * location_factor * category_location_factor * date_factor
PRC-GU-AHM-00680,MAT-027,PCB,PCB,Mixed Motherboard Scrap,Desktop / laptop,TradeIndia Ghaziabad listings,direct_range,https://www.tradeindia.com/ghaziabad/motherboard-scrap-city-193475.html,2026-09-05,DIRECT_RANGE,Current listings show roughly ₹360-500/kg for motherboard scrap.,Gujarat,Ahmedabad,Odhav / Vatva GIDC Industrial Estate,Tier 1,2026-08-15,11:00:00,per_kg,360.0,500.0,430.0,1.02,1.0,0.985,370,430,465,350,490,95,25.7,Rising,Configured PCB-market scenario: rising.,ECS Environment Ltd Ahmedabad,CPCB/EPR-EW/2022/GJ-007,Synthetic scenario generated from material baselines and configured location/date factors,Synthetic - requires independent market verification,True,base_mid * location_factor * category_location_factor * date_factor
PRC-GU-AHM-00681,MAT-027,PCB,PCB,Mixed Motherboard Scrap,Desktop / laptop,TradeIndia Ghaziabad listings,direct_range,https://www.tradeindia.com/ghaziabad/motherboard-scrap-city-193475.html,2026-09-05,DIRECT_RANGE,Current listings show roughly ₹360-500/kg for motherboard scrap.,Gujarat,Ahmedabad,Odhav / Vatva GIDC Industrial Estate,Tier 1,2026-09-01,11:00:00,per_kg,360.0,500.0,430.0,1.02,1.0,0.995,375,435,470,355,495,95,25.3,Rising,Configured PCB-market scenario: rising.,ECS Environment Ltd Ahmedabad,CPCB/EPR-EW/2022/GJ-007,Synthetic scenario generated from material baselines and configured location/date factors,Synthetic - requires independent market verification,True,base_mid * location_factor * category_location_factor * date_factor
PRC-GU-AHM-00682,MAT-027,PCB,PCB,Mixed Motherboard Scrap,Desktop / laptop,TradeIndia Ghaziabad listings,direct_range,https://www.tradeindia.com/ghaziabad/motherboard-scrap-city-193475.html,2026-09-05,DIRECT_RANGE,Current listings show roughly ₹360-500/kg for motherboard scrap.,Gujarat,Ahmedabad,Odhav / Vatva GIDC Industrial Estate,Tier 1,2026-09-05,10:30:00,per_kg,360.0,500.0,430.0,1.02,1.0,1.0,375,440,475,355,500,100,26.7,Rising,Configured PCB-market scenario: rising.,ECS Environment Ltd Ahmedabad,CPCB/EPR-EW/2022/GJ-007,Synthetic scenario generated from material baselines and configured location/date factors,Synthetic - requires independent market verification,True,base_mid * location_factor * category_location_factor * date_factor
PRC-GU-AHM-00683,MAT-028,CABLES_WIRES,Cable,Bare Bright Copper Wire,Electrical/electronic wiring,BIN 2026 guide,direct_range,https://joinbin.com/scrap-rate-copper-india,2026-09-05,DIRECT_RANGE,Grade and copper recovery strongly affect actual offer.,Gujarat,Ahmedabad,Odhav / Vatva GIDC Industrial Estate,Tier 1,2026-07-15,11:00:00,per_kg,650.0,700.0,675.0,1.02,1.0,0.965,570,665,720,540,755,150,26.3,Rising,Configured cable-market scenario: rising.,ECS Environment Ltd Ahmedabad,CPCB/EPR-EW/2022/GJ-007,Synthetic scenario generated from material baselines and configured location/date factors,Synthetic - requires independent market verification,True,base_mid * location_factor * category_location_factor * date_factor
PRC-GU-AHM-00684,MAT-028,CABLES_WIRES,Cable,Bare Bright Copper Wire,Electrical/electronic wiring,BIN 2026 guide,direct_range,https://joinbin.com/scrap-rate-copper-india,2026-09-05,DIRECT_RANGE,Grade and copper recovery strongly affect actual offer.,Gujarat,Ahmedabad,Odhav / Vatva GIDC Industrial Estate,Tier 1,2026-08-01,11:00:00,per_kg,650.0,700.0,675.0,1.02,1.0,0.978,580,675,725,550,760,145,25.0,Rising,Configured cable-market scenario: rising.,ECS Environment Ltd Ahmedabad,CPCB/EPR-EW/2022/GJ-007,Synthetic scenario generated from material baselines and configured location/date factors,Synthetic - requires independent market verification,True,base_mid * location_factor * category_location_factor * date_factor
PRC-GU-AHM-00685,MAT-028,CABLES_WIRES,Cable,Bare Bright Copper Wire,Electrical/electronic wiring,BIN 2026 guide,direct_range,https://joinbin.com/scrap-rate-copper-india,2026-09-05,DIRECT_RANGE,Grade and copper recovery strongly affect actual offer.,Gujarat,Ahmedabad,Odhav / Vatva GIDC Industrial Estate,Tier 1,2026-08-15,11:00:00,per_kg,650.0,700.0,675.0,1.02,1.0,0.985,585,680,730,555,765,145,24.8,Rising,Configured cable-market scenario: rising.,ECS Environment Ltd Ahmedabad,CPCB/EPR-EW/2022/GJ-007,Synthetic scenario generated from material baselines and configured location/date factors,Synthetic - requires independent market verification,True,base_mid * location_factor * category_location_factor * date_factor
PRC-GU-AHM-00686,MAT-028,CABLES_WIRES,Cable,Bare Bright Copper Wire,Electrical/electronic wiring,BIN 2026 guide,direct_range,https://joinbin.com/scrap-rate-copper-india,2026-09-05,DIRECT_RANGE,Grade and copper recovery strongly affect actual offer.,Gujarat,Ahmedabad,Odhav / Vatva GIDC Industrial Estate,Tier 1,2026-09-01,11:00:00,per_kg,650.0,700.0,675.0,1.02,1.0,0.995,590,685,740,560,775,150,25.4,Rising,Configured cable-market scenario: rising.,ECS Environment Ltd Ahmedabad,CPCB/EPR-EW/2022/GJ-007,Synthetic scenario generated from material baselines and configured location/date factors,Synthetic - requires independent market verification,True,base_mid * location_factor * category_location_factor * date_factor
PRC-GU-AHM-00687,MAT-028,CABLES_WIRES,Cable,Bare Bright Copper Wire,Electrical/electronic wiring,BIN 2026 guide,direct_range,https://joinbin.com/scrap-rate-copper-india,2026-09-05,DIRECT_RANGE,Grade and copper recovery strongly affect actual offer.,Gujarat,Ahmedabad,Odhav / Vatva GIDC Industrial Estate,Tier 1,2026-09-05,10:30:00,per_kg,650.0,700.0,675.0,1.02,1.0,1.0,590,690,745,560,780,155,26.3,Rising,Configured cable-market scenario: rising.,ECS Environment Ltd Ahmedabad,CPCB/EPR-EW/2022/GJ-007,Synthetic scenario generated from material baselines and configured location/date factors,Synthetic - requires independent market verification,True,base_mid * location_factor * category_location_factor * date_factor
PRC-GU-AHM-00688,MAT-029,CABLES_WIRES,Cable,#1 Clean Copper Wire,Electrical/electronic wiring,BIN 2026 guide,direct_range,https://joinbin.com/scrap-rate-copper-india,2026-09-05,DIRECT_RANGE,Grade and copper recovery strongly affect actual offer.,Gujarat,Ahmedabad,Odhav / Vatva GIDC Industrial Estate,Tier 1,2026-09-05,10:30:00,per_kg,620.0,680.0,650.0,1.02,1.0,1.0,570,665,715,540,750,145,25.4,Rising,Configured cable-market scenario: rising.,ECS Environment Ltd Ahmedabad,CPCB/EPR-EW/2022/GJ-007,Synthetic scenario generated from material baselines and configured location/date factors,Synthetic - requires independent market verification,True,base_mid * location_factor * category_location_factor * date_factor
PRC-GU-AHM-00689,MAT-030,CABLES_WIRES,Cable,#2 Mixed Copper Wire,Electrical/electronic wiring,BIN 2026 guide,direct_range,https://joinbin.com/scrap-rate-copper-india,2026-09-05,DIRECT_RANGE,Grade and copper recovery strongly affect actual offer.,Gujarat,Ahmedabad,Odhav / Vatva GIDC Industrial Estate,Tier 1,2026-09-05,10:30:00,per_kg,550.0,620.0,585.0,1.02,1.0,1.0,515,595,645,490,675,130,25.2,Rising,Configured cable-market scenario: rising.,ECS Environment Ltd Ahmedabad,CPCB/EPR-EW/2022/GJ-007,Synthetic scenario generated from material baselines and configured location/date factors,Synthetic - requires independent market verification,True,base_mid * location_factor * category_location_factor * date_factor
PRC-GU-AHM-00690,MAT-031,CABLES_WIRES,Cable,Insulated Copper Wire,Power/data cable,BIN 2026 guide,direct_range,https://joinbin.com/scrap-rate-copper-india,2026-09-05,DIRECT_RANGE,Grade and copper recovery strongly affect actual offer.,Gujarat,Ahmedabad,Odhav / Vatva GIDC Industrial Estate,Tier 1,2026-07-15,11:00:00,per_kg,350.0,500.0,425.0,1.02,1.0,0.965,360,420,450,340,470,90,25.0,Rising,Configured cable-market scenario: rising.,ECS Environment Ltd Ahmedabad,CPCB/EPR-EW/2022/GJ-007,Synthetic scenario generated from material baselines and configured location/date factors,Synthetic - requires independent market verification,True,base_mid * location_factor * category_location_factor * date_factor
PRC-GU-AHM-00691,MAT-031,CABLES_WIRES,Cable,Insulated Copper Wire,Power/data cable,BIN 2026 guide,direct_range,https://joinbin.com/scrap-rate-copper-india,2026-09-05,DIRECT_RANGE,Grade and copper recovery strongly affect actual offer.,Gujarat,Ahmedabad,Odhav / Vatva GIDC Industrial Estate,Tier 1,2026-08-01,11:00:00,per_kg,350.0,500.0,425.0,1.02,1.0,0.978,365,425,460,345,485,95,26.0,Rising,Configured cable-market scenario: rising.,ECS Environment Ltd Ahmedabad,CPCB/EPR-EW/2022/GJ-007,Synthetic scenario generated from material baselines and configured location/date factors,Synthetic - requires independent market verification,True,base_mid * location_factor * category_location_factor * date_factor
PRC-GU-AHM-00692,MAT-031,CABLES_WIRES,Cable,Insulated Copper Wire,Power/data cable,BIN 2026 guide,direct_range,https://joinbin.com/scrap-rate-copper-india,2026-09-05,DIRECT_RANGE,Grade and copper recovery strongly affect actual offer.,Gujarat,Ahmedabad,Odhav / Vatva GIDC Industrial Estate,Tier 1,2026-08-15,11:00:00,per_kg,350.0,500.0,425.0,1.02,1.0,0.985,365,425,460,345,485,95,26.0,Rising,Configured cable-market scenario: rising.,ECS Environment Ltd Ahmedabad,CPCB/EPR-EW/2022/GJ-007,Synthetic scenario generated from material baselines and configured location/date factors,Synthetic - requires independent market verification,True,base_mid * location_factor * category_location_factor * date_factor
PRC-GU-AHM-00693,MAT-031,CABLES_WIRES,Cable,Insulated Copper Wire,Power/data cable,BIN 2026 guide,direct_range,https://joinbin.com/scrap-rate-copper-india,2026-09-05,DIRECT_RANGE,Grade and copper recovery strongly affect actual offer.,Gujarat,Ahmedabad,Odhav / Vatva GIDC Industrial Estate,Tier 1,2026-09-01,11:00:00,per_kg,350.0,500.0,425.0,1.02,1.0,0.995,370,430,465,350,490,95,25.7,Rising,Configured cable-market scenario: rising.,ECS Environment Ltd Ahmedabad,CPCB/EPR-EW/2022/GJ-007,Synthetic scenario generated from material baselines and configured location/date factors,Synthetic - requires independent market verification,True,base_mid * location_factor * category_location_factor * date_factor
PRC-GU-AHM-00694,MAT-031,CABLES_WIRES,Cable,Insulated Copper Wire,Power/data cable,BIN 2026 guide,direct_range,https://joinbin.com/scrap-rate-copper-india,2026-09-05,DIRECT_RANGE,Grade and copper recovery strongly affect actual offer.,Gujarat,Ahmedabad,Odhav / Vatva GIDC Industrial Estate,Tier 1,2026-09-05,10:30:00,per_kg,350.0,500.0,425.0,1.02,1.0,1.0,375,435,470,355,495,95,25.3,Rising,Configured cable-market scenario: rising.,ECS Environment Ltd Ahmedabad,CPCB/EPR-EW/2022/GJ-007,Synthetic scenario generated from material baselines and configured location/date factors,Synthetic - requires independent market verification,True,base_mid * location_factor * category_location_factor * date_factor
PRC-GU-AHM-00695,MAT-032,CABLES_WIRES,Cable,Copper Motor Winding Wire,Motor / fan winding,Scrapyard India,direct_range,https://www.scrapyard.co.in/copper-scrap-rates-india,2026-09-05,DIRECT_RANGE,Grade and copper recovery strongly affect actual offer.,Gujarat,Ahmedabad,Odhav / Vatva GIDC Industrial Estate,Tier 1,2026-09-05,10:30:00,per_kg,420.0,450.0,435.0,1.02,1.0,1.0,380,445,480,360,505,100,26.3,Rising,Configured cable-market scenario: rising.,ECS Environment Ltd Ahmedabad,CPCB/EPR-EW/2022/GJ-007,Synthetic scenario generated from material baselines and configured location/date factors,Synthetic - requires independent market verification,True,base_mid * location_factor * category_location_factor * date_factor
PRC-GU-AHM-00696,MAT-033,CABLES_WIRES,Cable,Copper Transformer Winding,Transformer / PSU,Scrapyard India,direct_range,https://www.scrapyard.co.in/copper-scrap-rates-india,2026-09-05,DIRECT_RANGE,Grade and copper recovery strongly affect actual offer.,Gujarat,Ahmedabad,Odhav / Vatva GIDC Industrial Estate,Tier 1,2026-09-05,10:30:00,per_kg,380.0,420.0,400.0,1.02,1.0,1.0,350,410,440,330,460,90,25.7,Rising,Configured cable-market scenario: rising.,ECS Environment Ltd Ahmedabad,CPCB/EPR-EW/2022/GJ-007,Synthetic scenario generated from material baselines and configured location/date factors,Synthetic - requires independent market verification,True,base_mid * location_factor * category_location_factor * date_factor
PRC-GU-AHM-00697,MAT-034,CABLES_WIRES,Cable,Copper Cable Scrap - High Grade,Power cable,ExportersIndia,direct_range,https://www.exportersindia.com/indian-suppliers/copper-cable-scrap.htm,2026-09-05,DIRECT_RANGE,Grade and copper recovery strongly affect actual offer.,Gujarat,Ahmedabad,Odhav / Vatva GIDC Industrial Estate,Tier 1,2026-09-05,10:30:00,per_kg,650.0,775.0,712.5,1.02,1.0,1.0,625,725,785,595,825,160,25.6,Rising,Configured cable-market scenario: rising.,ECS Environment Ltd Ahmedabad,CPCB/EPR-EW/2022/GJ-007,Synthetic scenario generated from material baselines and configured location/date factors,Synthetic - requires independent market verification,True,base_mid * location_factor * category_location_factor * date_factor
PRC-GU-AHM-00698,MAT-035,CABLES_WIRES,Cable,Mixed Low-Grade Electronic Cable,Chargers / data cables,TradeIndia + Scrapyard India,proxy_from_direct,https://www.tradeindia.com/products/icw-insulated-copper-wire-scrap-9932932.html ; https://www.scrapyard.co.in/copper-scrap-rates-india,2026-09-05,PROXY,Grade and copper recovery strongly affect actual offer.,Gujarat,Ahmedabad,Odhav / Vatva GIDC Industrial Estate,Tier 1,2026-09-05,10:30:00,per_kg,250.0,390.0,320.0,1.02,1.0,1.0,280,325,355,265,375,75,26.8,Rising,Configured cable-market scenario: rising.,ECS Environment Ltd Ahmedabad,CPCB/EPR-EW/2022/GJ-007,Synthetic scenario generated from material baselines and configured location/date factors,Synthetic - requires independent market verification,True,base_mid * location_factor * category_location_factor * date_factor
PRC-GU-AHM-00699,MAT-036,BATTERIES,Battery,Car Lead-Acid Battery,Car / automotive,ScrapTech,direct,https://scraptechindia.com/,2026-09-05,DIRECT,Battery chemistry must be known before using a specific chemistry rate.,Gujarat,Ahmedabad,Odhav / Vatva GIDC Industrial Estate,Tier 1,2026-07-15,11:00:00,per_kg,125.0,125.0,125.0,1.02,1.0,0.965,105,125,135,100,140,30,28.6,Rising,Configured battery-market scenario: rising.,ECS Environment Ltd Ahmedabad,CPCB/EPR-EW/2022/GJ-007,Synthetic scenario generated from material baselines and configured location/date factors,Synthetic - requires independent market verification,True,base_mid * location_factor * category_location_factor * date_factor
PRC-GU-AHM-00700,MAT-036,BATTERIES,Battery,Car Lead-Acid Battery,Car / automotive,ScrapTech,direct,https://scraptechindia.com/,2026-09-05,DIRECT,Battery chemistry must be known before using a specific chemistry rate.,Gujarat,Ahmedabad,Odhav / Vatva GIDC Industrial Estate,Tier 1,2026-08-01,11:00:00,per_kg,125.0,125.0,125.0,1.02,1.0,0.978,105,125,135,100,140,30,28.6,Rising,Configured battery-market scenario: rising.,ECS Environment Ltd Ahmedabad,CPCB/EPR-EW/2022/GJ-007,Synthetic scenario generated from material baselines and configured location/date factors,Synthetic - requires independent market verification,True,base_mid * location_factor * category_location_factor * date_factor
PRC-GU-AHM-00701,MAT-036,BATTERIES,Battery,Car Lead-Acid Battery,Car / automotive,ScrapTech,direct,https://scraptechindia.com/,2026-09-05,DIRECT,Battery chemistry must be known before using a specific chemistry rate.,Gujarat,Ahmedabad,Odhav / Vatva GIDC Industrial Estate,Tier 1,2026-08-15,11:00:00,per_kg,125.0,125.0,125.0,1.02,1.0,0.985,110,125,135,105,140,25,22.7,Rising,Configured battery-market scenario: rising.,ECS Environment Ltd Ahmedabad,CPCB/EPR-EW/2022/GJ-007,Synthetic scenario generated from material baselines and configured location/date factors,Synthetic - requires independent market verification,True,base_mid * location_factor * category_location_factor * date_factor
PRC-GU-AHM-00702,MAT-036,BATTERIES,Battery,Car Lead-Acid Battery,Car / automotive,ScrapTech,direct,https://scraptechindia.com/,2026-09-05,DIRECT,Battery chemistry must be known before using a specific chemistry rate.,Gujarat,Ahmedabad,Odhav / Vatva GIDC Industrial Estate,Tier 1,2026-09-01,11:00:00,per_kg,125.0,125.0,125.0,1.02,1.0,0.995,110,125,135,105,140,25,22.7,Rising,Configured battery-market scenario: rising.,ECS Environment Ltd Ahmedabad,CPCB/EPR-EW/2022/GJ-007,Synthetic scenario generated from material baselines and configured location/date factors,Synthetic - requires independent market verification,True,base_mid * location_factor * category_location_factor * date_factor
PRC-GU-AHM-00703,MAT-036,BATTERIES,Battery,Car Lead-Acid Battery,Car / automotive,ScrapTech,direct,https://scraptechindia.com/,2026-09-05,DIRECT,Battery chemistry must be known before using a specific chemistry rate.,Gujarat,Ahmedabad,Odhav / Vatva GIDC Industrial Estate,Tier 1,2026-09-05,10:30:00,per_kg,125.0,125.0,125.0,1.02,1.0,1.0,110,130,140,105,145,30,27.3,Rising,Configured battery-market scenario: rising.,ECS Environment Ltd Ahmedabad,CPCB/EPR-EW/2022/GJ-007,Synthetic scenario generated from material baselines and configured location/date factors,Synthetic - requires independent market verification,True,base_mid * location_factor * category_location_factor * date_factor
PRC-GU-AHM-00704,MAT-037,BATTERIES,Battery,Inverter Battery,Home inverter,The Kabadiwala + ScrapTech,direct_multi_source,https://www.thekabadiwala.com/scrap-rates/Bhopal ; https://scraptechindia.com/,2026-09-05,DIRECT_RANGE,Battery chemistry must be known before using a specific chemistry rate.,Gujarat,Ahmedabad,Odhav / Vatva GIDC Industrial Estate,Tier 1,2026-07-15,11:00:00,per_kg,80.0,110.0,95.0,1.02,1.0,0.965,80,94,100,76,105,20,25.0,Rising,Configured battery-market scenario: rising.,ECS Environment Ltd Ahmedabad,CPCB/EPR-EW/2022/GJ-007,Synthetic scenario generated from material baselines and configured location/date factors,Synthetic - requires independent market verification,True,base_mid * location_factor * category_location_factor * date_factor
PRC-GU-AHM-00705,MAT-037,BATTERIES,Battery,Inverter Battery,Home inverter,The Kabadiwala + ScrapTech,direct_multi_source,https://www.thekabadiwala.com/scrap-rates/Bhopal ; https://scraptechindia.com/,2026-09-05,DIRECT_RANGE,Battery chemistry must be known before using a specific chemistry rate.,Gujarat,Ahmedabad,Odhav / Vatva GIDC Industrial Estate,Tier 1,2026-08-01,11:00:00,per_kg,80.0,110.0,95.0,1.02,1.0,0.978,82,95,100,78,105,18,22.0,Rising,Configured battery-market scenario: rising.,ECS Environment Ltd Ahmedabad,CPCB/EPR-EW/2022/GJ-007,Synthetic scenario generated from material baselines and configured location/date factors,Synthetic - requires independent market verification,True,base_mid * location_factor * category_location_factor * date_factor
PRC-GU-AHM-00706,MAT-037,BATTERIES,Battery,Inverter Battery,Home inverter,The Kabadiwala + ScrapTech,direct_multi_source,https://www.thekabadiwala.com/scrap-rates/Bhopal ; https://scraptechindia.com/,2026-09-05,DIRECT_RANGE,Battery chemistry must be known before using a specific chemistry rate.,Gujarat,Ahmedabad,Odhav / Vatva GIDC Industrial Estate,Tier 1,2026-08-15,11:00:00,per_kg,80.0,110.0,95.0,1.02,1.0,0.985,82,95,105,78,110,23,28.0,Rising,Configured battery-market scenario: rising.,ECS Environment Ltd Ahmedabad,CPCB/EPR-EW/2022/GJ-007,Synthetic scenario generated from material baselines and configured location/date factors,Synthetic - requires independent market verification,True,base_mid * location_factor * category_location_factor * date_factor
PRC-GU-AHM-00707,MAT-037,BATTERIES,Battery,Inverter Battery,Home inverter,The Kabadiwala + ScrapTech,direct_multi_source,https://www.thekabadiwala.com/scrap-rates/Bhopal ; https://scraptechindia.com/,2026-09-05,DIRECT_RANGE,Battery chemistry must be known before using a specific chemistry rate.,Gujarat,Ahmedabad,Odhav / Vatva GIDC Industrial Estate,Tier 1,2026-09-01,11:00:00,per_kg,80.0,110.0,95.0,1.02,1.0,0.995,83,96,105,79,110,22,26.5,Rising,Configured battery-market scenario: rising.,ECS Environment Ltd Ahmedabad,CPCB/EPR-EW/2022/GJ-007,Synthetic scenario generated from material baselines and configured location/date factors,Synthetic - requires independent market verification,True,base_mid * location_factor * category_location_factor * date_factor
PRC-GU-AHM-00708,MAT-037,BATTERIES,Battery,Inverter Battery,Home inverter,The Kabadiwala + ScrapTech,direct_multi_source,https://www.thekabadiwala.com/scrap-rates/Bhopal ; https://scraptechindia.com/,2026-09-05,DIRECT_RANGE,Battery chemistry must be known before using a specific chemistry rate.,Gujarat,Ahmedabad,Odhav / Vatva GIDC Industrial Estate,Tier 1,2026-09-05,10:30:00,per_kg,80.0,110.0,95.0,1.02,1.0,1.0,83,97,105,79,110,22,26.5,Rising,Configured battery-market scenario: rising.,ECS Environment Ltd Ahmedabad,CPCB/EPR-EW/2022/GJ-007,Synthetic scenario generated from material baselines and configured location/date factors,Synthetic - requires independent market verification,True,base_mid * location_factor * category_location_factor * date_factor
PRC-GU-AHM-00709,MAT-038,BATTERIES,Battery,Lead-Acid Battery - Generic,UPS / backup power,ScrapTech,direct,https://scraptechindia.com/,2026-09-05,DIRECT,Battery chemistry must be known before using a specific chemistry rate.,Gujarat,Ahmedabad,Odhav / Vatva GIDC Industrial Estate,Tier 1,2026-09-05,10:30:00,per_kg,95.0,95.0,95.0,1.02,1.0,1.0,83,97,105,79,110,22,26.5,Rising,Configured battery-market scenario: rising.,ECS Environment Ltd Ahmedabad,CPCB/EPR-EW/2022/GJ-007,Synthetic scenario generated from material baselines and configured location/date factors,Synthetic - requires independent market verification,True,base_mid * location_factor * category_location_factor * date_factor
PRC-GU-AHM-00710,MAT-039,BATTERIES,Battery,Li-ion Battery - Mixed,Consumer electronics,ScrapTech,direct,https://scraptechindia.com/,2026-09-05,DIRECT,Battery chemistry must be known before using a specific chemistry rate.,Gujarat,Ahmedabad,Odhav / Vatva GIDC Industrial Estate,Tier 1,2026-09-05,10:30:00,per_kg,145.0,145.0,145.0,1.02,1.0,1.0,125,150,160,120,170,35,28.0,Rising,Configured battery-market scenario: rising.,ECS Environment Ltd Ahmedabad,CPCB/EPR-EW/2022/GJ-007,Synthetic scenario generated from material baselines and configured location/date factors,Synthetic - requires independent market verification,True,base_mid * location_factor * category_location_factor * date_factor
PRC-GU-AHM-00711,MAT-040,BATTERIES,Battery,Laptop Li-ion Battery,Laptop,MetalMandi,direct,https://www.metalmandi.in/,2026-09-05,DIRECT,Battery chemistry must be known before using a specific chemistry rate.,Gujarat,Ahmedabad,Odhav / Vatva GIDC Industrial Estate,Tier 1,2026-09-05,10:30:00,per_kg,298.0,298.0,298.0,1.02,1.0,1.0,260,305,330,245,345,70,26.9,Rising,Configured battery-market scenario: rising.,ECS Environment Ltd Ahmedabad,CPCB/EPR-EW/2022/GJ-007,Synthetic scenario generated from material baselines and configured location/date factors,Synthetic - requires independent market verification,True,base_mid * location_factor * category_location_factor * date_factor
PRC-GU-AHM-00712,MAT-041,BATTERIES,Battery,Smartphone Li-ion Battery,Smartphone,MetalMandi,direct,https://www.metalmandi.in/,2026-09-05,DIRECT,Battery chemistry must be known before using a specific chemistry rate.,Gujarat,Ahmedabad,Odhav / Vatva GIDC Industrial Estate,Tier 1,2026-09-05,10:30:00,per_kg,702.0,702.0,702.0,1.02,1.0,1.0,615,715,775,585,815,160,26.0,Rising,Configured battery-market scenario: rising.,ECS Environment Ltd Ahmedabad,CPCB/EPR-EW/2022/GJ-007,Synthetic scenario generated from material baselines and configured location/date factors,Synthetic - requires independent market verification,True,base_mid * location_factor * category_location_factor * date_factor
PRC-GU-AHM-00713,MAT-042,BATTERIES,Battery,Keypad Phone Battery,Keypad phone,MetalMandi,direct,https://www.metalmandi.in/,2026-09-05,DIRECT,Battery chemistry must be known before using a specific chemistry rate.,Gujarat,Ahmedabad,Odhav / Vatva GIDC Industrial Estate,Tier 1,2026-09-05,10:30:00,per_kg,347.0,347.0,347.0,1.02,1.0,1.0,305,355,380,290,400,75,24.6,Rising,Configured battery-market scenario: rising.,ECS Environment Ltd Ahmedabad,CPCB/EPR-EW/2022/GJ-007,Synthetic scenario generated from material baselines and configured location/date factors,Synthetic - requires independent market verification,True,base_mid * location_factor * category_location_factor * date_factor
PRC-GU-AHM-00714,MAT-043,BATTERIES,Battery,Powerbank / Earbud / Small Gadget Battery,Small electronics,MetalMandi,direct,https://www.metalmandi.in/,2026-09-05,DIRECT,Battery chemistry must be known before using a specific chemistry rate.,Gujarat,Ahmedabad,Odhav / Vatva GIDC Industrial Estate,Tier 1,2026-09-05,10:30:00,per_kg,273.0,273.0,273.0,1.02,1.0,1.0,240,280,300,230,315,60,25.0,Rising,Configured battery-market scenario: rising.,ECS Environment Ltd Ahmedabad,CPCB/EPR-EW/2022/GJ-007,Synthetic scenario generated from material baselines and configured location/date factors,Synthetic - requires independent market verification,True,base_mid * location_factor * category_location_factor * date_factor
PRC-GU-AHM-00715,MAT-044,BATTERIES,Battery,UPS / Non-Portable Li-ion Battery,UPS / stationary storage,MetalMandi,direct,https://www.metalmandi.in/,2026-09-05,DIRECT,Battery chemistry must be known before using a specific chemistry rate.,Gujarat,Ahmedabad,Odhav / Vatva GIDC Industrial Estate,Tier 1,2026-09-05,10:30:00,per_kg,70.0,70.0,70.0,1.02,1.0,1.0,61,71,77,58,81,16,26.2,Rising,Configured battery-market scenario: rising.,ECS Environment Ltd Ahmedabad,CPCB/EPR-EW/2022/GJ-007,Synthetic scenario generated from material baselines and configured location/date factors,Synthetic - requires independent market verification,True,base_mid * location_factor * category_location_factor * date_factor
PRC-GU-AHM-00716,MAT-045,MOTORS,Motor,Mixed E-waste Motor - Copper Wiring,Small appliances,Kabadiwalla Uncle + Scrap Savvy,direct_multi_source,https://www.kabadiwalla.in/cms-rates ; https://scrapsavvykabadiwala.com/scrap-rates-today-scrap-prices/,2026-09-05,DIRECT_RANGE,Motor rate varies heavily with copper content and whether dismantled.,Gujarat,Ahmedabad,Odhav / Vatva GIDC Industrial Estate,Tier 1,2026-09-05,10:30:00,per_kg,38.0,55.0,46.5,1.02,1.0,1.0,41,47,51,39,54,10,24.4,Rising,Configured motor-market scenario: rising.,ECS Environment Ltd Ahmedabad,CPCB/EPR-EW/2022/GJ-007,Synthetic scenario generated from material baselines and configured location/date factors,Synthetic - requires independent market verification,True,base_mid * location_factor * category_location_factor * date_factor
PRC-GU-AHM-00717,MAT-046,MOTORS,Motor,DC Fan Motor Scrap,DC fan / electronics cooling,ExportersIndia - Musa Traders,direct_range,https://www.exportersindia.com/musa-traders/copperscrap.htm,2026-09-05,DIRECT_RANGE,Motor rate varies heavily with copper content and whether dismantled.,Gujarat,Ahmedabad,Odhav / Vatva GIDC Industrial Estate,Tier 1,2026-07-15,11:00:00,per_kg,50.0,70.0,60.0,1.02,1.0,0.965,51,59,64,48,67,13,25.5,Rising,Configured motor-market scenario: rising.,ECS Environment Ltd Ahmedabad,CPCB/EPR-EW/2022/GJ-007,Synthetic scenario generated from material baselines and configured location/date factors,Synthetic - requires independent market verification,True,base_mid * location_factor * category_location_factor * date_factor
PRC-GU-AHM-00718,MAT-046,MOTORS,Motor,DC Fan Motor Scrap,DC fan / electronics cooling,ExportersIndia - Musa Traders,direct_range,https://www.exportersindia.com/musa-traders/copperscrap.htm,2026-09-05,DIRECT_RANGE,Motor rate varies heavily with copper content and whether dismantled.,Gujarat,Ahmedabad,Odhav / Vatva GIDC Industrial Estate,Tier 1,2026-08-01,11:00:00,per_kg,50.0,70.0,60.0,1.02,1.0,0.978,51,60,65,48,68,14,27.5,Rising,Configured motor-market scenario: rising.,ECS Environment Ltd Ahmedabad,CPCB/EPR-EW/2022/GJ-007,Synthetic scenario generated from material baselines and configured location/date factors,Synthetic - requires independent market verification,True,base_mid * location_factor * category_location_factor * date_factor
PRC-GU-AHM-00719,MAT-046,MOTORS,Motor,DC Fan Motor Scrap,DC fan / electronics cooling,ExportersIndia - Musa Traders,direct_range,https://www.exportersindia.com/musa-traders/copperscrap.htm,2026-09-05,DIRECT_RANGE,Motor rate varies heavily with copper content and whether dismantled.,Gujarat,Ahmedabad,Odhav / Vatva GIDC Industrial Estate,Tier 1,2026-08-15,11:00:00,per_kg,50.0,70.0,60.0,1.02,1.0,0.985,52,60,65,49,68,13,25.0,Rising,Configured motor-market scenario: rising.,ECS Environment Ltd Ahmedabad,CPCB/EPR-EW/2022/GJ-007,Synthetic scenario generated from material baselines and configured location/date factors,Synthetic - requires independent market verification,True,base_mid * location_factor * category_location_factor * date_factor
PRC-GU-AHM-00720,MAT-046,MOTORS,Motor,DC Fan Motor Scrap,DC fan / electronics cooling,ExportersIndia - Musa Traders,direct_range,https://www.exportersindia.com/musa-traders/copperscrap.htm,2026-09-05,DIRECT_RANGE,Motor rate varies heavily with copper content and whether dismantled.,Gujarat,Ahmedabad,Odhav / Vatva GIDC Industrial Estate,Tier 1,2026-09-01,11:00:00,per_kg,50.0,70.0,60.0,1.02,1.0,0.995,52,61,66,49,69,14,26.9,Rising,Configured motor-market scenario: rising.,ECS Environment Ltd Ahmedabad,CPCB/EPR-EW/2022/GJ-007,Synthetic scenario generated from material baselines and configured location/date factors,Synthetic - requires independent market verification,True,base_mid * location_factor * category_location_factor * date_factor
PRC-GU-AHM-00721,MAT-046,MOTORS,Motor,DC Fan Motor Scrap,DC fan / electronics cooling,ExportersIndia - Musa Traders,direct_range,https://www.exportersindia.com/musa-traders/copperscrap.htm,2026-09-05,DIRECT_RANGE,Motor rate varies heavily with copper content and whether dismantled.,Gujarat,Ahmedabad,Odhav / Vatva GIDC Industrial Estate,Tier 1,2026-09-05,10:30:00,per_kg,50.0,70.0,60.0,1.02,1.0,1.0,53,61,66,50,69,13,24.5,Rising,Configured motor-market scenario: rising.,ECS Environment Ltd Ahmedabad,CPCB/EPR-EW/2022/GJ-007,Synthetic scenario generated from material baselines and configured location/date factors,Synthetic - requires independent market verification,True,base_mid * location_factor * category_location_factor * date_factor
PRC-GU-AHM-00722,MAT-047,MOTORS,Motor,Ceiling Fan Motor Scrap,Ceiling fan,Justdial supplier listing,direct_range,https://www.justdial.com/jdmart/Ernakulam/Ceiling-Fan-Scrap/pid-2216994813/0484P484STD3000251,2026-09-05,DIRECT_RANGE,Motor rate varies heavily with copper content and whether dismantled.,Gujarat,Ahmedabad,Odhav / Vatva GIDC Industrial Estate,Tier 1,2026-07-15,11:00:00,per_kg,150.0,250.0,200.0,1.02,1.0,0.965,170,195,215,160,225,45,26.5,Rising,Configured motor-market scenario: rising.,ECS Environment Ltd Ahmedabad,CPCB/EPR-EW/2022/GJ-007,Synthetic scenario generated from material baselines and configured location/date factors,Synthetic - requires independent market verification,True,base_mid * location_factor * category_location_factor * date_factor
PRC-GU-AHM-00723,MAT-047,MOTORS,Motor,Ceiling Fan Motor Scrap,Ceiling fan,Justdial supplier listing,direct_range,https://www.justdial.com/jdmart/Ernakulam/Ceiling-Fan-Scrap/pid-2216994813/0484P484STD3000251,2026-09-05,DIRECT_RANGE,Motor rate varies heavily with copper content and whether dismantled.,Gujarat,Ahmedabad,Odhav / Vatva GIDC Industrial Estate,Tier 1,2026-08-01,11:00:00,per_kg,150.0,250.0,200.0,1.02,1.0,0.978,170,200,215,160,225,45,26.5,Rising,Configured motor-market scenario: rising.,ECS Environment Ltd Ahmedabad,CPCB/EPR-EW/2022/GJ-007,Synthetic scenario generated from material baselines and configured location/date factors,Synthetic - requires independent market verification,True,base_mid * location_factor * category_location_factor * date_factor
PRC-GU-AHM-00724,MAT-047,MOTORS,Motor,Ceiling Fan Motor Scrap,Ceiling fan,Justdial supplier listing,direct_range,https://www.justdial.com/jdmart/Ernakulam/Ceiling-Fan-Scrap/pid-2216994813/0484P484STD3000251,2026-09-05,DIRECT_RANGE,Motor rate varies heavily with copper content and whether dismantled.,Gujarat,Ahmedabad,Odhav / Vatva GIDC Industrial Estate,Tier 1,2026-08-15,11:00:00,per_kg,150.0,250.0,200.0,1.02,1.0,0.985,175,200,215,165,225,40,22.9,Rising,Configured motor-market scenario: rising.,ECS Environment Ltd Ahmedabad,CPCB/EPR-EW/2022/GJ-007,Synthetic scenario generated from material baselines and configured location/date factors,Synthetic - requires independent market verification,True,base_mid * location_factor * category_location_factor * date_factor
PRC-GU-AHM-00725,MAT-047,MOTORS,Motor,Ceiling Fan Motor Scrap,Ceiling fan,Justdial supplier listing,direct_range,https://www.justdial.com/jdmart/Ernakulam/Ceiling-Fan-Scrap/pid-2216994813/0484P484STD3000251,2026-09-05,DIRECT_RANGE,Motor rate varies heavily with copper content and whether dismantled.,Gujarat,Ahmedabad,Odhav / Vatva GIDC Industrial Estate,Tier 1,2026-09-01,11:00:00,per_kg,150.0,250.0,200.0,1.02,1.0,0.995,175,205,220,165,230,45,25.7,Rising,Configured motor-market scenario: rising.,ECS Environment Ltd Ahmedabad,CPCB/EPR-EW/2022/GJ-007,Synthetic scenario generated from material baselines and configured location/date factors,Synthetic - requires independent market verification,True,base_mid * location_factor * category_location_factor * date_factor
PRC-GU-AHM-00726,MAT-047,MOTORS,Motor,Ceiling Fan Motor Scrap,Ceiling fan,Justdial supplier listing,direct_range,https://www.justdial.com/jdmart/Ernakulam/Ceiling-Fan-Scrap/pid-2216994813/0484P484STD3000251,2026-09-05,DIRECT_RANGE,Motor rate varies heavily with copper content and whether dismantled.,Gujarat,Ahmedabad,Odhav / Vatva GIDC Industrial Estate,Tier 1,2026-09-05,10:30:00,per_kg,150.0,250.0,200.0,1.02,1.0,1.0,175,205,220,165,230,45,25.7,Rising,Configured motor-market scenario: rising.,ECS Environment Ltd Ahmedabad,CPCB/EPR-EW/2022/GJ-007,Synthetic scenario generated from material baselines and configured location/date factors,Synthetic - requires independent market verification,True,base_mid * location_factor * category_location_factor * date_factor
PRC-GU-AHM-00727,MAT-048,MOTORS,Motor,Small Appliance Motor,Mixer / pump / appliance,Kabadiwalla Uncle + Musa Traders,proxy_from_direct,https://www.kabadiwalla.in/cms-rates ; https://www.exportersindia.com/musa-traders/copperscrap.htm,2026-09-05,PROXY,Motor rate varies heavily with copper content and whether dismantled.,Gujarat,Ahmedabad,Odhav / Vatva GIDC Industrial Estate,Tier 1,2026-09-05,10:30:00,per_kg,38.0,70.0,54.0,1.02,1.0,1.0,47,55,59,45,62,12,25.5,Rising,Configured motor-market scenario: rising.,ECS Environment Ltd Ahmedabad,CPCB/EPR-EW/2022/GJ-007,Synthetic scenario generated from material baselines and configured location/date factors,Synthetic - requires independent market verification,True,base_mid * location_factor * category_location_factor * date_factor
PRC-GU-AHM-00728,MAT-049,MOTORS,Motor,Printer / Scanner Motor,Printer / scanner,Kabadiwalla Uncle + Musa Traders,proxy_from_direct,https://www.kabadiwalla.in/cms-rates ; https://www.exportersindia.com/musa-traders/copperscrap.htm,2026-09-05,PROXY,Motor rate varies heavily with copper content and whether dismantled.,Gujarat,Ahmedabad,Odhav / Vatva GIDC Industrial Estate,Tier 1,2026-09-05,10:30:00,per_kg,38.0,70.0,54.0,1.02,1.0,1.0,47,55,59,45,62,12,25.5,Rising,Configured motor-market scenario: rising.,ECS Environment Ltd Ahmedabad,CPCB/EPR-EW/2022/GJ-007,Synthetic scenario generated from material baselines and configured location/date factors,Synthetic - requires independent market verification,True,base_mid * location_factor * category_location_factor * date_factor
PRC-GU-AHM-00729,MAT-050,MOTORS,Motor,Large Copper-Wound Motor,Industrial / appliance motor,Scrap Savvy + fan-motor listing,proxy_from_direct,https://scrapsavvykabadiwala.com/scrap-rates-today-scrap-prices/ ; https://www.justdial.com/jdmart/Ernakulam/Ceiling-Fan-Scrap/pid-2216994813/0484P484STD3000251,2026-09-05,PROXY,Motor rate varies heavily with copper content and whether dismantled.,Gujarat,Ahmedabad,Odhav / Vatva GIDC Industrial Estate,Tier 1,2026-09-05,10:30:00,per_kg,55.0,150.0,102.5,1.02,1.0,1.0,90,105,115,86,120,25,27.8,Rising,Configured motor-market scenario: rising.,ECS Environment Ltd Ahmedabad,CPCB/EPR-EW/2022/GJ-007,Synthetic scenario generated from material baselines and configured location/date factors,Synthetic - requires independent market verification,True,base_mid * location_factor * category_location_factor * date_factor
PRC-GU-AHM-00730,MAT-051,PLASTICS,Mixed Plastic,ABS Plastic - Electronics Housing,Computer / appliance casing,TradeIndia,direct_range,https://www.tradeindia.com/products/abs-plastic-scraps-c1707904.html,2026-09-05,DIRECT_RANGE,Plastic resin identification materially changes value.,Gujarat,Ahmedabad,Odhav / Vatva GIDC Industrial Estate,Tier 1,2026-09-05,10:30:00,per_kg,30.0,40.0,35.0,1.02,1.06,1.0,33,38,41,31,43,8,24.2,Rising,Configured plastic-market scenario: rising.,ECS Environment Ltd Ahmedabad,CPCB/EPR-EW/2022/GJ-007,Synthetic scenario generated from material baselines and configured location/date factors,Synthetic - requires independent market verification,True,base_mid * location_factor * category_location_factor * date_factor
PRC-GU-AHM-00731,MAT-052,PLASTICS,Mixed Plastic,HDPE Plastic Scrap,Cable/accessory housings,Scrapprice India,direct,https://scrapprice.in/scrap-materials,2026-09-05,DIRECT,Plastic resin identification materially changes value.,Gujarat,Ahmedabad,Odhav / Vatva GIDC Industrial Estate,Tier 1,2026-09-05,10:30:00,per_kg,57.5,57.5,57.5,1.02,1.06,1.0,53,62,67,50,70,14,26.4,Rising,Configured plastic-market scenario: rising.,ECS Environment Ltd Ahmedabad,CPCB/EPR-EW/2022/GJ-007,Synthetic scenario generated from material baselines and configured location/date factors,Synthetic - requires independent market verification,True,base_mid * location_factor * category_location_factor * date_factor
PRC-GU-AHM-00732,MAT-053,PLASTICS,Mixed Plastic,PP Plastic Scrap,Electronics housings / parts,Scrapprice India,direct,https://scrapprice.in/scrap-materials,2026-09-05,DIRECT,Plastic resin identification materially changes value.,Gujarat,Ahmedabad,Odhav / Vatva GIDC Industrial Estate,Tier 1,2026-09-05,10:30:00,per_kg,77.83,77.83,77.83,1.02,1.06,1.0,72,84,91,68,96,19,26.4,Rising,Configured plastic-market scenario: rising.,ECS Environment Ltd Ahmedabad,CPCB/EPR-EW/2022/GJ-007,Synthetic scenario generated from material baselines and configured location/date factors,Synthetic - requires independent market verification,True,base_mid * location_factor * category_location_factor * date_factor
PRC-GU-AHM-00733,MAT-054,PLASTICS,Mixed Plastic,LDPE Plastic Scrap,Flexible electronic packaging / insulation,Scrapprice India,direct,https://scrapprice.in/scrap-materials,2026-09-05,DIRECT,Plastic resin identification materially changes value.,Gujarat,Ahmedabad,Odhav / Vatva GIDC Industrial Estate,Tier 1,2026-09-05,10:30:00,per_kg,83.0,83.0,83.0,1.02,1.06,1.0,77,90,97,73,100,20,26.0,Rising,Configured plastic-market scenario: rising.,ECS Environment Ltd Ahmedabad,CPCB/EPR-EW/2022/GJ-007,Synthetic scenario generated from material baselines and configured location/date factors,Synthetic - requires independent market verification,True,base_mid * location_factor * category_location_factor * date_factor
PRC-GU-AHM-00734,MAT-055,PLASTICS,Mixed Plastic,PVC Plastic Scrap,Cable insulation / housings,Scrapprice India,direct,https://scrapprice.in/scrap-materials,2026-09-05,DIRECT,Plastic resin identification materially changes value.,Gujarat,Ahmedabad,Odhav / Vatva GIDC Industrial Estate,Tier 1,2026-09-05,10:30:00,per_kg,22.2,22.2,22.2,1.02,1.06,1.0,21,24,26,19.9,27,5,23.8,Rising,Configured plastic-market scenario: rising.,ECS Environment Ltd Ahmedabad,CPCB/EPR-EW/2022/GJ-007,Synthetic scenario generated from material baselines and configured location/date factors,Synthetic - requires independent market verification,True,base_mid * location_factor * category_location_factor * date_factor
PRC-GU-AHM-00735,MAT-056,PLASTICS,Mixed Plastic,PET Plastic Scrap,Packaging / accessory plastics,Scrapprice India,direct,https://scrapprice.in/scrap-materials,2026-09-05,DIRECT,Plastic resin identification materially changes value.,Gujarat,Ahmedabad,Odhav / Vatva GIDC Industrial Estate,Tier 1,2026-09-05,10:30:00,per_kg,33.5,33.5,33.5,1.02,1.06,1.0,31,36,39,29,41,8,25.8,Rising,Configured plastic-market scenario: rising.,ECS Environment Ltd Ahmedabad,CPCB/EPR-EW/2022/GJ-007,Synthetic scenario generated from material baselines and configured location/date factors,Synthetic - requires independent market verification,True,base_mid * location_factor * category_location_factor * date_factor
PRC-GU-AHM-00736,MAT-057,PLASTICS,Mixed Plastic,Mixed Plastic - E-waste,Mixed electronic plastic,The Kabadiwala + Scrapprice India,direct_multi_source,https://www.thekabadiwala.com/scrap-rates/Bhopal ; https://scrapprice.in/scrap-materials,2026-09-05,DIRECT_RANGE,Plastic resin identification materially changes value.,Gujarat,Ahmedabad,Odhav / Vatva GIDC Industrial Estate,Tier 1,2026-09-05,10:30:00,per_kg,12.0,57.29,34.64,1.02,1.06,1.0,32,37,40,30,42,8,25.0,Rising,Configured plastic-market scenario: rising.,ECS Environment Ltd Ahmedabad,CPCB/EPR-EW/2022/GJ-007,Synthetic scenario generated from material baselines and configured location/date factors,Synthetic - requires independent market verification,True,base_mid * location_factor * category_location_factor * date_factor
PRC-GU-AHM-00737,MAT-058,MOBILE_TABLETS,Mobile Phone,Keypad Phone - Complete,Keypad phone,Scrap Savvy + Kabadiwala Online,direct_multi_source,https://scrapsavvykabadiwala.com/scrap-rates-today-scrap-prices/ ; https://kabadiwalaonline.com/secrap-rates/,2026-09-05,DIRECT_RANGE,"Complete-device pickup prices depend heavily on model, storage, condition and lock status.",Gujarat,Ahmedabad,Odhav / Vatva GIDC Industrial Estate,Tier 1,2026-09-05,10:30:00,per_piece,10.0,20.0,15.0,1.02,1.0,1.0,13.2,15.3,16.5,12.5,17.3,3.3,25.0,Rising,Configured synthetic market scenario.,ECS Environment Ltd Ahmedabad,CPCB/EPR-EW/2022/GJ-007,Synthetic scenario generated from material baselines and configured location/date factors,Synthetic - requires independent market verification,True,base_mid * location_factor * category_location_factor * date_factor
PRC-GU-AHM-00738,MAT-059,MOBILE_TABLETS,Mobile Phone,Smartphone - Generic Complete,Smartphone,Scrap Savvy + Kabadiwala Online,direct_multi_source,https://scrapsavvykabadiwala.com/scrap-rates-today-scrap-prices/ ; https://kabadiwalaonline.com/secrap-rates/,2026-09-05,DIRECT_RANGE,"Complete-device pickup prices depend heavily on model, storage, condition and lock status.",Gujarat,Ahmedabad,Odhav / Vatva GIDC Industrial Estate,Tier 1,2026-09-05,10:30:00,per_piece,20.0,60.0,40.0,1.02,1.0,1.0,35,41,44,33,46,9,25.7,Rising,Configured synthetic market scenario.,ECS Environment Ltd Ahmedabad,CPCB/EPR-EW/2022/GJ-007,Synthetic scenario generated from material baselines and configured location/date factors,Synthetic - requires independent market verification,True,base_mid * location_factor * category_location_factor * date_factor
PRC-GU-AHM-00739,MAT-060,MOBILE_TABLETS,Mobile Phone,Tablet - Generic Complete,Tablet,Kabadiwalla Uncle + Kabadiwala Online,direct_multi_source,https://www.kabadiwalla.in/cms-rates ; https://kabadiwalaonline.com/secrap-rates/,2026-09-05,DIRECT_RANGE,"Complete-device pickup prices depend heavily on model, storage, condition and lock status.",Gujarat,Ahmedabad,Odhav / Vatva GIDC Industrial Estate,Tier 1,2026-09-05,10:30:00,per_piece,30.0,60.0,45.0,1.02,1.0,1.0,39,46,50,37,52,11,28.2,Rising,Configured synthetic market scenario.,ECS Environment Ltd Ahmedabad,CPCB/EPR-EW/2022/GJ-007,Synthetic scenario generated from material baselines and configured location/date factors,Synthetic - requires independent market verification,True,base_mid * location_factor * category_location_factor * date_factor
PRC-GU-AHM-00740,MAT-061,MOBILE_TABLETS,Mobile Phone,Android Smartphone - 16GB,Smartphone,Scrap Mitra,direct,https://scrapmitra.com/,2026-09-05,DIRECT,"Complete-device pickup prices depend heavily on model, storage, condition and lock status.",Gujarat,Ahmedabad,Odhav / Vatva GIDC Industrial Estate,Tier 1,2026-09-05,10:30:00,per_piece,200.0,200.0,200.0,1.02,1.0,1.0,175,205,220,165,230,45,25.7,Rising,Configured synthetic market scenario.,ECS Environment Ltd Ahmedabad,CPCB/EPR-EW/2022/GJ-007,Synthetic scenario generated from material baselines and configured location/date factors,Synthetic - requires independent market verification,True,base_mid * location_factor * category_location_factor * date_factor
PRC-GU-AHM-00741,MAT-062,MOBILE_TABLETS,Mobile Phone,Android Smartphone - 32GB,Smartphone,Scrap Mitra,direct,https://scrapmitra.com/,2026-09-05,DIRECT,"Complete-device pickup prices depend heavily on model, storage, condition and lock status.",Gujarat,Ahmedabad,Odhav / Vatva GIDC Industrial Estate,Tier 1,2026-09-05,10:30:00,per_piece,400.0,400.0,400.0,1.02,1.0,1.0,350,410,440,330,460,90,25.7,Rising,Configured synthetic market scenario.,ECS Environment Ltd Ahmedabad,CPCB/EPR-EW/2022/GJ-007,Synthetic scenario generated from material baselines and configured location/date factors,Synthetic - requires independent market verification,True,base_mid * location_factor * category_location_factor * date_factor
PRC-GU-AHM-00742,MAT-063,MOBILE_TABLETS,Mobile Phone,Android Smartphone - 64GB,Smartphone,Scrap Mitra,direct,https://scrapmitra.com/,2026-09-05,DIRECT,"Complete-device pickup prices depend heavily on model, storage, condition and lock status.",Gujarat,Ahmedabad,Odhav / Vatva GIDC Industrial Estate,Tier 1,2026-09-05,10:30:00,per_piece,650.0,650.0,650.0,1.02,1.0,1.0,570,665,715,540,750,145,25.4,Rising,Configured synthetic market scenario.,ECS Environment Ltd Ahmedabad,CPCB/EPR-EW/2022/GJ-007,Synthetic scenario generated from material baselines and configured location/date factors,Synthetic - requires independent market verification,True,base_mid * location_factor * category_location_factor * date_factor
PRC-GU-AHM-00743,MAT-064,MOBILE_TABLETS,Mobile Phone,Android Smartphone - 128GB,Smartphone,Scrap Mitra,direct,https://scrapmitra.com/,2026-09-05,DIRECT,"Complete-device pickup prices depend heavily on model, storage, condition and lock status.",Gujarat,Ahmedabad,Odhav / Vatva GIDC Industrial Estate,Tier 1,2026-09-05,10:30:00,per_piece,1000.0,1000.0,1000.0,1.02,1.0,1.0,875,1000,1100,830,1150,225,25.7,Rising,Configured synthetic market scenario.,ECS Environment Ltd Ahmedabad,CPCB/EPR-EW/2022/GJ-007,Synthetic scenario generated from material baselines and configured location/date factors,Synthetic - requires independent market verification,True,base_mid * location_factor * category_location_factor * date_factor
PRC-GU-AHM-00744,MAT-065,MOBILE_TABLETS,Mobile Phone,Android Smartphone - 256GB,Smartphone,Scrap Mitra,direct,https://scrapmitra.com/,2026-09-05,DIRECT,"Complete-device pickup prices depend heavily on model, storage, condition and lock status.",Gujarat,Ahmedabad,Odhav / Vatva GIDC Industrial Estate,Tier 1,2026-09-05,10:30:00,per_piece,2300.0,2300.0,2300.0,1.02,1.0,1.0,2000,2350,2550,1900,2700,550,27.5,Rising,Configured synthetic market scenario.,ECS Environment Ltd Ahmedabad,CPCB/EPR-EW/2022/GJ-007,Synthetic scenario generated from material baselines and configured location/date factors,Synthetic - requires independent market verification,True,base_mid * location_factor * category_location_factor * date_factor
PRC-WE-KOL-00745,MAT-001,CRT,CRT,CRT Monitor - Standard,Desktop computer,Scrappbazaar + Scrap Savvy,direct_multi_source,https://www.scrappbazaar.com/rates ; https://scrapsavvykabadiwala.com/scrap-rates-today-scrap-prices/,2026-09-05,DIRECT_RANGE,Current pickup listings show ~₹150-180/piece.,West Bengal,Kolkata,Howrah Metal Foundry Cluster / Topsia,Tier 1,2026-09-05,10:30:00,per_piece,150.0,180.0,165.0,0.97,1.0,1.0,140,160,175,135,185,35,25.0,Stable,Configured CRT-market scenario: stable.,Greentech Recycling Kolkata Hub,CPCB/EPR-EW/2023/WB-004,Synthetic scenario generated from material baselines and configured location/date factors,Synthetic - requires independent market verification,True,base_mid * location_factor * category_location_factor * date_factor
PRC-WE-KOL-00746,MAT-002,CRT,CRT,CRT TV - Standard,Television,Scrappbazaar + Scrap Savvy,direct_multi_source,https://www.scrappbazaar.com/rates ; https://scrapsavvykabadiwala.com/scrap-rates-today-scrap-prices/,2026-09-05,DIRECT_RANGE,Current listings show ~₹150-200/piece.,West Bengal,Kolkata,Howrah Metal Foundry Cluster / Topsia,Tier 1,2026-09-05,10:30:00,per_piece,150.0,200.0,175.0,0.97,1.0,1.0,145,170,185,140,195,40,27.6,Stable,Configured CRT-market scenario: stable.,Greentech Recycling Kolkata Hub,CPCB/EPR-EW/2023/WB-004,Synthetic scenario generated from material baselines and configured location/date factors,Synthetic - requires independent market verification,True,base_mid * location_factor * category_location_factor * date_factor
PRC-WE-KOL-00747,MAT-003,CRT,CRT,CRT TV - Small 14-17 inch,Television,The Kabadiwala + Kabadiwala Online,proxy_from_direct,https://www.thekabadiwala.com/scrap-rates/Bhopal ; https://kabadiwalaonline.com/secrap-rates/,2026-09-05,PROXY,Size-specific value inferred from current CRT TV/monitor pickup rates.,West Bengal,Kolkata,Howrah Metal Foundry Cluster / Topsia,Tier 1,2026-09-05,10:30:00,per_piece,100.0,160.0,130.0,0.97,1.0,1.0,110,125,135,105,140,25,22.7,Stable,Configured CRT-market scenario: stable.,Greentech Recycling Kolkata Hub,CPCB/EPR-EW/2023/WB-004,Synthetic scenario generated from material baselines and configured location/date factors,Synthetic - requires independent market verification,True,base_mid * location_factor * category_location_factor * date_factor
PRC-WE-KOL-00748,MAT-004,CRT,CRT,CRT Monitor - 17 inch,Desktop computer,Kabadiwala Online + Scrap Savvy,direct_multi_source,https://kabadiwalaonline.com/secrap-rates/ ; https://scrapsavvykabadiwala.com/scrap-rates-today-scrap-prices/,2026-09-05,DIRECT_RANGE,Standard CRT monitor rate.,West Bengal,Kolkata,Howrah Metal Foundry Cluster / Topsia,Tier 1,2026-09-05,10:30:00,per_piece,150.0,180.0,165.0,0.97,1.0,1.0,140,160,175,135,185,35,25.0,Stable,Configured CRT-market scenario: stable.,Greentech Recycling Kolkata Hub,CPCB/EPR-EW/2023/WB-004,Synthetic scenario generated from material baselines and configured location/date factors,Synthetic - requires independent market verification,True,base_mid * location_factor * category_location_factor * date_factor
PRC-WE-KOL-00749,MAT-005,CRT,CRT,CRT TV - Large 21 inch+,Television,Scrappbazaar + Kabadiwalla Uncle,proxy_from_direct,https://www.scrappbazaar.com/rates ; https://www.kabadiwalla.in/cms-rates,2026-09-05,PROXY,Large-size premium is a conservative proxy around current CRT TV listings.,West Bengal,Kolkata,Howrah Metal Foundry Cluster / Topsia,Tier 1,2026-09-05,10:30:00,per_piece,160.0,220.0,190.0,0.97,1.0,1.0,160,185,200,150,210,40,25.0,Stable,Configured CRT-market scenario: stable.,Greentech Recycling Kolkata Hub,CPCB/EPR-EW/2023/WB-004,Synthetic scenario generated from material baselines and configured location/date factors,Synthetic - requires independent market verification,True,base_mid * location_factor * category_location_factor * date_factor
PRC-WE-KOL-00750,MAT-006,LCD_LED,LCD Panel,LCD Monitor,Desktop computer,Kabadiwalla Uncle + Kabadiwala Online,direct_multi_source,https://www.kabadiwalla.in/cms-rates ; https://kabadiwalaonline.com/secrap-rates/,2026-09-05,DIRECT_RANGE,Current LCD monitor listings: ₹25-30/kg.,West Bengal,Kolkata,Howrah Metal Foundry Cluster / Topsia,Tier 1,2026-09-05,10:30:00,per_kg,25.0,30.0,27.5,0.97,1.0,1.0,23,27,29,22,30,6,26.1,Stable,Configured LCD/LED-market scenario: stable.,Greentech Recycling Kolkata Hub,CPCB/EPR-EW/2023/WB-004,Synthetic scenario generated from material baselines and configured location/date factors,Synthetic - requires independent market verification,True,base_mid * location_factor * category_location_factor * date_factor
PRC-WE-KOL-00751,MAT-007,LCD_LED,LCD Panel,TFT Monitor,Desktop computer,Scrap Savvy,direct,https://scrapsavvykabadiwala.com/scrap-rates-today-scrap-prices/,2026-09-05,DIRECT,Quoted ₹30/kg.,West Bengal,Kolkata,Howrah Metal Foundry Cluster / Topsia,Tier 1,2026-09-05,10:30:00,per_kg,30.0,30.0,30.0,0.97,1.0,1.0,25,29,31,24,33,6,24.0,Stable,Configured LCD/LED-market scenario: stable.,Greentech Recycling Kolkata Hub,CPCB/EPR-EW/2023/WB-004,Synthetic scenario generated from material baselines and configured location/date factors,Synthetic - requires independent market verification,True,base_mid * location_factor * category_location_factor * date_factor
PRC-WE-KOL-00752,MAT-008,LCD_LED,LCD Panel,LCD TV Panel / Assembly,Television,Kabadiwala Online + MetalMandi,direct_multi_source,https://kabadiwalaonline.com/secrap-rates/ ; https://www.metalmandi.in/,2026-09-05,DIRECT_RANGE,LCD display quotes cluster around ₹20-30/kg.,West Bengal,Kolkata,Howrah Metal Foundry Cluster / Topsia,Tier 1,2026-09-05,10:30:00,per_kg,20.0,30.0,25.0,0.97,1.0,1.0,21,24,26,19.9,27,5,23.8,Stable,Configured LCD/LED-market scenario: stable.,Greentech Recycling Kolkata Hub,CPCB/EPR-EW/2023/WB-004,Synthetic scenario generated from material baselines and configured location/date factors,Synthetic - requires independent market verification,True,base_mid * location_factor * category_location_factor * date_factor
PRC-WE-KOL-00753,MAT-009,LCD_LED,LCD Panel,LED TV Panel / Assembly,Television,Scrappbazaar + MetalMandi,direct_multi_source,https://www.scrappbazaar.com/rates ; https://www.metalmandi.in/,2026-09-05,DIRECT_RANGE,Current LED/LCD listings around ₹20-22/kg.,West Bengal,Kolkata,Howrah Metal Foundry Cluster / Topsia,Tier 1,2026-09-05,10:30:00,per_kg,20.0,22.0,21.0,0.97,1.0,1.0,17.5,20,22,16.6,23,4.5,25.7,Stable,Configured LCD/LED-market scenario: stable.,Greentech Recycling Kolkata Hub,CPCB/EPR-EW/2023/WB-004,Synthetic scenario generated from material baselines and configured location/date factors,Synthetic - requires independent market verification,True,base_mid * location_factor * category_location_factor * date_factor
PRC-WE-KOL-00754,MAT-010,LCD_LED,LCD Panel,Broken LCD/LED Display Lot,TV / monitor,Scrap Savvy + Scrappbazaar,proxy_from_direct,https://scrapsavvykabadiwala.com/scrap-rates-today-scrap-prices/ ; https://www.scrappbazaar.com/rates,2026-09-05,PROXY,Lower-end proxy for broken mixed display assemblies.,West Bengal,Kolkata,Howrah Metal Foundry Cluster / Topsia,Tier 1,2026-09-05,10:30:00,per_kg,18.0,25.0,21.5,0.97,1.0,1.0,17.9,21,23,17,24,5.1,28.5,Stable,Configured LCD/LED-market scenario: stable.,Greentech Recycling Kolkata Hub,CPCB/EPR-EW/2023/WB-004,Synthetic scenario generated from material baselines and configured location/date factors,Synthetic - requires independent market verification,True,base_mid * location_factor * category_location_factor * date_factor
PRC-WE-KOL-00755,MAT-011,LCD_LED,LCD Panel,LCD/LED Display - Mixed Scrap,TV / monitor,Kabadiwala Online + Kabadiwalla Uncle,direct_multi_source,https://kabadiwalaonline.com/secrap-rates/ ; https://www.kabadiwalla.in/cms-rates,2026-09-05,DIRECT_RANGE,Generic mixed display baseline.,West Bengal,Kolkata,Howrah Metal Foundry Cluster / Topsia,Tier 1,2026-09-05,10:30:00,per_kg,20.0,30.0,25.0,0.97,1.0,1.0,21,24,26,19.9,27,5,23.8,Stable,Configured LCD/LED-market scenario: stable.,Greentech Recycling Kolkata Hub,CPCB/EPR-EW/2023/WB-004,Synthetic scenario generated from material baselines and configured location/date factors,Synthetic - requires independent market verification,True,base_mid * location_factor * category_location_factor * date_factor
PRC-WE-KOL-00756,MAT-012,PCB,PCB,Laptop PCB - China Chip,Laptop,MetalMandi,direct,https://www.metalmandi.in/,2026-09-05,DIRECT,"Current MetalMandi grade listing; use as a benchmark, not a guaranteed pickup quote.",West Bengal,Kolkata,Howrah Metal Foundry Cluster / Topsia,Tier 1,2026-09-05,10:30:00,per_kg,720.0,720.0,720.0,0.97,1.0,1.0,600,700,755,570,795,155,25.8,Stable,Configured PCB-market scenario: stable.,Greentech Recycling Kolkata Hub,CPCB/EPR-EW/2023/WB-004,Synthetic scenario generated from material baselines and configured location/date factors,Synthetic - requires independent market verification,True,base_mid * location_factor * category_location_factor * date_factor
PRC-WE-KOL-00757,MAT-013,PCB,PCB,Laptop PCB - VGA Chip,Laptop,MetalMandi,direct,https://www.metalmandi.in/,2026-09-05,DIRECT,"Current MetalMandi grade listing; use as a benchmark, not a guaranteed pickup quote.",West Bengal,Kolkata,Howrah Metal Foundry Cluster / Topsia,Tier 1,2026-09-05,10:30:00,per_kg,810.0,810.0,810.0,0.97,1.0,1.0,675,785,850,640,890,175,25.9,Stable,Configured PCB-market scenario: stable.,Greentech Recycling Kolkata Hub,CPCB/EPR-EW/2023/WB-004,Synthetic scenario generated from material baselines and configured location/date factors,Synthetic - requires independent market verification,True,base_mid * location_factor * category_location_factor * date_factor
PRC-WE-KOL-00758,MAT-014,PCB,PCB,Laptop PCB - Server Board,Laptop / server,MetalMandi,direct,https://www.metalmandi.in/,2026-09-05,DIRECT,"Current MetalMandi grade listing; use as a benchmark, not a guaranteed pickup quote.",West Bengal,Kolkata,Howrah Metal Foundry Cluster / Topsia,Tier 1,2026-09-05,10:30:00,per_kg,1800.0,1800.0,1800.0,0.97,1.0,1.0,1500,1750,1900,1400,2000,400,26.7,Stable,Configured PCB-market scenario: stable.,Greentech Recycling Kolkata Hub,CPCB/EPR-EW/2023/WB-004,Synthetic scenario generated from material baselines and configured location/date factors,Synthetic - requires independent market verification,True,base_mid * location_factor * category_location_factor * date_factor
PRC-WE-KOL-00759,MAT-015,PCB,PCB,Desktop PCB - China Chip,Desktop PC,MetalMandi,direct,https://www.metalmandi.in/,2026-09-05,DIRECT,"Current MetalMandi grade listing; use as a benchmark, not a guaranteed pickup quote.",West Bengal,Kolkata,Howrah Metal Foundry Cluster / Topsia,Tier 1,2026-09-05,10:30:00,per_kg,180.0,180.0,180.0,0.97,1.0,1.0,150,175,190,140,200,40,26.7,Stable,Configured PCB-market scenario: stable.,Greentech Recycling Kolkata Hub,CPCB/EPR-EW/2023/WB-004,Synthetic scenario generated from material baselines and configured location/date factors,Synthetic - requires independent market verification,True,base_mid * location_factor * category_location_factor * date_factor
PRC-WE-KOL-00760,MAT-016,PCB,PCB,Desktop PCB - Single Chip,Desktop PC,MetalMandi,direct,https://www.metalmandi.in/,2026-09-05,DIRECT,"Current MetalMandi grade listing; use as a benchmark, not a guaranteed pickup quote.",West Bengal,Kolkata,Howrah Metal Foundry Cluster / Topsia,Tier 1,2026-09-05,10:30:00,per_kg,675.0,675.0,675.0,0.97,1.0,1.0,565,655,705,535,740,140,24.8,Stable,Configured PCB-market scenario: stable.,Greentech Recycling Kolkata Hub,CPCB/EPR-EW/2023/WB-004,Synthetic scenario generated from material baselines and configured location/date factors,Synthetic - requires independent market verification,True,base_mid * location_factor * category_location_factor * date_factor
PRC-WE-KOL-00761,MAT-017,PCB,PCB,Desktop PCB - Double Chip,Desktop PC,MetalMandi,direct,https://www.metalmandi.in/,2026-09-05,DIRECT,"Current MetalMandi grade listing; use as a benchmark, not a guaranteed pickup quote.",West Bengal,Kolkata,Howrah Metal Foundry Cluster / Topsia,Tier 1,2026-09-05,10:30:00,per_kg,1125.0,1125.0,1125.0,0.97,1.0,1.0,940,1100,1200,895,1250,260,27.7,Stable,Configured PCB-market scenario: stable.,Greentech Recycling Kolkata Hub,CPCB/EPR-EW/2023/WB-004,Synthetic scenario generated from material baselines and configured location/date factors,Synthetic - requires independent market verification,True,base_mid * location_factor * category_location_factor * date_factor
PRC-WE-KOL-00762,MAT-018,PCB,PCB,Set-top Box PCB - China Chip,Set-top box,MetalMandi,direct,https://www.metalmandi.in/,2026-09-05,DIRECT,"Current MetalMandi grade listing; use as a benchmark, not a guaranteed pickup quote.",West Bengal,Kolkata,Howrah Metal Foundry Cluster / Topsia,Tier 1,2026-09-05,10:30:00,per_kg,126.0,126.0,126.0,0.97,1.0,1.0,105,120,130,100,135,25,23.8,Stable,Configured PCB-market scenario: stable.,Greentech Recycling Kolkata Hub,CPCB/EPR-EW/2023/WB-004,Synthetic scenario generated from material baselines and configured location/date factors,Synthetic - requires independent market verification,True,base_mid * location_factor * category_location_factor * date_factor
PRC-WE-KOL-00763,MAT-019,PCB,PCB,Set-top Box PCB - Black Chip,Set-top box,MetalMandi,direct,https://www.metalmandi.in/,2026-09-05,DIRECT,"Current MetalMandi grade listing; use as a benchmark, not a guaranteed pickup quote.",West Bengal,Kolkata,Howrah Metal Foundry Cluster / Topsia,Tier 1,2026-09-05,10:30:00,per_kg,189.0,189.0,189.0,0.97,1.0,1.0,160,185,200,150,210,40,25.0,Stable,Configured PCB-market scenario: stable.,Greentech Recycling Kolkata Hub,CPCB/EPR-EW/2023/WB-004,Synthetic scenario generated from material baselines and configured location/date factors,Synthetic - requires independent market verification,True,base_mid * location_factor * category_location_factor * date_factor
PRC-WE-KOL-00764,MAT-020,PCB,PCB,Set-top Box PCB - VGA Chip,Set-top box,MetalMandi,direct,https://www.metalmandi.in/,2026-09-05,DIRECT,"Current MetalMandi grade listing; use as a benchmark, not a guaranteed pickup quote.",West Bengal,Kolkata,Howrah Metal Foundry Cluster / Topsia,Tier 1,2026-09-05,10:30:00,per_kg,252.0,252.0,252.0,0.97,1.0,1.0,210,245,265,200,280,55,26.2,Stable,Configured PCB-market scenario: stable.,Greentech Recycling Kolkata Hub,CPCB/EPR-EW/2023/WB-004,Synthetic scenario generated from material baselines and configured location/date factors,Synthetic - requires independent market verification,True,base_mid * location_factor * category_location_factor * date_factor
PRC-WE-KOL-00765,MAT-021,PCB,PCB,Set-top Box PCB - Combo Chip,Set-top box,MetalMandi,direct,https://www.metalmandi.in/,2026-09-05,DIRECT,"Current MetalMandi grade listing; use as a benchmark, not a guaranteed pickup quote.",West Bengal,Kolkata,Howrah Metal Foundry Cluster / Topsia,Tier 1,2026-09-05,10:30:00,per_kg,315.0,315.0,315.0,0.97,1.0,1.0,265,305,330,250,345,65,24.5,Stable,Configured PCB-market scenario: stable.,Greentech Recycling Kolkata Hub,CPCB/EPR-EW/2023/WB-004,Synthetic scenario generated from material baselines and configured location/date factors,Synthetic - requires independent market verification,True,base_mid * location_factor * category_location_factor * date_factor
PRC-WE-KOL-00766,MAT-022,PCB,PCB,Keypad Phone PCB - Branded,Keypad phone,MetalMandi,direct,https://www.metalmandi.in/,2026-09-05,DIRECT,"Current MetalMandi grade listing; use as a benchmark, not a guaranteed pickup quote.",West Bengal,Kolkata,Howrah Metal Foundry Cluster / Topsia,Tier 1,2026-09-05,10:30:00,per_kg,113.0,113.0,113.0,0.97,1.0,1.0,94,110,120,89,125,26,27.7,Stable,Configured PCB-market scenario: stable.,Greentech Recycling Kolkata Hub,CPCB/EPR-EW/2023/WB-004,Synthetic scenario generated from material baselines and configured location/date factors,Synthetic - requires independent market verification,True,base_mid * location_factor * category_location_factor * date_factor
PRC-WE-KOL-00767,MAT-023,PCB,PCB,Keypad Phone PCB - China,Keypad phone,MetalMandi,direct,https://www.metalmandi.in/,2026-09-05,DIRECT,"Current MetalMandi grade listing; use as a benchmark, not a guaranteed pickup quote.",West Bengal,Kolkata,Howrah Metal Foundry Cluster / Topsia,Tier 1,2026-09-05,10:30:00,per_kg,38.0,38.0,38.0,0.97,1.0,1.0,32,37,40,30,42,8,25.0,Stable,Configured PCB-market scenario: stable.,Greentech Recycling Kolkata Hub,CPCB/EPR-EW/2023/WB-004,Synthetic scenario generated from material baselines and configured location/date factors,Synthetic - requires independent market verification,True,base_mid * location_factor * category_location_factor * date_factor
PRC-WE-KOL-00768,MAT-024,PCB,PCB,Smartphone PCB - 8GB Grade,Smartphone,MetalMandi,direct,https://www.metalmandi.in/,2026-09-05,DIRECT,"Current MetalMandi grade listing; use as a benchmark, not a guaranteed pickup quote.",West Bengal,Kolkata,Howrah Metal Foundry Cluster / Topsia,Tier 1,2026-09-05,10:30:00,per_kg,420.0,420.0,420.0,0.97,1.0,1.0,350,405,440,330,460,90,25.7,Stable,Configured PCB-market scenario: stable.,Greentech Recycling Kolkata Hub,CPCB/EPR-EW/2023/WB-004,Synthetic scenario generated from material baselines and configured location/date factors,Synthetic - requires independent market verification,True,base_mid * location_factor * category_location_factor * date_factor
PRC-WE-KOL-00769,MAT-025,PCB,PCB,Smartphone PCB - 128GB Grade,Smartphone,MetalMandi,direct,https://www.metalmandi.in/,2026-09-05,DIRECT,"Current MetalMandi grade listing; use as a benchmark, not a guaranteed pickup quote.",West Bengal,Kolkata,Howrah Metal Foundry Cluster / Topsia,Tier 1,2026-09-05,10:30:00,per_kg,1260.0,1260.0,1260.0,0.97,1.0,1.0,1050,1200,1300,1000,1350,250,23.8,Stable,Configured PCB-market scenario: stable.,Greentech Recycling Kolkata Hub,CPCB/EPR-EW/2023/WB-004,Synthetic scenario generated from material baselines and configured location/date factors,Synthetic - requires independent market verification,True,base_mid * location_factor * category_location_factor * date_factor
PRC-WE-KOL-00770,MAT-026,PCB,PCB,Smartphone PCB - 256GB Grade,Smartphone,MetalMandi,direct,https://www.metalmandi.in/,2026-09-05,DIRECT,"Current MetalMandi grade listing; use as a benchmark, not a guaranteed pickup quote.",West Bengal,Kolkata,Howrah Metal Foundry Cluster / Topsia,Tier 1,2026-09-05,10:30:00,per_kg,1960.0,1960.0,1960.0,0.97,1.0,1.0,1650,1900,2050,1550,2150,400,24.2,Stable,Configured PCB-market scenario: stable.,Greentech Recycling Kolkata Hub,CPCB/EPR-EW/2023/WB-004,Synthetic scenario generated from material baselines and configured location/date factors,Synthetic - requires independent market verification,True,base_mid * location_factor * category_location_factor * date_factor
PRC-WE-KOL-00771,MAT-027,PCB,PCB,Mixed Motherboard Scrap,Desktop / laptop,TradeIndia Ghaziabad listings,direct_range,https://www.tradeindia.com/ghaziabad/motherboard-scrap-city-193475.html,2026-09-05,DIRECT_RANGE,Current listings show roughly ₹360-500/kg for motherboard scrap.,West Bengal,Kolkata,Howrah Metal Foundry Cluster / Topsia,Tier 1,2026-07-15,11:00:00,per_kg,360.0,500.0,430.0,0.97,1.0,0.965,345,405,435,330,455,90,26.1,Stable,Configured PCB-market scenario: stable.,Greentech Recycling Kolkata Hub,CPCB/EPR-EW/2023/WB-004,Synthetic scenario generated from material baselines and configured location/date factors,Synthetic - requires independent market verification,True,base_mid * location_factor * category_location_factor * date_factor
PRC-WE-KOL-00772,MAT-027,PCB,PCB,Mixed Motherboard Scrap,Desktop / laptop,TradeIndia Ghaziabad listings,direct_range,https://www.tradeindia.com/ghaziabad/motherboard-scrap-city-193475.html,2026-09-05,DIRECT_RANGE,Current listings show roughly ₹360-500/kg for motherboard scrap.,West Bengal,Kolkata,Howrah Metal Foundry Cluster / Topsia,Tier 1,2026-08-01,11:00:00,per_kg,360.0,500.0,430.0,0.97,1.0,0.978,350,410,440,330,460,90,25.7,Stable,Configured PCB-market scenario: stable.,Greentech Recycling Kolkata Hub,CPCB/EPR-EW/2023/WB-004,Synthetic scenario generated from material baselines and configured location/date factors,Synthetic - requires independent market verification,True,base_mid * location_factor * category_location_factor * date_factor
PRC-WE-KOL-00773,MAT-027,PCB,PCB,Mixed Motherboard Scrap,Desktop / laptop,TradeIndia Ghaziabad listings,direct_range,https://www.tradeindia.com/ghaziabad/motherboard-scrap-city-193475.html,2026-09-05,DIRECT_RANGE,Current listings show roughly ₹360-500/kg for motherboard scrap.,West Bengal,Kolkata,Howrah Metal Foundry Cluster / Topsia,Tier 1,2026-08-15,11:00:00,per_kg,360.0,500.0,430.0,0.97,1.0,0.985,355,410,445,335,465,90,25.4,Stable,Configured PCB-market scenario: stable.,Greentech Recycling Kolkata Hub,CPCB/EPR-EW/2023/WB-004,Synthetic scenario generated from material baselines and configured location/date factors,Synthetic - requires independent market verification,True,base_mid * location_factor * category_location_factor * date_factor
PRC-WE-KOL-00774,MAT-027,PCB,PCB,Mixed Motherboard Scrap,Desktop / laptop,TradeIndia Ghaziabad listings,direct_range,https://www.tradeindia.com/ghaziabad/motherboard-scrap-city-193475.html,2026-09-05,DIRECT_RANGE,Current listings show roughly ₹360-500/kg for motherboard scrap.,West Bengal,Kolkata,Howrah Metal Foundry Cluster / Topsia,Tier 1,2026-09-01,11:00:00,per_kg,360.0,500.0,430.0,0.97,1.0,0.995,355,415,450,335,470,95,26.8,Stable,Configured PCB-market scenario: stable.,Greentech Recycling Kolkata Hub,CPCB/EPR-EW/2023/WB-004,Synthetic scenario generated from material baselines and configured location/date factors,Synthetic - requires independent market verification,True,base_mid * location_factor * category_location_factor * date_factor
PRC-WE-KOL-00775,MAT-027,PCB,PCB,Mixed Motherboard Scrap,Desktop / laptop,TradeIndia Ghaziabad listings,direct_range,https://www.tradeindia.com/ghaziabad/motherboard-scrap-city-193475.html,2026-09-05,DIRECT_RANGE,Current listings show roughly ₹360-500/kg for motherboard scrap.,West Bengal,Kolkata,Howrah Metal Foundry Cluster / Topsia,Tier 1,2026-09-05,10:30:00,per_kg,360.0,500.0,430.0,0.97,1.0,1.0,360,415,450,340,470,90,25.0,Stable,Configured PCB-market scenario: stable.,Greentech Recycling Kolkata Hub,CPCB/EPR-EW/2023/WB-004,Synthetic scenario generated from material baselines and configured location/date factors,Synthetic - requires independent market verification,True,base_mid * location_factor * category_location_factor * date_factor
PRC-WE-KOL-00776,MAT-028,CABLES_WIRES,Cable,Bare Bright Copper Wire,Electrical/electronic wiring,BIN 2026 guide,direct_range,https://joinbin.com/scrap-rate-copper-india,2026-09-05,DIRECT_RANGE,Grade and copper recovery strongly affect actual offer.,West Bengal,Kolkata,Howrah Metal Foundry Cluster / Topsia,Tier 1,2026-07-15,11:00:00,per_kg,650.0,700.0,675.0,0.97,1.0,0.965,545,630,680,520,715,135,24.8,Stable,Configured cable-market scenario: stable.,Greentech Recycling Kolkata Hub,CPCB/EPR-EW/2023/WB-004,Synthetic scenario generated from material baselines and configured location/date factors,Synthetic - requires independent market verification,True,base_mid * location_factor * category_location_factor * date_factor
PRC-WE-KOL-00777,MAT-028,CABLES_WIRES,Cable,Bare Bright Copper Wire,Electrical/electronic wiring,BIN 2026 guide,direct_range,https://joinbin.com/scrap-rate-copper-india,2026-09-05,DIRECT_RANGE,Grade and copper recovery strongly affect actual offer.,West Bengal,Kolkata,Howrah Metal Foundry Cluster / Topsia,Tier 1,2026-08-01,11:00:00,per_kg,650.0,700.0,675.0,0.97,1.0,0.978,550,640,690,520,725,140,25.5,Stable,Configured cable-market scenario: stable.,Greentech Recycling Kolkata Hub,CPCB/EPR-EW/2023/WB-004,Synthetic scenario generated from material baselines and configured location/date factors,Synthetic - requires independent market verification,True,base_mid * location_factor * category_location_factor * date_factor
PRC-WE-KOL-00778,MAT-028,CABLES_WIRES,Cable,Bare Bright Copper Wire,Electrical/electronic wiring,BIN 2026 guide,direct_range,https://joinbin.com/scrap-rate-copper-india,2026-09-05,DIRECT_RANGE,Grade and copper recovery strongly affect actual offer.,West Bengal,Kolkata,Howrah Metal Foundry Cluster / Topsia,Tier 1,2026-08-15,11:00:00,per_kg,650.0,700.0,675.0,0.97,1.0,0.985,555,645,695,525,730,140,25.2,Stable,Configured cable-market scenario: stable.,Greentech Recycling Kolkata Hub,CPCB/EPR-EW/2023/WB-004,Synthetic scenario generated from material baselines and configured location/date factors,Synthetic - requires independent market verification,True,base_mid * location_factor * category_location_factor * date_factor
PRC-WE-KOL-00779,MAT-028,CABLES_WIRES,Cable,Bare Bright Copper Wire,Electrical/electronic wiring,BIN 2026 guide,direct_range,https://joinbin.com/scrap-rate-copper-india,2026-09-05,DIRECT_RANGE,Grade and copper recovery strongly affect actual offer.,West Bengal,Kolkata,Howrah Metal Foundry Cluster / Topsia,Tier 1,2026-09-01,11:00:00,per_kg,650.0,700.0,675.0,0.97,1.0,0.995,560,650,705,530,740,145,25.9,Stable,Configured cable-market scenario: stable.,Greentech Recycling Kolkata Hub,CPCB/EPR-EW/2023/WB-004,Synthetic scenario generated from material baselines and configured location/date factors,Synthetic - requires independent market verification,True,base_mid * location_factor * category_location_factor * date_factor
PRC-WE-KOL-00780,MAT-028,CABLES_WIRES,Cable,Bare Bright Copper Wire,Electrical/electronic wiring,BIN 2026 guide,direct_range,https://joinbin.com/scrap-rate-copper-india,2026-09-05,DIRECT_RANGE,Grade and copper recovery strongly affect actual offer.,West Bengal,Kolkata,Howrah Metal Foundry Cluster / Topsia,Tier 1,2026-09-05,10:30:00,per_kg,650.0,700.0,675.0,0.97,1.0,1.0,565,655,705,535,740,140,24.8,Stable,Configured cable-market scenario: stable.,Greentech Recycling Kolkata Hub,CPCB/EPR-EW/2023/WB-004,Synthetic scenario generated from material baselines and configured location/date factors,Synthetic - requires independent market verification,True,base_mid * location_factor * category_location_factor * date_factor
PRC-WE-KOL-00781,MAT-029,CABLES_WIRES,Cable,#1 Clean Copper Wire,Electrical/electronic wiring,BIN 2026 guide,direct_range,https://joinbin.com/scrap-rate-copper-india,2026-09-05,DIRECT_RANGE,Grade and copper recovery strongly affect actual offer.,West Bengal,Kolkata,Howrah Metal Foundry Cluster / Topsia,Tier 1,2026-09-05,10:30:00,per_kg,620.0,680.0,650.0,0.97,1.0,1.0,540,630,680,515,715,140,25.9,Stable,Configured cable-market scenario: stable.,Greentech Recycling Kolkata Hub,CPCB/EPR-EW/2023/WB-004,Synthetic scenario generated from material baselines and configured location/date factors,Synthetic - requires independent market verification,True,base_mid * location_factor * category_location_factor * date_factor
PRC-WE-KOL-00782,MAT-030,CABLES_WIRES,Cable,#2 Mixed Copper Wire,Electrical/electronic wiring,BIN 2026 guide,direct_range,https://joinbin.com/scrap-rate-copper-india,2026-09-05,DIRECT_RANGE,Grade and copper recovery strongly affect actual offer.,West Bengal,Kolkata,Howrah Metal Foundry Cluster / Topsia,Tier 1,2026-09-05,10:30:00,per_kg,550.0,620.0,585.0,0.97,1.0,1.0,490,565,615,465,645,125,25.5,Stable,Configured cable-market scenario: stable.,Greentech Recycling Kolkata Hub,CPCB/EPR-EW/2023/WB-004,Synthetic scenario generated from material baselines and configured location/date factors,Synthetic - requires independent market verification,True,base_mid * location_factor * category_location_factor * date_factor
PRC-WE-KOL-00783,MAT-031,CABLES_WIRES,Cable,Insulated Copper Wire,Power/data cable,BIN 2026 guide,direct_range,https://joinbin.com/scrap-rate-copper-india,2026-09-05,DIRECT_RANGE,Grade and copper recovery strongly affect actual offer.,West Bengal,Kolkata,Howrah Metal Foundry Cluster / Topsia,Tier 1,2026-07-15,11:00:00,per_kg,350.0,500.0,425.0,0.97,1.0,0.965,340,400,430,325,450,90,26.5,Stable,Configured cable-market scenario: stable.,Greentech Recycling Kolkata Hub,CPCB/EPR-EW/2023/WB-004,Synthetic scenario generated from material baselines and configured location/date factors,Synthetic - requires independent market verification,True,base_mid * location_factor * category_location_factor * date_factor
PRC-WE-KOL-00784,MAT-031,CABLES_WIRES,Cable,Insulated Copper Wire,Power/data cable,BIN 2026 guide,direct_range,https://joinbin.com/scrap-rate-copper-india,2026-09-05,DIRECT_RANGE,Grade and copper recovery strongly affect actual offer.,West Bengal,Kolkata,Howrah Metal Foundry Cluster / Topsia,Tier 1,2026-08-01,11:00:00,per_kg,350.0,500.0,425.0,0.97,1.0,0.978,345,405,435,330,455,90,26.1,Stable,Configured cable-market scenario: stable.,Greentech Recycling Kolkata Hub,CPCB/EPR-EW/2023/WB-004,Synthetic scenario generated from material baselines and configured location/date factors,Synthetic - requires independent market verification,True,base_mid * location_factor * category_location_factor * date_factor
PRC-WE-KOL-00785,MAT-031,CABLES_WIRES,Cable,Insulated Copper Wire,Power/data cable,BIN 2026 guide,direct_range,https://joinbin.com/scrap-rate-copper-india,2026-09-05,DIRECT_RANGE,Grade and copper recovery strongly affect actual offer.,West Bengal,Kolkata,Howrah Metal Foundry Cluster / Topsia,Tier 1,2026-08-15,11:00:00,per_kg,350.0,500.0,425.0,0.97,1.0,0.985,350,405,440,330,460,90,25.7,Stable,Configured cable-market scenario: stable.,Greentech Recycling Kolkata Hub,CPCB/EPR-EW/2023/WB-004,Synthetic scenario generated from material baselines and configured location/date factors,Synthetic - requires independent market verification,True,base_mid * location_factor * category_location_factor * date_factor
PRC-WE-KOL-00786,MAT-031,CABLES_WIRES,Cable,Insulated Copper Wire,Power/data cable,BIN 2026 guide,direct_range,https://joinbin.com/scrap-rate-copper-india,2026-09-05,DIRECT_RANGE,Grade and copper recovery strongly affect actual offer.,West Bengal,Kolkata,Howrah Metal Foundry Cluster / Topsia,Tier 1,2026-09-01,11:00:00,per_kg,350.0,500.0,425.0,0.97,1.0,0.995,355,410,445,335,465,90,25.4,Stable,Configured cable-market scenario: stable.,Greentech Recycling Kolkata Hub,CPCB/EPR-EW/2023/WB-004,Synthetic scenario generated from material baselines and configured location/date factors,Synthetic - requires independent market verification,True,base_mid * location_factor * category_location_factor * date_factor
PRC-WE-KOL-00787,MAT-031,CABLES_WIRES,Cable,Insulated Copper Wire,Power/data cable,BIN 2026 guide,direct_range,https://joinbin.com/scrap-rate-copper-india,2026-09-05,DIRECT_RANGE,Grade and copper recovery strongly affect actual offer.,West Bengal,Kolkata,Howrah Metal Foundry Cluster / Topsia,Tier 1,2026-09-05,10:30:00,per_kg,350.0,500.0,425.0,0.97,1.0,1.0,355,410,445,335,465,90,25.4,Stable,Configured cable-market scenario: stable.,Greentech Recycling Kolkata Hub,CPCB/EPR-EW/2023/WB-004,Synthetic scenario generated from material baselines and configured location/date factors,Synthetic - requires independent market verification,True,base_mid * location_factor * category_location_factor * date_factor
PRC-WE-KOL-00788,MAT-032,CABLES_WIRES,Cable,Copper Motor Winding Wire,Motor / fan winding,Scrapyard India,direct_range,https://www.scrapyard.co.in/copper-scrap-rates-india,2026-09-05,DIRECT_RANGE,Grade and copper recovery strongly affect actual offer.,West Bengal,Kolkata,Howrah Metal Foundry Cluster / Topsia,Tier 1,2026-09-05,10:30:00,per_kg,420.0,450.0,435.0,0.97,1.0,1.0,365,420,455,345,480,90,24.7,Stable,Configured cable-market scenario: stable.,Greentech Recycling Kolkata Hub,CPCB/EPR-EW/2023/WB-004,Synthetic scenario generated from material baselines and configured location/date factors,Synthetic - requires independent market verification,True,base_mid * location_factor * category_location_factor * date_factor
PRC-WE-KOL-00789,MAT-033,CABLES_WIRES,Cable,Copper Transformer Winding,Transformer / PSU,Scrapyard India,direct_range,https://www.scrapyard.co.in/copper-scrap-rates-india,2026-09-05,DIRECT_RANGE,Grade and copper recovery strongly affect actual offer.,West Bengal,Kolkata,Howrah Metal Foundry Cluster / Topsia,Tier 1,2026-09-05,10:30:00,per_kg,380.0,420.0,400.0,0.97,1.0,1.0,335,390,420,320,440,85,25.4,Stable,Configured cable-market scenario: stable.,Greentech Recycling Kolkata Hub,CPCB/EPR-EW/2023/WB-004,Synthetic scenario generated from material baselines and configured location/date factors,Synthetic - requires independent market verification,True,base_mid * location_factor * category_location_factor * date_factor
PRC-WE-KOL-00790,MAT-034,CABLES_WIRES,Cable,Copper Cable Scrap - High Grade,Power cable,ExportersIndia,direct_range,https://www.exportersindia.com/indian-suppliers/copper-cable-scrap.htm,2026-09-05,DIRECT_RANGE,Grade and copper recovery strongly affect actual offer.,West Bengal,Kolkata,Howrah Metal Foundry Cluster / Topsia,Tier 1,2026-09-05,10:30:00,per_kg,650.0,775.0,712.5,0.97,1.0,1.0,595,690,745,565,780,150,25.2,Stable,Configured cable-market scenario: stable.,Greentech Recycling Kolkata Hub,CPCB/EPR-EW/2023/WB-004,Synthetic scenario generated from material baselines and configured location/date factors,Synthetic - requires independent market verification,True,base_mid * location_factor * category_location_factor * date_factor
PRC-WE-KOL-00791,MAT-035,CABLES_WIRES,Cable,Mixed Low-Grade Electronic Cable,Chargers / data cables,TradeIndia + Scrapyard India,proxy_from_direct,https://www.tradeindia.com/products/icw-insulated-copper-wire-scrap-9932932.html ; https://www.scrapyard.co.in/copper-scrap-rates-india,2026-09-05,PROXY,Grade and copper recovery strongly affect actual offer.,West Bengal,Kolkata,Howrah Metal Foundry Cluster / Topsia,Tier 1,2026-09-05,10:30:00,per_kg,250.0,390.0,320.0,0.97,1.0,1.0,265,310,335,250,350,70,26.4,Stable,Configured cable-market scenario: stable.,Greentech Recycling Kolkata Hub,CPCB/EPR-EW/2023/WB-004,Synthetic scenario generated from material baselines and configured location/date factors,Synthetic - requires independent market verification,True,base_mid * location_factor * category_location_factor * date_factor
PRC-WE-KOL-00792,MAT-036,BATTERIES,Battery,Car Lead-Acid Battery,Car / automotive,ScrapTech,direct,https://scraptechindia.com/,2026-09-05,DIRECT,Battery chemistry must be known before using a specific chemistry rate.,West Bengal,Kolkata,Howrah Metal Foundry Cluster / Topsia,Tier 1,2026-07-15,11:00:00,per_kg,125.0,125.0,125.0,0.97,1.0,0.965,100,115,125,95,130,25,25.0,Stable,Configured battery-market scenario: stable.,Greentech Recycling Kolkata Hub,CPCB/EPR-EW/2023/WB-004,Synthetic scenario generated from material baselines and configured location/date factors,Synthetic - requires independent market verification,True,base_mid * location_factor * category_location_factor * date_factor
PRC-WE-KOL-00793,MAT-036,BATTERIES,Battery,Car Lead-Acid Battery,Car / automotive,ScrapTech,direct,https://scraptechindia.com/,2026-09-05,DIRECT,Battery chemistry must be known before using a specific chemistry rate.,West Bengal,Kolkata,Howrah Metal Foundry Cluster / Topsia,Tier 1,2026-08-01,11:00:00,per_kg,125.0,125.0,125.0,0.97,1.0,0.978,100,120,130,95,135,30,30.0,Stable,Configured battery-market scenario: stable.,Greentech Recycling Kolkata Hub,CPCB/EPR-EW/2023/WB-004,Synthetic scenario generated from material baselines and configured location/date factors,Synthetic - requires independent market verification,True,base_mid * location_factor * category_location_factor * date_factor
PRC-WE-KOL-00794,MAT-036,BATTERIES,Battery,Car Lead-Acid Battery,Car / automotive,ScrapTech,direct,https://scraptechindia.com/,2026-09-05,DIRECT,Battery chemistry must be known before using a specific chemistry rate.,West Bengal,Kolkata,Howrah Metal Foundry Cluster / Topsia,Tier 1,2026-08-15,11:00:00,per_kg,125.0,125.0,125.0,0.97,1.0,0.985,105,120,130,100,135,25,23.8,Stable,Configured battery-market scenario: stable.,Greentech Recycling Kolkata Hub,CPCB/EPR-EW/2023/WB-004,Synthetic scenario generated from material baselines and configured location/date factors,Synthetic - requires independent market verification,True,base_mid * location_factor * category_location_factor * date_factor
PRC-WE-KOL-00795,MAT-036,BATTERIES,Battery,Car Lead-Acid Battery,Car / automotive,ScrapTech,direct,https://scraptechindia.com/,2026-09-05,DIRECT,Battery chemistry must be known before using a specific chemistry rate.,West Bengal,Kolkata,Howrah Metal Foundry Cluster / Topsia,Tier 1,2026-09-01,11:00:00,per_kg,125.0,125.0,125.0,0.97,1.0,0.995,105,120,130,100,135,25,23.8,Stable,Configured battery-market scenario: stable.,Greentech Recycling Kolkata Hub,CPCB/EPR-EW/2023/WB-004,Synthetic scenario generated from material baselines and configured location/date factors,Synthetic - requires independent market verification,True,base_mid * location_factor * category_location_factor * date_factor
PRC-WE-KOL-00796,MAT-036,BATTERIES,Battery,Car Lead-Acid Battery,Car / automotive,ScrapTech,direct,https://scraptechindia.com/,2026-09-05,DIRECT,Battery chemistry must be known before using a specific chemistry rate.,West Bengal,Kolkata,Howrah Metal Foundry Cluster / Topsia,Tier 1,2026-09-05,10:30:00,per_kg,125.0,125.0,125.0,0.97,1.0,1.0,105,120,130,100,135,25,23.8,Stable,Configured battery-market scenario: stable.,Greentech Recycling Kolkata Hub,CPCB/EPR-EW/2023/WB-004,Synthetic scenario generated from material baselines and configured location/date factors,Synthetic - requires independent market verification,True,base_mid * location_factor * category_location_factor * date_factor
PRC-WE-KOL-00797,MAT-037,BATTERIES,Battery,Inverter Battery,Home inverter,The Kabadiwala + ScrapTech,direct_multi_source,https://www.thekabadiwala.com/scrap-rates/Bhopal ; https://scraptechindia.com/,2026-09-05,DIRECT_RANGE,Battery chemistry must be known before using a specific chemistry rate.,West Bengal,Kolkata,Howrah Metal Foundry Cluster / Topsia,Tier 1,2026-07-15,11:00:00,per_kg,80.0,110.0,95.0,0.97,1.0,0.965,76,89,96,72,100,20,26.3,Stable,Configured battery-market scenario: stable.,Greentech Recycling Kolkata Hub,CPCB/EPR-EW/2023/WB-004,Synthetic scenario generated from material baselines and configured location/date factors,Synthetic - requires independent market verification,True,base_mid * location_factor * category_location_factor * date_factor
PRC-WE-KOL-00798,MAT-037,BATTERIES,Battery,Inverter Battery,Home inverter,The Kabadiwala + ScrapTech,direct_multi_source,https://www.thekabadiwala.com/scrap-rates/Bhopal ; https://scraptechindia.com/,2026-09-05,DIRECT_RANGE,Battery chemistry must be known before using a specific chemistry rate.,West Bengal,Kolkata,Howrah Metal Foundry Cluster / Topsia,Tier 1,2026-08-01,11:00:00,per_kg,80.0,110.0,95.0,0.97,1.0,0.978,78,90,97,74,100,19,24.4,Stable,Configured battery-market scenario: stable.,Greentech Recycling Kolkata Hub,CPCB/EPR-EW/2023/WB-004,Synthetic scenario generated from material baselines and configured location/date factors,Synthetic - requires independent market verification,True,base_mid * location_factor * category_location_factor * date_factor
PRC-WE-KOL-00799,MAT-037,BATTERIES,Battery,Inverter Battery,Home inverter,The Kabadiwala + ScrapTech,direct_multi_source,https://www.thekabadiwala.com/scrap-rates/Bhopal ; https://scraptechindia.com/,2026-09-05,DIRECT_RANGE,Battery chemistry must be known before using a specific chemistry rate.,West Bengal,Kolkata,Howrah Metal Foundry Cluster / Topsia,Tier 1,2026-08-15,11:00:00,per_kg,80.0,110.0,95.0,0.97,1.0,0.985,78,91,98,74,105,20,25.6,Stable,Configured battery-market scenario: stable.,Greentech Recycling Kolkata Hub,CPCB/EPR-EW/2023/WB-004,Synthetic scenario generated from material baselines and configured location/date factors,Synthetic - requires independent market verification,True,base_mid * location_factor * category_location_factor * date_factor
PRC-WE-KOL-00800,MAT-037,BATTERIES,Battery,Inverter Battery,Home inverter,The Kabadiwala + ScrapTech,direct_multi_source,https://www.thekabadiwala.com/scrap-rates/Bhopal ; https://scraptechindia.com/,2026-09-05,DIRECT_RANGE,Battery chemistry must be known before using a specific chemistry rate.,West Bengal,Kolkata,Howrah Metal Foundry Cluster / Topsia,Tier 1,2026-09-01,11:00:00,per_kg,80.0,110.0,95.0,0.97,1.0,0.995,79,92,99,75,105,20,25.3,Stable,Configured battery-market scenario: stable.,Greentech Recycling Kolkata Hub,CPCB/EPR-EW/2023/WB-004,Synthetic scenario generated from material baselines and configured location/date factors,Synthetic - requires independent market verification,True,base_mid * location_factor * category_location_factor * date_factor
PRC-WE-KOL-00801,MAT-037,BATTERIES,Battery,Inverter Battery,Home inverter,The Kabadiwala + ScrapTech,direct_multi_source,https://www.thekabadiwala.com/scrap-rates/Bhopal ; https://scraptechindia.com/,2026-09-05,DIRECT_RANGE,Battery chemistry must be known before using a specific chemistry rate.,West Bengal,Kolkata,Howrah Metal Foundry Cluster / Topsia,Tier 1,2026-09-05,10:30:00,per_kg,80.0,110.0,95.0,0.97,1.0,1.0,79,92,100,75,105,21,26.6,Stable,Configured battery-market scenario: stable.,Greentech Recycling Kolkata Hub,CPCB/EPR-EW/2023/WB-004,Synthetic scenario generated from material baselines and configured location/date factors,Synthetic - requires independent market verification,True,base_mid * location_factor * category_location_factor * date_factor
PRC-WE-KOL-00802,MAT-038,BATTERIES,Battery,Lead-Acid Battery - Generic,UPS / backup power,ScrapTech,direct,https://scraptechindia.com/,2026-09-05,DIRECT,Battery chemistry must be known before using a specific chemistry rate.,West Bengal,Kolkata,Howrah Metal Foundry Cluster / Topsia,Tier 1,2026-09-05,10:30:00,per_kg,95.0,95.0,95.0,0.97,1.0,1.0,79,92,100,75,105,21,26.6,Stable,Configured battery-market scenario: stable.,Greentech Recycling Kolkata Hub,CPCB/EPR-EW/2023/WB-004,Synthetic scenario generated from material baselines and configured location/date factors,Synthetic - requires independent market verification,True,base_mid * location_factor * category_location_factor * date_factor
PRC-WE-KOL-00803,MAT-039,BATTERIES,Battery,Li-ion Battery - Mixed,Consumer electronics,ScrapTech,direct,https://scraptechindia.com/,2026-09-05,DIRECT,Battery chemistry must be known before using a specific chemistry rate.,West Bengal,Kolkata,Howrah Metal Foundry Cluster / Topsia,Tier 1,2026-09-05,10:30:00,per_kg,145.0,145.0,145.0,0.97,1.0,1.0,120,140,150,115,160,30,25.0,Stable,Configured battery-market scenario: stable.,Greentech Recycling Kolkata Hub,CPCB/EPR-EW/2023/WB-004,Synthetic scenario generated from material baselines and configured location/date factors,Synthetic - requires independent market verification,True,base_mid * location_factor * category_location_factor * date_factor
PRC-WE-KOL-00804,MAT-040,BATTERIES,Battery,Laptop Li-ion Battery,Laptop,MetalMandi,direct,https://www.metalmandi.in/,2026-09-05,DIRECT,Battery chemistry must be known before using a specific chemistry rate.,West Bengal,Kolkata,Howrah Metal Foundry Cluster / Topsia,Tier 1,2026-09-05,10:30:00,per_kg,298.0,298.0,298.0,0.97,1.0,1.0,250,290,310,240,325,60,24.0,Stable,Configured battery-market scenario: stable.,Greentech Recycling Kolkata Hub,CPCB/EPR-EW/2023/WB-004,Synthetic scenario generated from material baselines and configured location/date factors,Synthetic - requires independent market verification,True,base_mid * location_factor * category_location_factor * date_factor
PRC-WE-KOL-00805,MAT-041,BATTERIES,Battery,Smartphone Li-ion Battery,Smartphone,MetalMandi,direct,https://www.metalmandi.in/,2026-09-05,DIRECT,Battery chemistry must be known before using a specific chemistry rate.,West Bengal,Kolkata,Howrah Metal Foundry Cluster / Topsia,Tier 1,2026-09-05,10:30:00,per_kg,702.0,702.0,702.0,0.97,1.0,1.0,585,680,735,555,770,150,25.6,Stable,Configured battery-market scenario: stable.,Greentech Recycling Kolkata Hub,CPCB/EPR-EW/2023/WB-004,Synthetic scenario generated from material baselines and configured location/date factors,Synthetic - requires independent market verification,True,base_mid * location_factor * category_location_factor * date_factor
PRC-WE-KOL-00806,MAT-042,BATTERIES,Battery,Keypad Phone Battery,Keypad phone,MetalMandi,direct,https://www.metalmandi.in/,2026-09-05,DIRECT,Battery chemistry must be known before using a specific chemistry rate.,West Bengal,Kolkata,Howrah Metal Foundry Cluster / Topsia,Tier 1,2026-09-05,10:30:00,per_kg,347.0,347.0,347.0,0.97,1.0,1.0,290,335,365,275,385,75,25.9,Stable,Configured battery-market scenario: stable.,Greentech Recycling Kolkata Hub,CPCB/EPR-EW/2023/WB-004,Synthetic scenario generated from material baselines and configured location/date factors,Synthetic - requires independent market verification,True,base_mid * location_factor * category_location_factor * date_factor
PRC-WE-KOL-00807,MAT-043,BATTERIES,Battery,Powerbank / Earbud / Small Gadget Battery,Small electronics,MetalMandi,direct,https://www.metalmandi.in/,2026-09-05,DIRECT,Battery chemistry must be known before using a specific chemistry rate.,West Bengal,Kolkata,Howrah Metal Foundry Cluster / Topsia,Tier 1,2026-09-05,10:30:00,per_kg,273.0,273.0,273.0,0.97,1.0,1.0,230,265,285,220,300,55,23.9,Stable,Configured battery-market scenario: stable.,Greentech Recycling Kolkata Hub,CPCB/EPR-EW/2023/WB-004,Synthetic scenario generated from material baselines and configured location/date factors,Synthetic - requires independent market verification,True,base_mid * location_factor * category_location_factor * date_factor
PRC-WE-KOL-00808,MAT-044,BATTERIES,Battery,UPS / Non-Portable Li-ion Battery,UPS / stationary storage,MetalMandi,direct,https://www.metalmandi.in/,2026-09-05,DIRECT,Battery chemistry must be known before using a specific chemistry rate.,West Bengal,Kolkata,Howrah Metal Foundry Cluster / Topsia,Tier 1,2026-09-05,10:30:00,per_kg,70.0,70.0,70.0,0.97,1.0,1.0,58,68,73,55,77,15,25.9,Stable,Configured battery-market scenario: stable.,Greentech Recycling Kolkata Hub,CPCB/EPR-EW/2023/WB-004,Synthetic scenario generated from material baselines and configured location/date factors,Synthetic - requires independent market verification,True,base_mid * location_factor * category_location_factor * date_factor
PRC-WE-KOL-00809,MAT-045,MOTORS,Motor,Mixed E-waste Motor - Copper Wiring,Small appliances,Kabadiwalla Uncle + Scrap Savvy,direct_multi_source,https://www.kabadiwalla.in/cms-rates ; https://scrapsavvykabadiwala.com/scrap-rates-today-scrap-prices/,2026-09-05,DIRECT_RANGE,Motor rate varies heavily with copper content and whether dismantled.,West Bengal,Kolkata,Howrah Metal Foundry Cluster / Topsia,Tier 1,2026-09-05,10:30:00,per_kg,38.0,55.0,46.5,0.97,1.0,1.0,39,45,49,37,51,10,25.6,Stable,Configured motor-market scenario: stable.,Greentech Recycling Kolkata Hub,CPCB/EPR-EW/2023/WB-004,Synthetic scenario generated from material baselines and configured location/date factors,Synthetic - requires independent market verification,True,base_mid * location_factor * category_location_factor * date_factor
PRC-WE-KOL-00810,MAT-046,MOTORS,Motor,DC Fan Motor Scrap,DC fan / electronics cooling,ExportersIndia - Musa Traders,direct_range,https://www.exportersindia.com/musa-traders/copperscrap.htm,2026-09-05,DIRECT_RANGE,Motor rate varies heavily with copper content and whether dismantled.,West Bengal,Kolkata,Howrah Metal Foundry Cluster / Topsia,Tier 1,2026-07-15,11:00:00,per_kg,50.0,70.0,60.0,0.97,1.0,0.965,48,56,61,46,64,13,27.1,Stable,Configured motor-market scenario: stable.,Greentech Recycling Kolkata Hub,CPCB/EPR-EW/2023/WB-004,Synthetic scenario generated from material baselines and configured location/date factors,Synthetic - requires independent market verification,True,base_mid * location_factor * category_location_factor * date_factor
PRC-WE-KOL-00811,MAT-046,MOTORS,Motor,DC Fan Motor Scrap,DC fan / electronics cooling,ExportersIndia - Musa Traders,direct_range,https://www.exportersindia.com/musa-traders/copperscrap.htm,2026-09-05,DIRECT_RANGE,Motor rate varies heavily with copper content and whether dismantled.,West Bengal,Kolkata,Howrah Metal Foundry Cluster / Topsia,Tier 1,2026-08-01,11:00:00,per_kg,50.0,70.0,60.0,0.97,1.0,0.978,49,57,61,47,64,12,24.5,Stable,Configured motor-market scenario: stable.,Greentech Recycling Kolkata Hub,CPCB/EPR-EW/2023/WB-004,Synthetic scenario generated from material baselines and configured location/date factors,Synthetic - requires independent market verification,True,base_mid * location_factor * category_location_factor * date_factor
PRC-WE-KOL-00812,MAT-046,MOTORS,Motor,DC Fan Motor Scrap,DC fan / electronics cooling,ExportersIndia - Musa Traders,direct_range,https://www.exportersindia.com/musa-traders/copperscrap.htm,2026-09-05,DIRECT_RANGE,Motor rate varies heavily with copper content and whether dismantled.,West Bengal,Kolkata,Howrah Metal Foundry Cluster / Topsia,Tier 1,2026-08-15,11:00:00,per_kg,50.0,70.0,60.0,0.97,1.0,0.985,49,57,62,47,65,13,26.5,Stable,Configured motor-market scenario: stable.,Greentech Recycling Kolkata Hub,CPCB/EPR-EW/2023/WB-004,Synthetic scenario generated from material baselines and configured location/date factors,Synthetic - requires independent market verification,True,base_mid * location_factor * category_location_factor * date_factor
PRC-WE-KOL-00813,MAT-046,MOTORS,Motor,DC Fan Motor Scrap,DC fan / electronics cooling,ExportersIndia - Musa Traders,direct_range,https://www.exportersindia.com/musa-traders/copperscrap.htm,2026-09-05,DIRECT_RANGE,Motor rate varies heavily with copper content and whether dismantled.,West Bengal,Kolkata,Howrah Metal Foundry Cluster / Topsia,Tier 1,2026-09-01,11:00:00,per_kg,50.0,70.0,60.0,0.97,1.0,0.995,50,58,63,48,66,13,26.0,Stable,Configured motor-market scenario: stable.,Greentech Recycling Kolkata Hub,CPCB/EPR-EW/2023/WB-004,Synthetic scenario generated from material baselines and configured location/date factors,Synthetic - requires independent market verification,True,base_mid * location_factor * category_location_factor * date_factor
PRC-WE-KOL-00814,MAT-046,MOTORS,Motor,DC Fan Motor Scrap,DC fan / electronics cooling,ExportersIndia - Musa Traders,direct_range,https://www.exportersindia.com/musa-traders/copperscrap.htm,2026-09-05,DIRECT_RANGE,Motor rate varies heavily with copper content and whether dismantled.,West Bengal,Kolkata,Howrah Metal Foundry Cluster / Topsia,Tier 1,2026-09-05,10:30:00,per_kg,50.0,70.0,60.0,0.97,1.0,1.0,50,58,63,48,66,13,26.0,Stable,Configured motor-market scenario: stable.,Greentech Recycling Kolkata Hub,CPCB/EPR-EW/2023/WB-004,Synthetic scenario generated from material baselines and configured location/date factors,Synthetic - requires independent market verification,True,base_mid * location_factor * category_location_factor * date_factor
PRC-WE-KOL-00815,MAT-047,MOTORS,Motor,Ceiling Fan Motor Scrap,Ceiling fan,Justdial supplier listing,direct_range,https://www.justdial.com/jdmart/Ernakulam/Ceiling-Fan-Scrap/pid-2216994813/0484P484STD3000251,2026-09-05,DIRECT_RANGE,Motor rate varies heavily with copper content and whether dismantled.,West Bengal,Kolkata,Howrah Metal Foundry Cluster / Topsia,Tier 1,2026-07-15,11:00:00,per_kg,150.0,250.0,200.0,0.97,1.0,0.965,160,185,200,150,210,40,25.0,Stable,Configured motor-market scenario: stable.,Greentech Recycling Kolkata Hub,CPCB/EPR-EW/2023/WB-004,Synthetic scenario generated from material baselines and configured location/date factors,Synthetic - requires independent market verification,True,base_mid * location_factor * category_location_factor * date_factor
PRC-WE-KOL-00816,MAT-047,MOTORS,Motor,Ceiling Fan Motor Scrap,Ceiling fan,Justdial supplier listing,direct_range,https://www.justdial.com/jdmart/Ernakulam/Ceiling-Fan-Scrap/pid-2216994813/0484P484STD3000251,2026-09-05,DIRECT_RANGE,Motor rate varies heavily with copper content and whether dismantled.,West Bengal,Kolkata,Howrah Metal Foundry Cluster / Topsia,Tier 1,2026-08-01,11:00:00,per_kg,150.0,250.0,200.0,0.97,1.0,0.978,165,190,205,155,215,40,24.2,Stable,Configured motor-market scenario: stable.,Greentech Recycling Kolkata Hub,CPCB/EPR-EW/2023/WB-004,Synthetic scenario generated from material baselines and configured location/date factors,Synthetic - requires independent market verification,True,base_mid * location_factor * category_location_factor * date_factor
PRC-WE-KOL-00817,MAT-047,MOTORS,Motor,Ceiling Fan Motor Scrap,Ceiling fan,Justdial supplier listing,direct_range,https://www.justdial.com/jdmart/Ernakulam/Ceiling-Fan-Scrap/pid-2216994813/0484P484STD3000251,2026-09-05,DIRECT_RANGE,Motor rate varies heavily with copper content and whether dismantled.,West Bengal,Kolkata,Howrah Metal Foundry Cluster / Topsia,Tier 1,2026-08-15,11:00:00,per_kg,150.0,250.0,200.0,0.97,1.0,0.985,165,190,205,155,215,40,24.2,Stable,Configured motor-market scenario: stable.,Greentech Recycling Kolkata Hub,CPCB/EPR-EW/2023/WB-004,Synthetic scenario generated from material baselines and configured location/date factors,Synthetic - requires independent market verification,True,base_mid * location_factor * category_location_factor * date_factor
PRC-WE-KOL-00818,MAT-047,MOTORS,Motor,Ceiling Fan Motor Scrap,Ceiling fan,Justdial supplier listing,direct_range,https://www.justdial.com/jdmart/Ernakulam/Ceiling-Fan-Scrap/pid-2216994813/0484P484STD3000251,2026-09-05,DIRECT_RANGE,Motor rate varies heavily with copper content and whether dismantled.,West Bengal,Kolkata,Howrah Metal Foundry Cluster / Topsia,Tier 1,2026-09-01,11:00:00,per_kg,150.0,250.0,200.0,0.97,1.0,0.995,165,195,210,155,220,45,27.3,Stable,Configured motor-market scenario: stable.,Greentech Recycling Kolkata Hub,CPCB/EPR-EW/2023/WB-004,Synthetic scenario generated from material baselines and configured location/date factors,Synthetic - requires independent market verification,True,base_mid * location_factor * category_location_factor * date_factor
PRC-WE-KOL-00819,MAT-047,MOTORS,Motor,Ceiling Fan Motor Scrap,Ceiling fan,Justdial supplier listing,direct_range,https://www.justdial.com/jdmart/Ernakulam/Ceiling-Fan-Scrap/pid-2216994813/0484P484STD3000251,2026-09-05,DIRECT_RANGE,Motor rate varies heavily with copper content and whether dismantled.,West Bengal,Kolkata,Howrah Metal Foundry Cluster / Topsia,Tier 1,2026-09-05,10:30:00,per_kg,150.0,250.0,200.0,0.97,1.0,1.0,165,195,210,155,220,45,27.3,Stable,Configured motor-market scenario: stable.,Greentech Recycling Kolkata Hub,CPCB/EPR-EW/2023/WB-004,Synthetic scenario generated from material baselines and configured location/date factors,Synthetic - requires independent market verification,True,base_mid * location_factor * category_location_factor * date_factor
PRC-WE-KOL-00820,MAT-048,MOTORS,Motor,Small Appliance Motor,Mixer / pump / appliance,Kabadiwalla Uncle + Musa Traders,proxy_from_direct,https://www.kabadiwalla.in/cms-rates ; https://www.exportersindia.com/musa-traders/copperscrap.htm,2026-09-05,PROXY,Motor rate varies heavily with copper content and whether dismantled.,West Bengal,Kolkata,Howrah Metal Foundry Cluster / Topsia,Tier 1,2026-09-05,10:30:00,per_kg,38.0,70.0,54.0,0.97,1.0,1.0,45,52,57,43,60,12,26.7,Stable,Configured motor-market scenario: stable.,Greentech Recycling Kolkata Hub,CPCB/EPR-EW/2023/WB-004,Synthetic scenario generated from material baselines and configured location/date factors,Synthetic - requires independent market verification,True,base_mid * location_factor * category_location_factor * date_factor
PRC-WE-KOL-00821,MAT-049,MOTORS,Motor,Printer / Scanner Motor,Printer / scanner,Kabadiwalla Uncle + Musa Traders,proxy_from_direct,https://www.kabadiwalla.in/cms-rates ; https://www.exportersindia.com/musa-traders/copperscrap.htm,2026-09-05,PROXY,Motor rate varies heavily with copper content and whether dismantled.,West Bengal,Kolkata,Howrah Metal Foundry Cluster / Topsia,Tier 1,2026-09-05,10:30:00,per_kg,38.0,70.0,54.0,0.97,1.0,1.0,45,52,57,43,60,12,26.7,Stable,Configured motor-market scenario: stable.,Greentech Recycling Kolkata Hub,CPCB/EPR-EW/2023/WB-004,Synthetic scenario generated from material baselines and configured location/date factors,Synthetic - requires independent market verification,True,base_mid * location_factor * category_location_factor * date_factor
PRC-WE-KOL-00822,MAT-050,MOTORS,Motor,Large Copper-Wound Motor,Industrial / appliance motor,Scrap Savvy + fan-motor listing,proxy_from_direct,https://scrapsavvykabadiwala.com/scrap-rates-today-scrap-prices/ ; https://www.justdial.com/jdmart/Ernakulam/Ceiling-Fan-Scrap/pid-2216994813/0484P484STD3000251,2026-09-05,PROXY,Motor rate varies heavily with copper content and whether dismantled.,West Bengal,Kolkata,Howrah Metal Foundry Cluster / Topsia,Tier 1,2026-09-05,10:30:00,per_kg,55.0,150.0,102.5,0.97,1.0,1.0,86,99,105,82,110,19,22.1,Stable,Configured motor-market scenario: stable.,Greentech Recycling Kolkata Hub,CPCB/EPR-EW/2023/WB-004,Synthetic scenario generated from material baselines and configured location/date factors,Synthetic - requires independent market verification,True,base_mid * location_factor * category_location_factor * date_factor
PRC-WE-KOL-00823,MAT-051,PLASTICS,Mixed Plastic,ABS Plastic - Electronics Housing,Computer / appliance casing,TradeIndia,direct_range,https://www.tradeindia.com/products/abs-plastic-scraps-c1707904.html,2026-09-05,DIRECT_RANGE,Plastic resin identification materially changes value.,West Bengal,Kolkata,Howrah Metal Foundry Cluster / Topsia,Tier 1,2026-09-05,10:30:00,per_kg,30.0,40.0,35.0,0.97,1.0,1.0,29,34,37,28,39,8,27.6,Stable,Configured plastic-market scenario: stable.,Greentech Recycling Kolkata Hub,CPCB/EPR-EW/2023/WB-004,Synthetic scenario generated from material baselines and configured location/date factors,Synthetic - requires independent market verification,True,base_mid * location_factor * category_location_factor * date_factor
PRC-WE-KOL-00824,MAT-052,PLASTICS,Mixed Plastic,HDPE Plastic Scrap,Cable/accessory housings,Scrapprice India,direct,https://scrapprice.in/scrap-materials,2026-09-05,DIRECT,Plastic resin identification materially changes value.,West Bengal,Kolkata,Howrah Metal Foundry Cluster / Topsia,Tier 1,2026-09-05,10:30:00,per_kg,57.5,57.5,57.5,0.97,1.0,1.0,48,56,60,46,63,12,25.0,Stable,Configured plastic-market scenario: stable.,Greentech Recycling Kolkata Hub,CPCB/EPR-EW/2023/WB-004,Synthetic scenario generated from material baselines and configured location/date factors,Synthetic - requires independent market verification,True,base_mid * location_factor * category_location_factor * date_factor
PRC-WE-KOL-00825,MAT-053,PLASTICS,Mixed Plastic,PP Plastic Scrap,Electronics housings / parts,Scrapprice India,direct,https://scrapprice.in/scrap-materials,2026-09-05,DIRECT,Plastic resin identification materially changes value.,West Bengal,Kolkata,Howrah Metal Foundry Cluster / Topsia,Tier 1,2026-09-05,10:30:00,per_kg,77.83,77.83,77.83,0.97,1.0,1.0,65,75,82,62,86,17,26.2,Stable,Configured plastic-market scenario: stable.,Greentech Recycling Kolkata Hub,CPCB/EPR-EW/2023/WB-004,Synthetic scenario generated from material baselines and configured location/date factors,Synthetic - requires independent market verification,True,base_mid * location_factor * category_location_factor * date_factor
PRC-WE-KOL-00826,MAT-054,PLASTICS,Mixed Plastic,LDPE Plastic Scrap,Flexible electronic packaging / insulation,Scrapprice India,direct,https://scrapprice.in/scrap-materials,2026-09-05,DIRECT,Plastic resin identification materially changes value.,West Bengal,Kolkata,Howrah Metal Foundry Cluster / Topsia,Tier 1,2026-09-05,10:30:00,per_kg,83.0,83.0,83.0,0.97,1.0,1.0,69,81,87,66,91,18,26.1,Stable,Configured plastic-market scenario: stable.,Greentech Recycling Kolkata Hub,CPCB/EPR-EW/2023/WB-004,Synthetic scenario generated from material baselines and configured location/date factors,Synthetic - requires independent market verification,True,base_mid * location_factor * category_location_factor * date_factor
PRC-WE-KOL-00827,MAT-055,PLASTICS,Mixed Plastic,PVC Plastic Scrap,Cable insulation / housings,Scrapprice India,direct,https://scrapprice.in/scrap-materials,2026-09-05,DIRECT,Plastic resin identification materially changes value.,West Bengal,Kolkata,Howrah Metal Foundry Cluster / Topsia,Tier 1,2026-09-05,10:30:00,per_kg,22.2,22.2,22.2,0.97,1.0,1.0,18.5,22,23,17.6,24,4.5,24.3,Stable,Configured plastic-market scenario: stable.,Greentech Recycling Kolkata Hub,CPCB/EPR-EW/2023/WB-004,Synthetic scenario generated from material baselines and configured location/date factors,Synthetic - requires independent market verification,True,base_mid * location_factor * category_location_factor * date_factor
PRC-WE-KOL-00828,MAT-056,PLASTICS,Mixed Plastic,PET Plastic Scrap,Packaging / accessory plastics,Scrapprice India,direct,https://scrapprice.in/scrap-materials,2026-09-05,DIRECT,Plastic resin identification materially changes value.,West Bengal,Kolkata,Howrah Metal Foundry Cluster / Topsia,Tier 1,2026-09-05,10:30:00,per_kg,33.5,33.5,33.5,0.97,1.0,1.0,28,32,35,27,37,7,25.0,Stable,Configured plastic-market scenario: stable.,Greentech Recycling Kolkata Hub,CPCB/EPR-EW/2023/WB-004,Synthetic scenario generated from material baselines and configured location/date factors,Synthetic - requires independent market verification,True,base_mid * location_factor * category_location_factor * date_factor
PRC-WE-KOL-00829,MAT-057,PLASTICS,Mixed Plastic,Mixed Plastic - E-waste,Mixed electronic plastic,The Kabadiwala + Scrapprice India,direct_multi_source,https://www.thekabadiwala.com/scrap-rates/Bhopal ; https://scrapprice.in/scrap-materials,2026-09-05,DIRECT_RANGE,Plastic resin identification materially changes value.,West Bengal,Kolkata,Howrah Metal Foundry Cluster / Topsia,Tier 1,2026-09-05,10:30:00,per_kg,12.0,57.29,34.64,0.97,1.0,1.0,29,34,36,28,38,7,24.1,Stable,Configured plastic-market scenario: stable.,Greentech Recycling Kolkata Hub,CPCB/EPR-EW/2023/WB-004,Synthetic scenario generated from material baselines and configured location/date factors,Synthetic - requires independent market verification,True,base_mid * location_factor * category_location_factor * date_factor
PRC-WE-KOL-00830,MAT-058,MOBILE_TABLETS,Mobile Phone,Keypad Phone - Complete,Keypad phone,Scrap Savvy + Kabadiwala Online,direct_multi_source,https://scrapsavvykabadiwala.com/scrap-rates-today-scrap-prices/ ; https://kabadiwalaonline.com/secrap-rates/,2026-09-05,DIRECT_RANGE,"Complete-device pickup prices depend heavily on model, storage, condition and lock status.",West Bengal,Kolkata,Howrah Metal Foundry Cluster / Topsia,Tier 1,2026-09-05,10:30:00,per_piece,10.0,20.0,15.0,0.97,1.0,1.0,12.5,14.5,15.7,11.9,16.5,3.2,25.6,Stable,Configured synthetic market scenario.,Greentech Recycling Kolkata Hub,CPCB/EPR-EW/2023/WB-004,Synthetic scenario generated from material baselines and configured location/date factors,Synthetic - requires independent market verification,True,base_mid * location_factor * category_location_factor * date_factor
PRC-WE-KOL-00831,MAT-059,MOBILE_TABLETS,Mobile Phone,Smartphone - Generic Complete,Smartphone,Scrap Savvy + Kabadiwala Online,direct_multi_source,https://scrapsavvykabadiwala.com/scrap-rates-today-scrap-prices/ ; https://kabadiwalaonline.com/secrap-rates/,2026-09-05,DIRECT_RANGE,"Complete-device pickup prices depend heavily on model, storage, condition and lock status.",West Bengal,Kolkata,Howrah Metal Foundry Cluster / Topsia,Tier 1,2026-09-05,10:30:00,per_piece,20.0,60.0,40.0,0.97,1.0,1.0,33,39,42,31,44,9,27.3,Stable,Configured synthetic market scenario.,Greentech Recycling Kolkata Hub,CPCB/EPR-EW/2023/WB-004,Synthetic scenario generated from material baselines and configured location/date factors,Synthetic - requires independent market verification,True,base_mid * location_factor * category_location_factor * date_factor
PRC-WE-KOL-00832,MAT-060,MOBILE_TABLETS,Mobile Phone,Tablet - Generic Complete,Tablet,Kabadiwalla Uncle + Kabadiwala Online,direct_multi_source,https://www.kabadiwalla.in/cms-rates ; https://kabadiwalaonline.com/secrap-rates/,2026-09-05,DIRECT_RANGE,"Complete-device pickup prices depend heavily on model, storage, condition and lock status.",West Bengal,Kolkata,Howrah Metal Foundry Cluster / Topsia,Tier 1,2026-09-05,10:30:00,per_piece,30.0,60.0,45.0,0.97,1.0,1.0,38,44,47,36,49,9,23.7,Stable,Configured synthetic market scenario.,Greentech Recycling Kolkata Hub,CPCB/EPR-EW/2023/WB-004,Synthetic scenario generated from material baselines and configured location/date factors,Synthetic - requires independent market verification,True,base_mid * location_factor * category_location_factor * date_factor
PRC-WE-KOL-00833,MAT-061,MOBILE_TABLETS,Mobile Phone,Android Smartphone - 16GB,Smartphone,Scrap Mitra,direct,https://scrapmitra.com/,2026-09-05,DIRECT,"Complete-device pickup prices depend heavily on model, storage, condition and lock status.",West Bengal,Kolkata,Howrah Metal Foundry Cluster / Topsia,Tier 1,2026-09-05,10:30:00,per_piece,200.0,200.0,200.0,0.97,1.0,1.0,165,195,210,155,220,45,27.3,Stable,Configured synthetic market scenario.,Greentech Recycling Kolkata Hub,CPCB/EPR-EW/2023/WB-004,Synthetic scenario generated from material baselines and configured location/date factors,Synthetic - requires independent market verification,True,base_mid * location_factor * category_location_factor * date_factor
PRC-WE-KOL-00834,MAT-062,MOBILE_TABLETS,Mobile Phone,Android Smartphone - 32GB,Smartphone,Scrap Mitra,direct,https://scrapmitra.com/,2026-09-05,DIRECT,"Complete-device pickup prices depend heavily on model, storage, condition and lock status.",West Bengal,Kolkata,Howrah Metal Foundry Cluster / Topsia,Tier 1,2026-09-05,10:30:00,per_piece,400.0,400.0,400.0,0.97,1.0,1.0,335,390,420,320,440,85,25.4,Stable,Configured synthetic market scenario.,Greentech Recycling Kolkata Hub,CPCB/EPR-EW/2023/WB-004,Synthetic scenario generated from material baselines and configured location/date factors,Synthetic - requires independent market verification,True,base_mid * location_factor * category_location_factor * date_factor
PRC-WE-KOL-00835,MAT-063,MOBILE_TABLETS,Mobile Phone,Android Smartphone - 64GB,Smartphone,Scrap Mitra,direct,https://scrapmitra.com/,2026-09-05,DIRECT,"Complete-device pickup prices depend heavily on model, storage, condition and lock status.",West Bengal,Kolkata,Howrah Metal Foundry Cluster / Topsia,Tier 1,2026-09-05,10:30:00,per_piece,650.0,650.0,650.0,0.97,1.0,1.0,540,630,680,515,715,140,25.9,Stable,Configured synthetic market scenario.,Greentech Recycling Kolkata Hub,CPCB/EPR-EW/2023/WB-004,Synthetic scenario generated from material baselines and configured location/date factors,Synthetic - requires independent market verification,True,base_mid * location_factor * category_location_factor * date_factor
PRC-WE-KOL-00836,MAT-064,MOBILE_TABLETS,Mobile Phone,Android Smartphone - 128GB,Smartphone,Scrap Mitra,direct,https://scrapmitra.com/,2026-09-05,DIRECT,"Complete-device pickup prices depend heavily on model, storage, condition and lock status.",West Bengal,Kolkata,Howrah Metal Foundry Cluster / Topsia,Tier 1,2026-09-05,10:30:00,per_piece,1000.0,1000.0,1000.0,0.97,1.0,1.0,835,970,1050,795,1100,215,25.7,Stable,Configured synthetic market scenario.,Greentech Recycling Kolkata Hub,CPCB/EPR-EW/2023/WB-004,Synthetic scenario generated from material baselines and configured location/date factors,Synthetic - requires independent market verification,True,base_mid * location_factor * category_location_factor * date_factor
PRC-WE-KOL-00837,MAT-065,MOBILE_TABLETS,Mobile Phone,Android Smartphone - 256GB,Smartphone,Scrap Mitra,direct,https://scrapmitra.com/,2026-09-05,DIRECT,"Complete-device pickup prices depend heavily on model, storage, condition and lock status.",West Bengal,Kolkata,Howrah Metal Foundry Cluster / Topsia,Tier 1,2026-09-05,10:30:00,per_piece,2300.0,2300.0,2300.0,0.97,1.0,1.0,1900,2250,2400,1800,2500,500,26.3,Stable,Configured synthetic market scenario.,Greentech Recycling Kolkata Hub,CPCB/EPR-EW/2023/WB-004,Synthetic scenario generated from material baselines and configured location/date factors,Synthetic - requires independent market verification,True,base_mid * location_factor * category_location_factor * date_factor
PRC-UT-LUC-00838,MAT-001,CRT,CRT,CRT Monitor - Standard,Desktop computer,Scrappbazaar + Scrap Savvy,direct_multi_source,https://www.scrappbazaar.com/rates ; https://scrapsavvykabadiwala.com/scrap-rates-today-scrap-prices/,2026-09-05,DIRECT_RANGE,Current pickup listings show ~₹150-180/piece.,Uttar Pradesh,Lucknow,Transport Nagar / Talkatora Industrial Area,Tier 2,2026-09-05,10:30:00,per_piece,150.0,180.0,165.0,0.95,1.0,1.0,135,155,170,130,180,35,25.9,Softening,Configured CRT-market scenario: softening.,Karo Sambhav UP Aggregation Partner,CPCB/EPR-EW/2023/UP-011,Synthetic scenario generated from material baselines and configured location/date factors,Synthetic - requires independent market verification,True,base_mid * location_factor * category_location_factor * date_factor
PRC-UT-LUC-00839,MAT-002,CRT,CRT,CRT TV - Standard,Television,Scrappbazaar + Scrap Savvy,direct_multi_source,https://www.scrappbazaar.com/rates ; https://scrapsavvykabadiwala.com/scrap-rates-today-scrap-prices/,2026-09-05,DIRECT_RANGE,Current listings show ~₹150-200/piece.,Uttar Pradesh,Lucknow,Transport Nagar / Talkatora Industrial Area,Tier 2,2026-09-05,10:30:00,per_piece,150.0,200.0,175.0,0.95,1.0,1.0,145,165,180,140,190,35,24.1,Softening,Configured CRT-market scenario: softening.,Karo Sambhav UP Aggregation Partner,CPCB/EPR-EW/2023/UP-011,Synthetic scenario generated from material baselines and configured location/date factors,Synthetic - requires independent market verification,True,base_mid * location_factor * category_location_factor * date_factor
PRC-UT-LUC-00840,MAT-003,CRT,CRT,CRT TV - Small 14-17 inch,Television,The Kabadiwala + Kabadiwala Online,proxy_from_direct,https://www.thekabadiwala.com/scrap-rates/Bhopal ; https://kabadiwalaonline.com/secrap-rates/,2026-09-05,PROXY,Size-specific value inferred from current CRT TV/monitor pickup rates.,Uttar Pradesh,Lucknow,Transport Nagar / Talkatora Industrial Area,Tier 2,2026-09-05,10:30:00,per_piece,100.0,160.0,130.0,0.95,1.0,1.0,105,125,135,100,140,30,28.6,Softening,Configured CRT-market scenario: softening.,Karo Sambhav UP Aggregation Partner,CPCB/EPR-EW/2023/UP-011,Synthetic scenario generated from material baselines and configured location/date factors,Synthetic - requires independent market verification,True,base_mid * location_factor * category_location_factor * date_factor
PRC-UT-LUC-00841,MAT-004,CRT,CRT,CRT Monitor - 17 inch,Desktop computer,Kabadiwala Online + Scrap Savvy,direct_multi_source,https://kabadiwalaonline.com/secrap-rates/ ; https://scrapsavvykabadiwala.com/scrap-rates-today-scrap-prices/,2026-09-05,DIRECT_RANGE,Standard CRT monitor rate.,Uttar Pradesh,Lucknow,Transport Nagar / Talkatora Industrial Area,Tier 2,2026-09-05,10:30:00,per_piece,150.0,180.0,165.0,0.95,1.0,1.0,135,155,170,130,180,35,25.9,Softening,Configured CRT-market scenario: softening.,Karo Sambhav UP Aggregation Partner,CPCB/EPR-EW/2023/UP-011,Synthetic scenario generated from material baselines and configured location/date factors,Synthetic - requires independent market verification,True,base_mid * location_factor * category_location_factor * date_factor
PRC-UT-LUC-00842,MAT-005,CRT,CRT,CRT TV - Large 21 inch+,Television,Scrappbazaar + Kabadiwalla Uncle,proxy_from_direct,https://www.scrappbazaar.com/rates ; https://www.kabadiwalla.in/cms-rates,2026-09-05,PROXY,Large-size premium is a conservative proxy around current CRT TV listings.,Uttar Pradesh,Lucknow,Transport Nagar / Talkatora Industrial Area,Tier 2,2026-09-05,10:30:00,per_piece,160.0,220.0,190.0,0.95,1.0,1.0,155,180,195,145,205,40,25.8,Softening,Configured CRT-market scenario: softening.,Karo Sambhav UP Aggregation Partner,CPCB/EPR-EW/2023/UP-011,Synthetic scenario generated from material baselines and configured location/date factors,Synthetic - requires independent market verification,True,base_mid * location_factor * category_location_factor * date_factor
PRC-UT-LUC-00843,MAT-006,LCD_LED,LCD Panel,LCD Monitor,Desktop computer,Kabadiwalla Uncle + Kabadiwala Online,direct_multi_source,https://www.kabadiwalla.in/cms-rates ; https://kabadiwalaonline.com/secrap-rates/,2026-09-05,DIRECT_RANGE,Current LCD monitor listings: ₹25-30/kg.,Uttar Pradesh,Lucknow,Transport Nagar / Talkatora Industrial Area,Tier 2,2026-09-05,10:30:00,per_kg,25.0,30.0,27.5,0.95,1.0,1.0,22,26,28,21,29,6,27.3,Softening,Configured LCD/LED-market scenario: softening.,Karo Sambhav UP Aggregation Partner,CPCB/EPR-EW/2023/UP-011,Synthetic scenario generated from material baselines and configured location/date factors,Synthetic - requires independent market verification,True,base_mid * location_factor * category_location_factor * date_factor
PRC-UT-LUC-00844,MAT-007,LCD_LED,LCD Panel,TFT Monitor,Desktop computer,Scrap Savvy,direct,https://scrapsavvykabadiwala.com/scrap-rates-today-scrap-prices/,2026-09-05,DIRECT,Quoted ₹30/kg.,Uttar Pradesh,Lucknow,Transport Nagar / Talkatora Industrial Area,Tier 2,2026-09-05,10:30:00,per_kg,30.0,30.0,30.0,0.95,1.0,1.0,25,28,31,24,33,6,24.0,Softening,Configured LCD/LED-market scenario: softening.,Karo Sambhav UP Aggregation Partner,CPCB/EPR-EW/2023/UP-011,Synthetic scenario generated from material baselines and configured location/date factors,Synthetic - requires independent market verification,True,base_mid * location_factor * category_location_factor * date_factor
PRC-UT-LUC-00845,MAT-008,LCD_LED,LCD Panel,LCD TV Panel / Assembly,Television,Kabadiwala Online + MetalMandi,direct_multi_source,https://kabadiwalaonline.com/secrap-rates/ ; https://www.metalmandi.in/,2026-09-05,DIRECT_RANGE,LCD display quotes cluster around ₹20-30/kg.,Uttar Pradesh,Lucknow,Transport Nagar / Talkatora Industrial Area,Tier 2,2026-09-05,10:30:00,per_kg,20.0,30.0,25.0,0.95,1.0,1.0,20,24,26,19,27,6,30.0,Softening,Configured LCD/LED-market scenario: softening.,Karo Sambhav UP Aggregation Partner,CPCB/EPR-EW/2023/UP-011,Synthetic scenario generated from material baselines and configured location/date factors,Synthetic - requires independent market verification,True,base_mid * location_factor * category_location_factor * date_factor
PRC-UT-LUC-00846,MAT-009,LCD_LED,LCD Panel,LED TV Panel / Assembly,Television,Scrappbazaar + MetalMandi,direct_multi_source,https://www.scrappbazaar.com/rates ; https://www.metalmandi.in/,2026-09-05,DIRECT_RANGE,Current LED/LCD listings around ₹20-22/kg.,Uttar Pradesh,Lucknow,Transport Nagar / Talkatora Industrial Area,Tier 2,2026-09-05,10:30:00,per_kg,20.0,22.0,21.0,0.95,1.0,1.0,17.2,19.9,22,16.3,23,4.8,27.9,Softening,Configured LCD/LED-market scenario: softening.,Karo Sambhav UP Aggregation Partner,CPCB/EPR-EW/2023/UP-011,Synthetic scenario generated from material baselines and configured location/date factors,Synthetic - requires independent market verification,True,base_mid * location_factor * category_location_factor * date_factor
PRC-UT-LUC-00847,MAT-010,LCD_LED,LCD Panel,Broken LCD/LED Display Lot,TV / monitor,Scrap Savvy + Scrappbazaar,proxy_from_direct,https://scrapsavvykabadiwala.com/scrap-rates-today-scrap-prices/ ; https://www.scrappbazaar.com/rates,2026-09-05,PROXY,Lower-end proxy for broken mixed display assemblies.,Uttar Pradesh,Lucknow,Transport Nagar / Talkatora Industrial Area,Tier 2,2026-09-05,10:30:00,per_kg,18.0,25.0,21.5,0.95,1.0,1.0,17.6,20,22,16.7,23,4.4,25.0,Softening,Configured LCD/LED-market scenario: softening.,Karo Sambhav UP Aggregation Partner,CPCB/EPR-EW/2023/UP-011,Synthetic scenario generated from material baselines and configured location/date factors,Synthetic - requires independent market verification,True,base_mid * location_factor * category_location_factor * date_factor
PRC-UT-LUC-00848,MAT-011,LCD_LED,LCD Panel,LCD/LED Display - Mixed Scrap,TV / monitor,Kabadiwala Online + Kabadiwalla Uncle,direct_multi_source,https://kabadiwalaonline.com/secrap-rates/ ; https://www.kabadiwalla.in/cms-rates,2026-09-05,DIRECT_RANGE,Generic mixed display baseline.,Uttar Pradesh,Lucknow,Transport Nagar / Talkatora Industrial Area,Tier 2,2026-09-05,10:30:00,per_kg,20.0,30.0,25.0,0.95,1.0,1.0,20,24,26,19,27,6,30.0,Softening,Configured LCD/LED-market scenario: softening.,Karo Sambhav UP Aggregation Partner,CPCB/EPR-EW/2023/UP-011,Synthetic scenario generated from material baselines and configured location/date factors,Synthetic - requires independent market verification,True,base_mid * location_factor * category_location_factor * date_factor
PRC-UT-LUC-00849,MAT-012,PCB,PCB,Laptop PCB - China Chip,Laptop,MetalMandi,direct,https://www.metalmandi.in/,2026-09-05,DIRECT,"Current MetalMandi grade listing; use as a benchmark, not a guaranteed pickup quote.",Uttar Pradesh,Lucknow,Transport Nagar / Talkatora Industrial Area,Tier 2,2026-09-05,10:30:00,per_kg,720.0,720.0,720.0,0.95,1.0,1.0,590,685,740,560,775,150,25.4,Softening,Configured PCB-market scenario: softening.,Karo Sambhav UP Aggregation Partner,CPCB/EPR-EW/2023/UP-011,Synthetic scenario generated from material baselines and configured location/date factors,Synthetic - requires independent market verification,True,base_mid * location_factor * category_location_factor * date_factor
PRC-UT-LUC-00850,MAT-013,PCB,PCB,Laptop PCB - VGA Chip,Laptop,MetalMandi,direct,https://www.metalmandi.in/,2026-09-05,DIRECT,"Current MetalMandi grade listing; use as a benchmark, not a guaranteed pickup quote.",Uttar Pradesh,Lucknow,Transport Nagar / Talkatora Industrial Area,Tier 2,2026-09-05,10:30:00,per_kg,810.0,810.0,810.0,0.95,1.0,1.0,660,770,830,625,870,170,25.8,Softening,Configured PCB-market scenario: softening.,Karo Sambhav UP Aggregation Partner,CPCB/EPR-EW/2023/UP-011,Synthetic scenario generated from material baselines and configured location/date factors,Synthetic - requires independent market verification,True,base_mid * location_factor * category_location_factor * date_factor
PRC-UT-LUC-00851,MAT-014,PCB,PCB,Laptop PCB - Server Board,Laptop / server,MetalMandi,direct,https://www.metalmandi.in/,2026-09-05,DIRECT,"Current MetalMandi grade listing; use as a benchmark, not a guaranteed pickup quote.",Uttar Pradesh,Lucknow,Transport Nagar / Talkatora Industrial Area,Tier 2,2026-09-05,10:30:00,per_kg,1800.0,1800.0,1800.0,0.95,1.0,1.0,1450,1700,1850,1400,1950,400,27.6,Softening,Configured PCB-market scenario: softening.,Karo Sambhav UP Aggregation Partner,CPCB/EPR-EW/2023/UP-011,Synthetic scenario generated from material baselines and configured location/date factors,Synthetic - requires independent market verification,True,base_mid * location_factor * category_location_factor * date_factor
PRC-UT-LUC-00852,MAT-015,PCB,PCB,Desktop PCB - China Chip,Desktop PC,MetalMandi,direct,https://www.metalmandi.in/,2026-09-05,DIRECT,"Current MetalMandi grade listing; use as a benchmark, not a guaranteed pickup quote.",Uttar Pradesh,Lucknow,Transport Nagar / Talkatora Industrial Area,Tier 2,2026-09-05,10:30:00,per_kg,180.0,180.0,180.0,0.95,1.0,1.0,145,170,185,140,195,40,27.6,Softening,Configured PCB-market scenario: softening.,Karo Sambhav UP Aggregation Partner,CPCB/EPR-EW/2023/UP-011,Synthetic scenario generated from material baselines and configured location/date factors,Synthetic - requires independent market verification,True,base_mid * location_factor * category_location_factor * date_factor
PRC-UT-LUC-00853,MAT-016,PCB,PCB,Desktop PCB - Single Chip,Desktop PC,MetalMandi,direct,https://www.metalmandi.in/,2026-09-05,DIRECT,"Current MetalMandi grade listing; use as a benchmark, not a guaranteed pickup quote.",Uttar Pradesh,Lucknow,Transport Nagar / Talkatora Industrial Area,Tier 2,2026-09-05,10:30:00,per_kg,675.0,675.0,675.0,0.95,1.0,1.0,550,640,695,520,730,145,26.4,Softening,Configured PCB-market scenario: softening.,Karo Sambhav UP Aggregation Partner,CPCB/EPR-EW/2023/UP-011,Synthetic scenario generated from material baselines and configured location/date factors,Synthetic - requires independent market verification,True,base_mid * location_factor * category_location_factor * date_factor
PRC-UT-LUC-00854,MAT-017,PCB,PCB,Desktop PCB - Double Chip,Desktop PC,MetalMandi,direct,https://www.metalmandi.in/,2026-09-05,DIRECT,"Current MetalMandi grade listing; use as a benchmark, not a guaranteed pickup quote.",Uttar Pradesh,Lucknow,Transport Nagar / Talkatora Industrial Area,Tier 2,2026-09-05,10:30:00,per_kg,1125.0,1125.0,1125.0,0.95,1.0,1.0,920,1050,1150,875,1200,230,25.0,Softening,Configured PCB-market scenario: softening.,Karo Sambhav UP Aggregation Partner,CPCB/EPR-EW/2023/UP-011,Synthetic scenario generated from material baselines and configured location/date factors,Synthetic - requires independent market verification,True,base_mid * location_factor * category_location_factor * date_factor
PRC-UT-LUC-00855,MAT-018,PCB,PCB,Set-top Box PCB - China Chip,Set-top box,MetalMandi,direct,https://www.metalmandi.in/,2026-09-05,DIRECT,"Current MetalMandi grade listing; use as a benchmark, not a guaranteed pickup quote.",Uttar Pradesh,Lucknow,Transport Nagar / Talkatora Industrial Area,Tier 2,2026-09-05,10:30:00,per_kg,126.0,126.0,126.0,0.95,1.0,1.0,105,120,130,100,135,25,23.8,Softening,Configured PCB-market scenario: softening.,Karo Sambhav UP Aggregation Partner,CPCB/EPR-EW/2023/UP-011,Synthetic scenario generated from material baselines and configured location/date factors,Synthetic - requires independent market verification,True,base_mid * location_factor * category_location_factor * date_factor
PRC-UT-LUC-00856,MAT-019,PCB,PCB,Set-top Box PCB - Black Chip,Set-top box,MetalMandi,direct,https://www.metalmandi.in/,2026-09-05,DIRECT,"Current MetalMandi grade listing; use as a benchmark, not a guaranteed pickup quote.",Uttar Pradesh,Lucknow,Transport Nagar / Talkatora Industrial Area,Tier 2,2026-09-05,10:30:00,per_kg,189.0,189.0,189.0,0.95,1.0,1.0,155,180,195,145,205,40,25.8,Softening,Configured PCB-market scenario: softening.,Karo Sambhav UP Aggregation Partner,CPCB/EPR-EW/2023/UP-011,Synthetic scenario generated from material baselines and configured location/date factors,Synthetic - requires independent market verification,True,base_mid * location_factor * category_location_factor * date_factor
PRC-UT-LUC-00857,MAT-020,PCB,PCB,Set-top Box PCB - VGA Chip,Set-top box,MetalMandi,direct,https://www.metalmandi.in/,2026-09-05,DIRECT,"Current MetalMandi grade listing; use as a benchmark, not a guaranteed pickup quote.",Uttar Pradesh,Lucknow,Transport Nagar / Talkatora Industrial Area,Tier 2,2026-09-05,10:30:00,per_kg,252.0,252.0,252.0,0.95,1.0,1.0,205,240,260,195,275,55,26.8,Softening,Configured PCB-market scenario: softening.,Karo Sambhav UP Aggregation Partner,CPCB/EPR-EW/2023/UP-011,Synthetic scenario generated from material baselines and configured location/date factors,Synthetic - requires independent market verification,True,base_mid * location_factor * category_location_factor * date_factor
PRC-UT-LUC-00858,MAT-021,PCB,PCB,Set-top Box PCB - Combo Chip,Set-top box,MetalMandi,direct,https://www.metalmandi.in/,2026-09-05,DIRECT,"Current MetalMandi grade listing; use as a benchmark, not a guaranteed pickup quote.",Uttar Pradesh,Lucknow,Transport Nagar / Talkatora Industrial Area,Tier 2,2026-09-05,10:30:00,per_kg,315.0,315.0,315.0,0.95,1.0,1.0,255,300,325,240,340,70,27.5,Softening,Configured PCB-market scenario: softening.,Karo Sambhav UP Aggregation Partner,CPCB/EPR-EW/2023/UP-011,Synthetic scenario generated from material baselines and configured location/date factors,Synthetic - requires independent market verification,True,base_mid * location_factor * category_location_factor * date_factor
PRC-UT-LUC-00859,MAT-022,PCB,PCB,Keypad Phone PCB - Branded,Keypad phone,MetalMandi,direct,https://www.metalmandi.in/,2026-09-05,DIRECT,"Current MetalMandi grade listing; use as a benchmark, not a guaranteed pickup quote.",Uttar Pradesh,Lucknow,Transport Nagar / Talkatora Industrial Area,Tier 2,2026-09-05,10:30:00,per_kg,113.0,113.0,113.0,0.95,1.0,1.0,92,105,115,87,120,23,25.0,Softening,Configured PCB-market scenario: softening.,Karo Sambhav UP Aggregation Partner,CPCB/EPR-EW/2023/UP-011,Synthetic scenario generated from material baselines and configured location/date factors,Synthetic - requires independent market verification,True,base_mid * location_factor * category_location_factor * date_factor
PRC-UT-LUC-00860,MAT-023,PCB,PCB,Keypad Phone PCB - China,Keypad phone,MetalMandi,direct,https://www.metalmandi.in/,2026-09-05,DIRECT,"Current MetalMandi grade listing; use as a benchmark, not a guaranteed pickup quote.",Uttar Pradesh,Lucknow,Transport Nagar / Talkatora Industrial Area,Tier 2,2026-09-05,10:30:00,per_kg,38.0,38.0,38.0,0.95,1.0,1.0,31,36,39,29,41,8,25.8,Softening,Configured PCB-market scenario: softening.,Karo Sambhav UP Aggregation Partner,CPCB/EPR-EW/2023/UP-011,Synthetic scenario generated from material baselines and configured location/date factors,Synthetic - requires independent market verification,True,base_mid * location_factor * category_location_factor * date_factor
PRC-UT-LUC-00861,MAT-024,PCB,PCB,Smartphone PCB - 8GB Grade,Smartphone,MetalMandi,direct,https://www.metalmandi.in/,2026-09-05,DIRECT,"Current MetalMandi grade listing; use as a benchmark, not a guaranteed pickup quote.",Uttar Pradesh,Lucknow,Transport Nagar / Talkatora Industrial Area,Tier 2,2026-09-05,10:30:00,per_kg,420.0,420.0,420.0,0.95,1.0,1.0,345,400,430,330,450,85,24.6,Softening,Configured PCB-market scenario: softening.,Karo Sambhav UP Aggregation Partner,CPCB/EPR-EW/2023/UP-011,Synthetic scenario generated from material baselines and configured location/date factors,Synthetic - requires independent market verification,True,base_mid * location_factor * category_location_factor * date_factor
PRC-UT-LUC-00862,MAT-025,PCB,PCB,Smartphone PCB - 128GB Grade,Smartphone,MetalMandi,direct,https://www.metalmandi.in/,2026-09-05,DIRECT,"Current MetalMandi grade listing; use as a benchmark, not a guaranteed pickup quote.",Uttar Pradesh,Lucknow,Transport Nagar / Talkatora Industrial Area,Tier 2,2026-09-05,10:30:00,per_kg,1260.0,1260.0,1260.0,0.95,1.0,1.0,1050,1200,1300,1000,1350,250,23.8,Softening,Configured PCB-market scenario: softening.,Karo Sambhav UP Aggregation Partner,CPCB/EPR-EW/2023/UP-011,Synthetic scenario generated from material baselines and configured location/date factors,Synthetic - requires independent market verification,True,base_mid * location_factor * category_location_factor * date_factor
PRC-UT-LUC-00863,MAT-026,PCB,PCB,Smartphone PCB - 256GB Grade,Smartphone,MetalMandi,direct,https://www.metalmandi.in/,2026-09-05,DIRECT,"Current MetalMandi grade listing; use as a benchmark, not a guaranteed pickup quote.",Uttar Pradesh,Lucknow,Transport Nagar / Talkatora Industrial Area,Tier 2,2026-09-05,10:30:00,per_kg,1960.0,1960.0,1960.0,0.95,1.0,1.0,1600,1850,2000,1500,2100,400,25.0,Softening,Configured PCB-market scenario: softening.,Karo Sambhav UP Aggregation Partner,CPCB/EPR-EW/2023/UP-011,Synthetic scenario generated from material baselines and configured location/date factors,Synthetic - requires independent market verification,True,base_mid * location_factor * category_location_factor * date_factor
PRC-UT-LUC-00864,MAT-027,PCB,PCB,Mixed Motherboard Scrap,Desktop / laptop,TradeIndia Ghaziabad listings,direct_range,https://www.tradeindia.com/ghaziabad/motherboard-scrap-city-193475.html,2026-09-05,DIRECT_RANGE,Current listings show roughly ₹360-500/kg for motherboard scrap.,Uttar Pradesh,Lucknow,Transport Nagar / Talkatora Industrial Area,Tier 2,2026-07-15,11:00:00,per_kg,360.0,500.0,430.0,0.95,1.0,0.965,340,395,425,325,445,85,25.0,Softening,Configured PCB-market scenario: softening.,Karo Sambhav UP Aggregation Partner,CPCB/EPR-EW/2023/UP-011,Synthetic scenario generated from material baselines and configured location/date factors,Synthetic - requires independent market verification,True,base_mid * location_factor * category_location_factor * date_factor
PRC-UT-LUC-00865,MAT-027,PCB,PCB,Mixed Motherboard Scrap,Desktop / laptop,TradeIndia Ghaziabad listings,direct_range,https://www.tradeindia.com/ghaziabad/motherboard-scrap-city-193475.html,2026-09-05,DIRECT_RANGE,Current listings show roughly ₹360-500/kg for motherboard scrap.,Uttar Pradesh,Lucknow,Transport Nagar / Talkatora Industrial Area,Tier 2,2026-08-01,11:00:00,per_kg,360.0,500.0,430.0,0.95,1.0,0.978,345,400,430,330,450,85,24.6,Softening,Configured PCB-market scenario: softening.,Karo Sambhav UP Aggregation Partner,CPCB/EPR-EW/2023/UP-011,Synthetic scenario generated from material baselines and configured location/date factors,Synthetic - requires independent market verification,True,base_mid * location_factor * category_location_factor * date_factor
PRC-UT-LUC-00866,MAT-027,PCB,PCB,Mixed Motherboard Scrap,Desktop / laptop,TradeIndia Ghaziabad listings,direct_range,https://www.tradeindia.com/ghaziabad/motherboard-scrap-city-193475.html,2026-09-05,DIRECT_RANGE,Current listings show roughly ₹360-500/kg for motherboard scrap.,Uttar Pradesh,Lucknow,Transport Nagar / Talkatora Industrial Area,Tier 2,2026-08-15,11:00:00,per_kg,360.0,500.0,430.0,0.95,1.0,0.985,345,400,435,330,455,90,26.1,Softening,Configured PCB-market scenario: softening.,Karo Sambhav UP Aggregation Partner,CPCB/EPR-EW/2023/UP-011,Synthetic scenario generated from material baselines and configured location/date factors,Synthetic - requires independent market verification,True,base_mid * location_factor * category_location_factor * date_factor
PRC-UT-LUC-00867,MAT-027,PCB,PCB,Mixed Motherboard Scrap,Desktop / laptop,TradeIndia Ghaziabad listings,direct_range,https://www.tradeindia.com/ghaziabad/motherboard-scrap-city-193475.html,2026-09-05,DIRECT_RANGE,Current listings show roughly ₹360-500/kg for motherboard scrap.,Uttar Pradesh,Lucknow,Transport Nagar / Talkatora Industrial Area,Tier 2,2026-09-01,11:00:00,per_kg,360.0,500.0,430.0,0.95,1.0,0.995,350,405,440,330,460,90,25.7,Softening,Configured PCB-market scenario: softening.,Karo Sambhav UP Aggregation Partner,CPCB/EPR-EW/2023/UP-011,Synthetic scenario generated from material baselines and configured location/date factors,Synthetic - requires independent market verification,True,base_mid * location_factor * category_location_factor * date_factor
PRC-UT-LUC-00868,MAT-027,PCB,PCB,Mixed Motherboard Scrap,Desktop / laptop,TradeIndia Ghaziabad listings,direct_range,https://www.tradeindia.com/ghaziabad/motherboard-scrap-city-193475.html,2026-09-05,DIRECT_RANGE,Current listings show roughly ₹360-500/kg for motherboard scrap.,Uttar Pradesh,Lucknow,Transport Nagar / Talkatora Industrial Area,Tier 2,2026-09-05,10:30:00,per_kg,360.0,500.0,430.0,0.95,1.0,1.0,350,410,440,330,460,90,25.7,Softening,Configured PCB-market scenario: softening.,Karo Sambhav UP Aggregation Partner,CPCB/EPR-EW/2023/UP-011,Synthetic scenario generated from material baselines and configured location/date factors,Synthetic - requires independent market verification,True,base_mid * location_factor * category_location_factor * date_factor
PRC-UT-LUC-00869,MAT-028,CABLES_WIRES,Cable,Bare Bright Copper Wire,Electrical/electronic wiring,BIN 2026 guide,direct_range,https://joinbin.com/scrap-rate-copper-india,2026-09-05,DIRECT_RANGE,Grade and copper recovery strongly affect actual offer.,Uttar Pradesh,Lucknow,Transport Nagar / Talkatora Industrial Area,Tier 2,2026-07-15,11:00:00,per_kg,650.0,700.0,675.0,0.95,1.0,0.965,530,620,670,505,705,140,26.4,Softening,Configured cable-market scenario: softening.,Karo Sambhav UP Aggregation Partner,CPCB/EPR-EW/2023/UP-011,Synthetic scenario generated from material baselines and configured location/date factors,Synthetic - requires independent market verification,True,base_mid * location_factor * category_location_factor * date_factor
PRC-UT-LUC-00870,MAT-028,CABLES_WIRES,Cable,Bare Bright Copper Wire,Electrical/electronic wiring,BIN 2026 guide,direct_range,https://joinbin.com/scrap-rate-copper-india,2026-09-05,DIRECT_RANGE,Grade and copper recovery strongly affect actual offer.,Uttar Pradesh,Lucknow,Transport Nagar / Talkatora Industrial Area,Tier 2,2026-08-01,11:00:00,per_kg,650.0,700.0,675.0,0.95,1.0,0.978,540,625,675,515,710,135,25.0,Softening,Configured cable-market scenario: softening.,Karo Sambhav UP Aggregation Partner,CPCB/EPR-EW/2023/UP-011,Synthetic scenario generated from material baselines and configured location/date factors,Synthetic - requires independent market verification,True,base_mid * location_factor * category_location_factor * date_factor
PRC-UT-LUC-00871,MAT-028,CABLES_WIRES,Cable,Bare Bright Copper Wire,Electrical/electronic wiring,BIN 2026 guide,direct_range,https://joinbin.com/scrap-rate-copper-india,2026-09-05,DIRECT_RANGE,Grade and copper recovery strongly affect actual offer.,Uttar Pradesh,Lucknow,Transport Nagar / Talkatora Industrial Area,Tier 2,2026-08-15,11:00:00,per_kg,650.0,700.0,675.0,0.95,1.0,0.985,545,630,680,520,715,135,24.8,Softening,Configured cable-market scenario: softening.,Karo Sambhav UP Aggregation Partner,CPCB/EPR-EW/2023/UP-011,Synthetic scenario generated from material baselines and configured location/date factors,Synthetic - requires independent market verification,True,base_mid * location_factor * category_location_factor * date_factor
PRC-UT-LUC-00872,MAT-028,CABLES_WIRES,Cable,Bare Bright Copper Wire,Electrical/electronic wiring,BIN 2026 guide,direct_range,https://joinbin.com/scrap-rate-copper-india,2026-09-05,DIRECT_RANGE,Grade and copper recovery strongly affect actual offer.,Uttar Pradesh,Lucknow,Transport Nagar / Talkatora Industrial Area,Tier 2,2026-09-01,11:00:00,per_kg,650.0,700.0,675.0,0.95,1.0,0.995,550,640,690,520,725,140,25.5,Softening,Configured cable-market scenario: softening.,Karo Sambhav UP Aggregation Partner,CPCB/EPR-EW/2023/UP-011,Synthetic scenario generated from material baselines and configured location/date factors,Synthetic - requires independent market verification,True,base_mid * location_factor * category_location_factor * date_factor
PRC-UT-LUC-00873,MAT-028,CABLES_WIRES,Cable,Bare Bright Copper Wire,Electrical/electronic wiring,BIN 2026 guide,direct_range,https://joinbin.com/scrap-rate-copper-india,2026-09-05,DIRECT_RANGE,Grade and copper recovery strongly affect actual offer.,Uttar Pradesh,Lucknow,Transport Nagar / Talkatora Industrial Area,Tier 2,2026-09-05,10:30:00,per_kg,650.0,700.0,675.0,0.95,1.0,1.0,550,640,695,520,730,145,26.4,Softening,Configured cable-market scenario: softening.,Karo Sambhav UP Aggregation Partner,CPCB/EPR-EW/2023/UP-011,Synthetic scenario generated from material baselines and configured location/date factors,Synthetic - requires independent market verification,True,base_mid * location_factor * category_location_factor * date_factor
PRC-UT-LUC-00874,MAT-029,CABLES_WIRES,Cable,#1 Clean Copper Wire,Electrical/electronic wiring,BIN 2026 guide,direct_range,https://joinbin.com/scrap-rate-copper-india,2026-09-05,DIRECT_RANGE,Grade and copper recovery strongly affect actual offer.,Uttar Pradesh,Lucknow,Transport Nagar / Talkatora Industrial Area,Tier 2,2026-09-05,10:30:00,per_kg,620.0,680.0,650.0,0.95,1.0,1.0,530,620,665,505,700,135,25.5,Softening,Configured cable-market scenario: softening.,Karo Sambhav UP Aggregation Partner,CPCB/EPR-EW/2023/UP-011,Synthetic scenario generated from material baselines and configured location/date factors,Synthetic - requires independent market verification,True,base_mid * location_factor * category_location_factor * date_factor
PRC-UT-LUC-00875,MAT-030,CABLES_WIRES,Cable,#2 Mixed Copper Wire,Electrical/electronic wiring,BIN 2026 guide,direct_range,https://joinbin.com/scrap-rate-copper-india,2026-09-05,DIRECT_RANGE,Grade and copper recovery strongly affect actual offer.,Uttar Pradesh,Lucknow,Transport Nagar / Talkatora Industrial Area,Tier 2,2026-09-05,10:30:00,per_kg,550.0,620.0,585.0,0.95,1.0,1.0,480,555,600,455,630,120,25.0,Softening,Configured cable-market scenario: softening.,Karo Sambhav UP Aggregation Partner,CPCB/EPR-EW/2023/UP-011,Synthetic scenario generated from material baselines and configured location/date factors,Synthetic - requires independent market verification,True,base_mid * location_factor * category_location_factor * date_factor
PRC-UT-LUC-00876,MAT-031,CABLES_WIRES,Cable,Insulated Copper Wire,Power/data cable,BIN 2026 guide,direct_range,https://joinbin.com/scrap-rate-copper-india,2026-09-05,DIRECT_RANGE,Grade and copper recovery strongly affect actual offer.,Uttar Pradesh,Lucknow,Transport Nagar / Talkatora Industrial Area,Tier 2,2026-07-15,11:00:00,per_kg,350.0,500.0,425.0,0.95,1.0,0.965,335,390,420,320,440,85,25.4,Softening,Configured cable-market scenario: softening.,Karo Sambhav UP Aggregation Partner,CPCB/EPR-EW/2023/UP-011,Synthetic scenario generated from material baselines and configured location/date factors,Synthetic - requires independent market verification,True,base_mid * location_factor * category_location_factor * date_factor
PRC-UT-LUC-00877,MAT-031,CABLES_WIRES,Cable,Insulated Copper Wire,Power/data cable,BIN 2026 guide,direct_range,https://joinbin.com/scrap-rate-copper-india,2026-09-05,DIRECT_RANGE,Grade and copper recovery strongly affect actual offer.,Uttar Pradesh,Lucknow,Transport Nagar / Talkatora Industrial Area,Tier 2,2026-08-01,11:00:00,per_kg,350.0,500.0,425.0,0.95,1.0,0.978,340,395,425,325,445,85,25.0,Softening,Configured cable-market scenario: softening.,Karo Sambhav UP Aggregation Partner,CPCB/EPR-EW/2023/UP-011,Synthetic scenario generated from material baselines and configured location/date factors,Synthetic - requires independent market verification,True,base_mid * location_factor * category_location_factor * date_factor
PRC-UT-LUC-00878,MAT-031,CABLES_WIRES,Cable,Insulated Copper Wire,Power/data cable,BIN 2026 guide,direct_range,https://joinbin.com/scrap-rate-copper-india,2026-09-05,DIRECT_RANGE,Grade and copper recovery strongly affect actual offer.,Uttar Pradesh,Lucknow,Transport Nagar / Talkatora Industrial Area,Tier 2,2026-08-15,11:00:00,per_kg,350.0,500.0,425.0,0.95,1.0,0.985,340,400,430,325,450,90,26.5,Softening,Configured cable-market scenario: softening.,Karo Sambhav UP Aggregation Partner,CPCB/EPR-EW/2023/UP-011,Synthetic scenario generated from material baselines and configured location/date factors,Synthetic - requires independent market verification,True,base_mid * location_factor * category_location_factor * date_factor
PRC-UT-LUC-00879,MAT-031,CABLES_WIRES,Cable,Insulated Copper Wire,Power/data cable,BIN 2026 guide,direct_range,https://joinbin.com/scrap-rate-copper-india,2026-09-05,DIRECT_RANGE,Grade and copper recovery strongly affect actual offer.,Uttar Pradesh,Lucknow,Transport Nagar / Talkatora Industrial Area,Tier 2,2026-09-01,11:00:00,per_kg,350.0,500.0,425.0,0.95,1.0,0.995,345,400,435,330,455,90,26.1,Softening,Configured cable-market scenario: softening.,Karo Sambhav UP Aggregation Partner,CPCB/EPR-EW/2023/UP-011,Synthetic scenario generated from material baselines and configured location/date factors,Synthetic - requires independent market verification,True,base_mid * location_factor * category_location_factor * date_factor
PRC-UT-LUC-00880,MAT-031,CABLES_WIRES,Cable,Insulated Copper Wire,Power/data cable,BIN 2026 guide,direct_range,https://joinbin.com/scrap-rate-copper-india,2026-09-05,DIRECT_RANGE,Grade and copper recovery strongly affect actual offer.,Uttar Pradesh,Lucknow,Transport Nagar / Talkatora Industrial Area,Tier 2,2026-09-05,10:30:00,per_kg,350.0,500.0,425.0,0.95,1.0,1.0,345,405,435,330,455,90,26.1,Softening,Configured cable-market scenario: softening.,Karo Sambhav UP Aggregation Partner,CPCB/EPR-EW/2023/UP-011,Synthetic scenario generated from material baselines and configured location/date factors,Synthetic - requires independent market verification,True,base_mid * location_factor * category_location_factor * date_factor
PRC-UT-LUC-00881,MAT-032,CABLES_WIRES,Cable,Copper Motor Winding Wire,Motor / fan winding,Scrapyard India,direct_range,https://www.scrapyard.co.in/copper-scrap-rates-india,2026-09-05,DIRECT_RANGE,Grade and copper recovery strongly affect actual offer.,Uttar Pradesh,Lucknow,Transport Nagar / Talkatora Industrial Area,Tier 2,2026-09-05,10:30:00,per_kg,420.0,450.0,435.0,0.95,1.0,1.0,355,415,445,335,465,90,25.4,Softening,Configured cable-market scenario: softening.,Karo Sambhav UP Aggregation Partner,CPCB/EPR-EW/2023/UP-011,Synthetic scenario generated from material baselines and configured location/date factors,Synthetic - requires independent market verification,True,base_mid * location_factor * category_location_factor * date_factor
PRC-UT-LUC-00882,MAT-033,CABLES_WIRES,Cable,Copper Transformer Winding,Transformer / PSU,Scrapyard India,direct_range,https://www.scrapyard.co.in/copper-scrap-rates-india,2026-09-05,DIRECT_RANGE,Grade and copper recovery strongly affect actual offer.,Uttar Pradesh,Lucknow,Transport Nagar / Talkatora Industrial Area,Tier 2,2026-09-05,10:30:00,per_kg,380.0,420.0,400.0,0.95,1.0,1.0,325,380,410,310,430,85,26.2,Softening,Configured cable-market scenario: softening.,Karo Sambhav UP Aggregation Partner,CPCB/EPR-EW/2023/UP-011,Synthetic scenario generated from material baselines and configured location/date factors,Synthetic - requires independent market verification,True,base_mid * location_factor * category_location_factor * date_factor
PRC-UT-LUC-00883,MAT-034,CABLES_WIRES,Cable,Copper Cable Scrap - High Grade,Power cable,ExportersIndia,direct_range,https://www.exportersindia.com/indian-suppliers/copper-cable-scrap.htm,2026-09-05,DIRECT_RANGE,Grade and copper recovery strongly affect actual offer.,Uttar Pradesh,Lucknow,Transport Nagar / Talkatora Industrial Area,Tier 2,2026-09-05,10:30:00,per_kg,650.0,775.0,712.5,0.95,1.0,1.0,580,675,730,550,765,150,25.9,Softening,Configured cable-market scenario: softening.,Karo Sambhav UP Aggregation Partner,CPCB/EPR-EW/2023/UP-011,Synthetic scenario generated from material baselines and configured location/date factors,Synthetic - requires independent market verification,True,base_mid * location_factor * category_location_factor * date_factor
PRC-UT-LUC-00884,MAT-035,CABLES_WIRES,Cable,Mixed Low-Grade Electronic Cable,Chargers / data cables,TradeIndia + Scrapyard India,proxy_from_direct,https://www.tradeindia.com/products/icw-insulated-copper-wire-scrap-9932932.html ; https://www.scrapyard.co.in/copper-scrap-rates-india,2026-09-05,PROXY,Grade and copper recovery strongly affect actual offer.,Uttar Pradesh,Lucknow,Transport Nagar / Talkatora Industrial Area,Tier 2,2026-09-05,10:30:00,per_kg,250.0,390.0,320.0,0.95,1.0,1.0,260,305,330,245,345,70,26.9,Softening,Configured cable-market scenario: softening.,Karo Sambhav UP Aggregation Partner,CPCB/EPR-EW/2023/UP-011,Synthetic scenario generated from material baselines and configured location/date factors,Synthetic - requires independent market verification,True,base_mid * location_factor * category_location_factor * date_factor
PRC-UT-LUC-00885,MAT-036,BATTERIES,Battery,Car Lead-Acid Battery,Car / automotive,ScrapTech,direct,https://scraptechindia.com/,2026-09-05,DIRECT,Battery chemistry must be known before using a specific chemistry rate.,Uttar Pradesh,Lucknow,Transport Nagar / Talkatora Industrial Area,Tier 2,2026-07-15,11:00:00,per_kg,125.0,125.0,125.0,0.95,1.0,0.965,99,115,125,94,130,26,26.3,Softening,Configured battery-market scenario: softening.,Karo Sambhav UP Aggregation Partner,CPCB/EPR-EW/2023/UP-011,Synthetic scenario generated from material baselines and configured location/date factors,Synthetic - requires independent market verification,True,base_mid * location_factor * category_location_factor * date_factor
PRC-UT-LUC-00886,MAT-036,BATTERIES,Battery,Car Lead-Acid Battery,Car / automotive,ScrapTech,direct,https://scraptechindia.com/,2026-09-05,DIRECT,Battery chemistry must be known before using a specific chemistry rate.,Uttar Pradesh,Lucknow,Transport Nagar / Talkatora Industrial Area,Tier 2,2026-08-01,11:00:00,per_kg,125.0,125.0,125.0,0.95,1.0,0.978,100,115,125,95,130,25,25.0,Softening,Configured battery-market scenario: softening.,Karo Sambhav UP Aggregation Partner,CPCB/EPR-EW/2023/UP-011,Synthetic scenario generated from material baselines and configured location/date factors,Synthetic - requires independent market verification,True,base_mid * location_factor * category_location_factor * date_factor
PRC-UT-LUC-00887,MAT-036,BATTERIES,Battery,Car Lead-Acid Battery,Car / automotive,ScrapTech,direct,https://scraptechindia.com/,2026-09-05,DIRECT,Battery chemistry must be known before using a specific chemistry rate.,Uttar Pradesh,Lucknow,Transport Nagar / Talkatora Industrial Area,Tier 2,2026-08-15,11:00:00,per_kg,125.0,125.0,125.0,0.95,1.0,0.985,100,115,125,95,130,25,25.0,Softening,Configured battery-market scenario: softening.,Karo Sambhav UP Aggregation Partner,CPCB/EPR-EW/2023/UP-011,Synthetic scenario generated from material baselines and configured location/date factors,Synthetic - requires independent market verification,True,base_mid * location_factor * category_location_factor * date_factor
PRC-UT-LUC-00888,MAT-036,BATTERIES,Battery,Car Lead-Acid Battery,Car / automotive,ScrapTech,direct,https://scraptechindia.com/,2026-09-05,DIRECT,Battery chemistry must be known before using a specific chemistry rate.,Uttar Pradesh,Lucknow,Transport Nagar / Talkatora Industrial Area,Tier 2,2026-09-01,11:00:00,per_kg,125.0,125.0,125.0,0.95,1.0,0.995,100,120,130,95,135,30,30.0,Softening,Configured battery-market scenario: softening.,Karo Sambhav UP Aggregation Partner,CPCB/EPR-EW/2023/UP-011,Synthetic scenario generated from material baselines and configured location/date factors,Synthetic - requires independent market verification,True,base_mid * location_factor * category_location_factor * date_factor
PRC-UT-LUC-00889,MAT-036,BATTERIES,Battery,Car Lead-Acid Battery,Car / automotive,ScrapTech,direct,https://scraptechindia.com/,2026-09-05,DIRECT,Battery chemistry must be known before using a specific chemistry rate.,Uttar Pradesh,Lucknow,Transport Nagar / Talkatora Industrial Area,Tier 2,2026-09-05,10:30:00,per_kg,125.0,125.0,125.0,0.95,1.0,1.0,100,120,130,95,135,30,30.0,Softening,Configured battery-market scenario: softening.,Karo Sambhav UP Aggregation Partner,CPCB/EPR-EW/2023/UP-011,Synthetic scenario generated from material baselines and configured location/date factors,Synthetic - requires independent market verification,True,base_mid * location_factor * category_location_factor * date_factor
PRC-UT-LUC-00890,MAT-037,BATTERIES,Battery,Inverter Battery,Home inverter,The Kabadiwala + ScrapTech,direct_multi_source,https://www.thekabadiwala.com/scrap-rates/Bhopal ; https://scraptechindia.com/,2026-09-05,DIRECT_RANGE,Battery chemistry must be known before using a specific chemistry rate.,Uttar Pradesh,Lucknow,Transport Nagar / Talkatora Industrial Area,Tier 2,2026-07-15,11:00:00,per_kg,80.0,110.0,95.0,0.95,1.0,0.965,75,87,94,71,99,19,25.3,Softening,Configured battery-market scenario: softening.,Karo Sambhav UP Aggregation Partner,CPCB/EPR-EW/2023/UP-011,Synthetic scenario generated from material baselines and configured location/date factors,Synthetic - requires independent market verification,True,base_mid * location_factor * category_location_factor * date_factor
PRC-UT-LUC-00891,MAT-037,BATTERIES,Battery,Inverter Battery,Home inverter,The Kabadiwala + ScrapTech,direct_multi_source,https://www.thekabadiwala.com/scrap-rates/Bhopal ; https://scraptechindia.com/,2026-09-05,DIRECT_RANGE,Battery chemistry must be known before using a specific chemistry rate.,Uttar Pradesh,Lucknow,Transport Nagar / Talkatora Industrial Area,Tier 2,2026-08-01,11:00:00,per_kg,80.0,110.0,95.0,0.95,1.0,0.978,76,88,95,72,100,19,25.0,Softening,Configured battery-market scenario: softening.,Karo Sambhav UP Aggregation Partner,CPCB/EPR-EW/2023/UP-011,Synthetic scenario generated from material baselines and configured location/date factors,Synthetic - requires independent market verification,True,base_mid * location_factor * category_location_factor * date_factor
PRC-UT-LUC-00892,MAT-037,BATTERIES,Battery,Inverter Battery,Home inverter,The Kabadiwala + ScrapTech,direct_multi_source,https://www.thekabadiwala.com/scrap-rates/Bhopal ; https://scraptechindia.com/,2026-09-05,DIRECT_RANGE,Battery chemistry must be known before using a specific chemistry rate.,Uttar Pradesh,Lucknow,Transport Nagar / Talkatora Industrial Area,Tier 2,2026-08-15,11:00:00,per_kg,80.0,110.0,95.0,0.95,1.0,0.985,76,89,96,72,100,20,26.3,Softening,Configured battery-market scenario: softening.,Karo Sambhav UP Aggregation Partner,CPCB/EPR-EW/2023/UP-011,Synthetic scenario generated from material baselines and configured location/date factors,Synthetic - requires independent market verification,True,base_mid * location_factor * category_location_factor * date_factor
PRC-UT-LUC-00893,MAT-037,BATTERIES,Battery,Inverter Battery,Home inverter,The Kabadiwala + ScrapTech,direct_multi_source,https://www.thekabadiwala.com/scrap-rates/Bhopal ; https://scraptechindia.com/,2026-09-05,DIRECT_RANGE,Battery chemistry must be known before using a specific chemistry rate.,Uttar Pradesh,Lucknow,Transport Nagar / Talkatora Industrial Area,Tier 2,2026-09-01,11:00:00,per_kg,80.0,110.0,95.0,0.95,1.0,0.995,77,90,97,73,100,20,26.0,Softening,Configured battery-market scenario: softening.,Karo Sambhav UP Aggregation Partner,CPCB/EPR-EW/2023/UP-011,Synthetic scenario generated from material baselines and configured location/date factors,Synthetic - requires independent market verification,True,base_mid * location_factor * category_location_factor * date_factor
PRC-UT-LUC-00894,MAT-037,BATTERIES,Battery,Inverter Battery,Home inverter,The Kabadiwala + ScrapTech,direct_multi_source,https://www.thekabadiwala.com/scrap-rates/Bhopal ; https://scraptechindia.com/,2026-09-05,DIRECT_RANGE,Battery chemistry must be known before using a specific chemistry rate.,Uttar Pradesh,Lucknow,Transport Nagar / Talkatora Industrial Area,Tier 2,2026-09-05,10:30:00,per_kg,80.0,110.0,95.0,0.95,1.0,1.0,78,90,97,74,100,19,24.4,Softening,Configured battery-market scenario: softening.,Karo Sambhav UP Aggregation Partner,CPCB/EPR-EW/2023/UP-011,Synthetic scenario generated from material baselines and configured location/date factors,Synthetic - requires independent market verification,True,base_mid * location_factor * category_location_factor * date_factor
PRC-UT-LUC-00895,MAT-038,BATTERIES,Battery,Lead-Acid Battery - Generic,UPS / backup power,ScrapTech,direct,https://scraptechindia.com/,2026-09-05,DIRECT,Battery chemistry must be known before using a specific chemistry rate.,Uttar Pradesh,Lucknow,Transport Nagar / Talkatora Industrial Area,Tier 2,2026-09-05,10:30:00,per_kg,95.0,95.0,95.0,0.95,1.0,1.0,78,90,97,74,100,19,24.4,Softening,Configured battery-market scenario: softening.,Karo Sambhav UP Aggregation Partner,CPCB/EPR-EW/2023/UP-011,Synthetic scenario generated from material baselines and configured location/date factors,Synthetic - requires independent market verification,True,base_mid * location_factor * category_location_factor * date_factor
PRC-UT-LUC-00896,MAT-039,BATTERIES,Battery,Li-ion Battery - Mixed,Consumer electronics,ScrapTech,direct,https://scraptechindia.com/,2026-09-05,DIRECT,Battery chemistry must be known before using a specific chemistry rate.,Uttar Pradesh,Lucknow,Transport Nagar / Talkatora Industrial Area,Tier 2,2026-09-05,10:30:00,per_kg,145.0,145.0,145.0,0.95,1.0,1.0,120,140,150,115,160,30,25.0,Softening,Configured battery-market scenario: softening.,Karo Sambhav UP Aggregation Partner,CPCB/EPR-EW/2023/UP-011,Synthetic scenario generated from material baselines and configured location/date factors,Synthetic - requires independent market verification,True,base_mid * location_factor * category_location_factor * date_factor
PRC-UT-LUC-00897,MAT-040,BATTERIES,Battery,Laptop Li-ion Battery,Laptop,MetalMandi,direct,https://www.metalmandi.in/,2026-09-05,DIRECT,Battery chemistry must be known before using a specific chemistry rate.,Uttar Pradesh,Lucknow,Transport Nagar / Talkatora Industrial Area,Tier 2,2026-09-05,10:30:00,per_kg,298.0,298.0,298.0,0.95,1.0,1.0,245,285,305,235,320,60,24.5,Softening,Configured battery-market scenario: softening.,Karo Sambhav UP Aggregation Partner,CPCB/EPR-EW/2023/UP-011,Synthetic scenario generated from material baselines and configured location/date factors,Synthetic - requires independent market verification,True,base_mid * location_factor * category_location_factor * date_factor
PRC-UT-LUC-00898,MAT-041,BATTERIES,Battery,Smartphone Li-ion Battery,Smartphone,MetalMandi,direct,https://www.metalmandi.in/,2026-09-05,DIRECT,Battery chemistry must be known before using a specific chemistry rate.,Uttar Pradesh,Lucknow,Transport Nagar / Talkatora Industrial Area,Tier 2,2026-09-05,10:30:00,per_kg,702.0,702.0,702.0,0.95,1.0,1.0,575,665,720,545,755,145,25.2,Softening,Configured battery-market scenario: softening.,Karo Sambhav UP Aggregation Partner,CPCB/EPR-EW/2023/UP-011,Synthetic scenario generated from material baselines and configured location/date factors,Synthetic - requires independent market verification,True,base_mid * location_factor * category_location_factor * date_factor
PRC-UT-LUC-00899,MAT-042,BATTERIES,Battery,Keypad Phone Battery,Keypad phone,MetalMandi,direct,https://www.metalmandi.in/,2026-09-05,DIRECT,Battery chemistry must be known before using a specific chemistry rate.,Uttar Pradesh,Lucknow,Transport Nagar / Talkatora Industrial Area,Tier 2,2026-09-05,10:30:00,per_kg,347.0,347.0,347.0,0.95,1.0,1.0,285,330,355,270,375,70,24.6,Softening,Configured battery-market scenario: softening.,Karo Sambhav UP Aggregation Partner,CPCB/EPR-EW/2023/UP-011,Synthetic scenario generated from material baselines and configured location/date factors,Synthetic - requires independent market verification,True,base_mid * location_factor * category_location_factor * date_factor
PRC-UT-LUC-00900,MAT-043,BATTERIES,Battery,Powerbank / Earbud / Small Gadget Battery,Small electronics,MetalMandi,direct,https://www.metalmandi.in/,2026-09-05,DIRECT,Battery chemistry must be known before using a specific chemistry rate.,Uttar Pradesh,Lucknow,Transport Nagar / Talkatora Industrial Area,Tier 2,2026-09-05,10:30:00,per_kg,273.0,273.0,273.0,0.95,1.0,1.0,225,260,280,215,295,55,24.4,Softening,Configured battery-market scenario: softening.,Karo Sambhav UP Aggregation Partner,CPCB/EPR-EW/2023/UP-011,Synthetic scenario generated from material baselines and configured location/date factors,Synthetic - requires independent market verification,True,base_mid * location_factor * category_location_factor * date_factor
PRC-UT-LUC-00901,MAT-044,BATTERIES,Battery,UPS / Non-Portable Li-ion Battery,UPS / stationary storage,MetalMandi,direct,https://www.metalmandi.in/,2026-09-05,DIRECT,Battery chemistry must be known before using a specific chemistry rate.,Uttar Pradesh,Lucknow,Transport Nagar / Talkatora Industrial Area,Tier 2,2026-09-05,10:30:00,per_kg,70.0,70.0,70.0,0.95,1.0,1.0,57,66,72,54,76,15,26.3,Softening,Configured battery-market scenario: softening.,Karo Sambhav UP Aggregation Partner,CPCB/EPR-EW/2023/UP-011,Synthetic scenario generated from material baselines and configured location/date factors,Synthetic - requires independent market verification,True,base_mid * location_factor * category_location_factor * date_factor
PRC-UT-LUC-00902,MAT-045,MOTORS,Motor,Mixed E-waste Motor - Copper Wiring,Small appliances,Kabadiwalla Uncle + Scrap Savvy,direct_multi_source,https://www.kabadiwalla.in/cms-rates ; https://scrapsavvykabadiwala.com/scrap-rates-today-scrap-prices/,2026-09-05,DIRECT_RANGE,Motor rate varies heavily with copper content and whether dismantled.,Uttar Pradesh,Lucknow,Transport Nagar / Talkatora Industrial Area,Tier 2,2026-09-05,10:30:00,per_kg,38.0,55.0,46.5,0.95,1.0,1.0,38,44,48,36,50,10,26.3,Softening,Configured motor-market scenario: softening.,Karo Sambhav UP Aggregation Partner,CPCB/EPR-EW/2023/UP-011,Synthetic scenario generated from material baselines and configured location/date factors,Synthetic - requires independent market verification,True,base_mid * location_factor * category_location_factor * date_factor
PRC-UT-LUC-00903,MAT-046,MOTORS,Motor,DC Fan Motor Scrap,DC fan / electronics cooling,ExportersIndia - Musa Traders,direct_range,https://www.exportersindia.com/musa-traders/copperscrap.htm,2026-09-05,DIRECT_RANGE,Motor rate varies heavily with copper content and whether dismantled.,Uttar Pradesh,Lucknow,Transport Nagar / Talkatora Industrial Area,Tier 2,2026-07-15,11:00:00,per_kg,50.0,70.0,60.0,0.95,1.0,0.965,47,55,59,45,62,12,25.5,Softening,Configured motor-market scenario: softening.,Karo Sambhav UP Aggregation Partner,CPCB/EPR-EW/2023/UP-011,Synthetic scenario generated from material baselines and configured location/date factors,Synthetic - requires independent market verification,True,base_mid * location_factor * category_location_factor * date_factor
PRC-UT-LUC-00904,MAT-046,MOTORS,Motor,DC Fan Motor Scrap,DC fan / electronics cooling,ExportersIndia - Musa Traders,direct_range,https://www.exportersindia.com/musa-traders/copperscrap.htm,2026-09-05,DIRECT_RANGE,Motor rate varies heavily with copper content and whether dismantled.,Uttar Pradesh,Lucknow,Transport Nagar / Talkatora Industrial Area,Tier 2,2026-08-01,11:00:00,per_kg,50.0,70.0,60.0,0.95,1.0,0.978,48,56,60,46,63,12,25.0,Softening,Configured motor-market scenario: softening.,Karo Sambhav UP Aggregation Partner,CPCB/EPR-EW/2023/UP-011,Synthetic scenario generated from material baselines and configured location/date factors,Synthetic - requires independent market verification,True,base_mid * location_factor * category_location_factor * date_factor
PRC-UT-LUC-00905,MAT-046,MOTORS,Motor,DC Fan Motor Scrap,DC fan / electronics cooling,ExportersIndia - Musa Traders,direct_range,https://www.exportersindia.com/musa-traders/copperscrap.htm,2026-09-05,DIRECT_RANGE,Motor rate varies heavily with copper content and whether dismantled.,Uttar Pradesh,Lucknow,Transport Nagar / Talkatora Industrial Area,Tier 2,2026-08-15,11:00:00,per_kg,50.0,70.0,60.0,0.95,1.0,0.985,48,56,61,46,64,13,27.1,Softening,Configured motor-market scenario: softening.,Karo Sambhav UP Aggregation Partner,CPCB/EPR-EW/2023/UP-011,Synthetic scenario generated from material baselines and configured location/date factors,Synthetic - requires independent market verification,True,base_mid * location_factor * category_location_factor * date_factor
PRC-UT-LUC-00906,MAT-046,MOTORS,Motor,DC Fan Motor Scrap,DC fan / electronics cooling,ExportersIndia - Musa Traders,direct_range,https://www.exportersindia.com/musa-traders/copperscrap.htm,2026-09-05,DIRECT_RANGE,Motor rate varies heavily with copper content and whether dismantled.,Uttar Pradesh,Lucknow,Transport Nagar / Talkatora Industrial Area,Tier 2,2026-09-01,11:00:00,per_kg,50.0,70.0,60.0,0.95,1.0,0.995,49,57,61,47,64,12,24.5,Softening,Configured motor-market scenario: softening.,Karo Sambhav UP Aggregation Partner,CPCB/EPR-EW/2023/UP-011,Synthetic scenario generated from material baselines and configured location/date factors,Synthetic - requires independent market verification,True,base_mid * location_factor * category_location_factor * date_factor
PRC-UT-LUC-00907,MAT-046,MOTORS,Motor,DC Fan Motor Scrap,DC fan / electronics cooling,ExportersIndia - Musa Traders,direct_range,https://www.exportersindia.com/musa-traders/copperscrap.htm,2026-09-05,DIRECT_RANGE,Motor rate varies heavily with copper content and whether dismantled.,Uttar Pradesh,Lucknow,Transport Nagar / Talkatora Industrial Area,Tier 2,2026-09-05,10:30:00,per_kg,50.0,70.0,60.0,0.95,1.0,1.0,49,57,62,47,65,13,26.5,Softening,Configured motor-market scenario: softening.,Karo Sambhav UP Aggregation Partner,CPCB/EPR-EW/2023/UP-011,Synthetic scenario generated from material baselines and configured location/date factors,Synthetic - requires independent market verification,True,base_mid * location_factor * category_location_factor * date_factor
PRC-UT-LUC-00908,MAT-047,MOTORS,Motor,Ceiling Fan Motor Scrap,Ceiling fan,Justdial supplier listing,direct_range,https://www.justdial.com/jdmart/Ernakulam/Ceiling-Fan-Scrap/pid-2216994813/0484P484STD3000251,2026-09-05,DIRECT_RANGE,Motor rate varies heavily with copper content and whether dismantled.,Uttar Pradesh,Lucknow,Transport Nagar / Talkatora Industrial Area,Tier 2,2026-07-15,11:00:00,per_kg,150.0,250.0,200.0,0.95,1.0,0.965,160,185,200,150,210,40,25.0,Softening,Configured motor-market scenario: softening.,Karo Sambhav UP Aggregation Partner,CPCB/EPR-EW/2023/UP-011,Synthetic scenario generated from material baselines and configured location/date factors,Synthetic - requires independent market verification,True,base_mid * location_factor * category_location_factor * date_factor
PRC-UT-LUC-00909,MAT-047,MOTORS,Motor,Ceiling Fan Motor Scrap,Ceiling fan,Justdial supplier listing,direct_range,https://www.justdial.com/jdmart/Ernakulam/Ceiling-Fan-Scrap/pid-2216994813/0484P484STD3000251,2026-09-05,DIRECT_RANGE,Motor rate varies heavily with copper content and whether dismantled.,Uttar Pradesh,Lucknow,Transport Nagar / Talkatora Industrial Area,Tier 2,2026-08-01,11:00:00,per_kg,150.0,250.0,200.0,0.95,1.0,0.978,160,185,200,150,210,40,25.0,Softening,Configured motor-market scenario: softening.,Karo Sambhav UP Aggregation Partner,CPCB/EPR-EW/2023/UP-011,Synthetic scenario generated from material baselines and configured location/date factors,Synthetic - requires independent market verification,True,base_mid * location_factor * category_location_factor * date_factor
PRC-UT-LUC-00910,MAT-047,MOTORS,Motor,Ceiling Fan Motor Scrap,Ceiling fan,Justdial supplier listing,direct_range,https://www.justdial.com/jdmart/Ernakulam/Ceiling-Fan-Scrap/pid-2216994813/0484P484STD3000251,2026-09-05,DIRECT_RANGE,Motor rate varies heavily with copper content and whether dismantled.,Uttar Pradesh,Lucknow,Transport Nagar / Talkatora Industrial Area,Tier 2,2026-08-15,11:00:00,per_kg,150.0,250.0,200.0,0.95,1.0,0.985,160,185,200,150,210,40,25.0,Softening,Configured motor-market scenario: softening.,Karo Sambhav UP Aggregation Partner,CPCB/EPR-EW/2023/UP-011,Synthetic scenario generated from material baselines and configured location/date factors,Synthetic - requires independent market verification,True,base_mid * location_factor * category_location_factor * date_factor
PRC-UT-LUC-00911,MAT-047,MOTORS,Motor,Ceiling Fan Motor Scrap,Ceiling fan,Justdial supplier listing,direct_range,https://www.justdial.com/jdmart/Ernakulam/Ceiling-Fan-Scrap/pid-2216994813/0484P484STD3000251,2026-09-05,DIRECT_RANGE,Motor rate varies heavily with copper content and whether dismantled.,Uttar Pradesh,Lucknow,Transport Nagar / Talkatora Industrial Area,Tier 2,2026-09-01,11:00:00,per_kg,150.0,250.0,200.0,0.95,1.0,0.995,165,190,205,155,215,40,24.2,Softening,Configured motor-market scenario: softening.,Karo Sambhav UP Aggregation Partner,CPCB/EPR-EW/2023/UP-011,Synthetic scenario generated from material baselines and configured location/date factors,Synthetic - requires independent market verification,True,base_mid * location_factor * category_location_factor * date_factor
PRC-UT-LUC-00912,MAT-047,MOTORS,Motor,Ceiling Fan Motor Scrap,Ceiling fan,Justdial supplier listing,direct_range,https://www.justdial.com/jdmart/Ernakulam/Ceiling-Fan-Scrap/pid-2216994813/0484P484STD3000251,2026-09-05,DIRECT_RANGE,Motor rate varies heavily with copper content and whether dismantled.,Uttar Pradesh,Lucknow,Transport Nagar / Talkatora Industrial Area,Tier 2,2026-09-05,10:30:00,per_kg,150.0,250.0,200.0,0.95,1.0,1.0,165,190,205,155,215,40,24.2,Softening,Configured motor-market scenario: softening.,Karo Sambhav UP Aggregation Partner,CPCB/EPR-EW/2023/UP-011,Synthetic scenario generated from material baselines and configured location/date factors,Synthetic - requires independent market verification,True,base_mid * location_factor * category_location_factor * date_factor
PRC-UT-LUC-00913,MAT-048,MOTORS,Motor,Small Appliance Motor,Mixer / pump / appliance,Kabadiwalla Uncle + Musa Traders,proxy_from_direct,https://www.kabadiwalla.in/cms-rates ; https://www.exportersindia.com/musa-traders/copperscrap.htm,2026-09-05,PROXY,Motor rate varies heavily with copper content and whether dismantled.,Uttar Pradesh,Lucknow,Transport Nagar / Talkatora Industrial Area,Tier 2,2026-09-05,10:30:00,per_kg,38.0,70.0,54.0,0.95,1.0,1.0,44,51,55,42,58,11,25.0,Softening,Configured motor-market scenario: softening.,Karo Sambhav UP Aggregation Partner,CPCB/EPR-EW/2023/UP-011,Synthetic scenario generated from material baselines and configured location/date factors,Synthetic - requires independent market verification,True,base_mid * location_factor * category_location_factor * date_factor
PRC-UT-LUC-00914,MAT-049,MOTORS,Motor,Printer / Scanner Motor,Printer / scanner,Kabadiwalla Uncle + Musa Traders,proxy_from_direct,https://www.kabadiwalla.in/cms-rates ; https://www.exportersindia.com/musa-traders/copperscrap.htm,2026-09-05,PROXY,Motor rate varies heavily with copper content and whether dismantled.,Uttar Pradesh,Lucknow,Transport Nagar / Talkatora Industrial Area,Tier 2,2026-09-05,10:30:00,per_kg,38.0,70.0,54.0,0.95,1.0,1.0,44,51,55,42,58,11,25.0,Softening,Configured motor-market scenario: softening.,Karo Sambhav UP Aggregation Partner,CPCB/EPR-EW/2023/UP-011,Synthetic scenario generated from material baselines and configured location/date factors,Synthetic - requires independent market verification,True,base_mid * location_factor * category_location_factor * date_factor
PRC-UT-LUC-00915,MAT-050,MOTORS,Motor,Large Copper-Wound Motor,Industrial / appliance motor,Scrap Savvy + fan-motor listing,proxy_from_direct,https://scrapsavvykabadiwala.com/scrap-rates-today-scrap-prices/ ; https://www.justdial.com/jdmart/Ernakulam/Ceiling-Fan-Scrap/pid-2216994813/0484P484STD3000251,2026-09-05,PROXY,Motor rate varies heavily with copper content and whether dismantled.,Uttar Pradesh,Lucknow,Transport Nagar / Talkatora Industrial Area,Tier 2,2026-09-05,10:30:00,per_kg,55.0,150.0,102.5,0.95,1.0,1.0,84,97,105,80,110,21,25.0,Softening,Configured motor-market scenario: softening.,Karo Sambhav UP Aggregation Partner,CPCB/EPR-EW/2023/UP-011,Synthetic scenario generated from material baselines and configured location/date factors,Synthetic - requires independent market verification,True,base_mid * location_factor * category_location_factor * date_factor
PRC-UT-LUC-00916,MAT-051,PLASTICS,Mixed Plastic,ABS Plastic - Electronics Housing,Computer / appliance casing,TradeIndia,direct_range,https://www.tradeindia.com/products/abs-plastic-scraps-c1707904.html,2026-09-05,DIRECT_RANGE,Plastic resin identification materially changes value.,Uttar Pradesh,Lucknow,Transport Nagar / Talkatora Industrial Area,Tier 2,2026-09-05,10:30:00,per_kg,30.0,40.0,35.0,0.95,1.0,1.0,29,33,36,28,38,7,24.1,Softening,Configured plastic-market scenario: softening.,Karo Sambhav UP Aggregation Partner,CPCB/EPR-EW/2023/UP-011,Synthetic scenario generated from material baselines and configured location/date factors,Synthetic - requires independent market verification,True,base_mid * location_factor * category_location_factor * date_factor
PRC-UT-LUC-00917,MAT-052,PLASTICS,Mixed Plastic,HDPE Plastic Scrap,Cable/accessory housings,Scrapprice India,direct,https://scrapprice.in/scrap-materials,2026-09-05,DIRECT,Plastic resin identification materially changes value.,Uttar Pradesh,Lucknow,Transport Nagar / Talkatora Industrial Area,Tier 2,2026-09-05,10:30:00,per_kg,57.5,57.5,57.5,0.95,1.0,1.0,47,55,59,45,62,12,25.5,Softening,Configured plastic-market scenario: softening.,Karo Sambhav UP Aggregation Partner,CPCB/EPR-EW/2023/UP-011,Synthetic scenario generated from material baselines and configured location/date factors,Synthetic - requires independent market verification,True,base_mid * location_factor * category_location_factor * date_factor
PRC-UT-LUC-00918,MAT-053,PLASTICS,Mixed Plastic,PP Plastic Scrap,Electronics housings / parts,Scrapprice India,direct,https://scrapprice.in/scrap-materials,2026-09-05,DIRECT,Plastic resin identification materially changes value.,Uttar Pradesh,Lucknow,Transport Nagar / Talkatora Industrial Area,Tier 2,2026-09-05,10:30:00,per_kg,77.83,77.83,77.83,0.95,1.0,1.0,64,74,80,61,84,16,25.0,Softening,Configured plastic-market scenario: softening.,Karo Sambhav UP Aggregation Partner,CPCB/EPR-EW/2023/UP-011,Synthetic scenario generated from material baselines and configured location/date factors,Synthetic - requires independent market verification,True,base_mid * location_factor * category_location_factor * date_factor
PRC-UT-LUC-00919,MAT-054,PLASTICS,Mixed Plastic,LDPE Plastic Scrap,Flexible electronic packaging / insulation,Scrapprice India,direct,https://scrapprice.in/scrap-materials,2026-09-05,DIRECT,Plastic resin identification materially changes value.,Uttar Pradesh,Lucknow,Transport Nagar / Talkatora Industrial Area,Tier 2,2026-09-05,10:30:00,per_kg,83.0,83.0,83.0,0.95,1.0,1.0,68,79,85,65,89,17,25.0,Softening,Configured plastic-market scenario: softening.,Karo Sambhav UP Aggregation Partner,CPCB/EPR-EW/2023/UP-011,Synthetic scenario generated from material baselines and configured location/date factors,Synthetic - requires independent market verification,True,base_mid * location_factor * category_location_factor * date_factor
PRC-UT-LUC-00920,MAT-055,PLASTICS,Mixed Plastic,PVC Plastic Scrap,Cable insulation / housings,Scrapprice India,direct,https://scrapprice.in/scrap-materials,2026-09-05,DIRECT,Plastic resin identification materially changes value.,Uttar Pradesh,Lucknow,Transport Nagar / Talkatora Industrial Area,Tier 2,2026-09-05,10:30:00,per_kg,22.2,22.2,22.2,0.95,1.0,1.0,18.1,21,23,17.2,24,4.9,27.1,Softening,Configured plastic-market scenario: softening.,Karo Sambhav UP Aggregation Partner,CPCB/EPR-EW/2023/UP-011,Synthetic scenario generated from material baselines and configured location/date factors,Synthetic - requires independent market verification,True,base_mid * location_factor * category_location_factor * date_factor
PRC-UT-LUC-00921,MAT-056,PLASTICS,Mixed Plastic,PET Plastic Scrap,Packaging / accessory plastics,Scrapprice India,direct,https://scrapprice.in/scrap-materials,2026-09-05,DIRECT,Plastic resin identification materially changes value.,Uttar Pradesh,Lucknow,Transport Nagar / Talkatora Industrial Area,Tier 2,2026-09-05,10:30:00,per_kg,33.5,33.5,33.5,0.95,1.0,1.0,27,32,34,26,36,7,25.9,Softening,Configured plastic-market scenario: softening.,Karo Sambhav UP Aggregation Partner,CPCB/EPR-EW/2023/UP-011,Synthetic scenario generated from material baselines and configured location/date factors,Synthetic - requires independent market verification,True,base_mid * location_factor * category_location_factor * date_factor
PRC-UT-LUC-00922,MAT-057,PLASTICS,Mixed Plastic,Mixed Plastic - E-waste,Mixed electronic plastic,The Kabadiwala + Scrapprice India,direct_multi_source,https://www.thekabadiwala.com/scrap-rates/Bhopal ; https://scrapprice.in/scrap-materials,2026-09-05,DIRECT_RANGE,Plastic resin identification materially changes value.,Uttar Pradesh,Lucknow,Transport Nagar / Talkatora Industrial Area,Tier 2,2026-09-05,10:30:00,per_kg,12.0,57.29,34.64,0.95,1.0,1.0,28,33,36,27,38,8,28.6,Softening,Configured plastic-market scenario: softening.,Karo Sambhav UP Aggregation Partner,CPCB/EPR-EW/2023/UP-011,Synthetic scenario generated from material baselines and configured location/date factors,Synthetic - requires independent market verification,True,base_mid * location_factor * category_location_factor * date_factor
PRC-UT-LUC-00923,MAT-058,MOBILE_TABLETS,Mobile Phone,Keypad Phone - Complete,Keypad phone,Scrap Savvy + Kabadiwala Online,direct_multi_source,https://scrapsavvykabadiwala.com/scrap-rates-today-scrap-prices/ ; https://kabadiwalaonline.com/secrap-rates/,2026-09-05,DIRECT_RANGE,"Complete-device pickup prices depend heavily on model, storage, condition and lock status.",Uttar Pradesh,Lucknow,Transport Nagar / Talkatora Industrial Area,Tier 2,2026-09-05,10:30:00,per_piece,10.0,20.0,15.0,0.95,1.0,1.0,12.3,14.2,15.4,11.7,16.2,3.1,25.2,Softening,Configured synthetic market scenario.,Karo Sambhav UP Aggregation Partner,CPCB/EPR-EW/2023/UP-011,Synthetic scenario generated from material baselines and configured location/date factors,Synthetic - requires independent market verification,True,base_mid * location_factor * category_location_factor * date_factor
PRC-UT-LUC-00924,MAT-059,MOBILE_TABLETS,Mobile Phone,Smartphone - Generic Complete,Smartphone,Scrap Savvy + Kabadiwala Online,direct_multi_source,https://scrapsavvykabadiwala.com/scrap-rates-today-scrap-prices/ ; https://kabadiwalaonline.com/secrap-rates/,2026-09-05,DIRECT_RANGE,"Complete-device pickup prices depend heavily on model, storage, condition and lock status.",Uttar Pradesh,Lucknow,Transport Nagar / Talkatora Industrial Area,Tier 2,2026-09-05,10:30:00,per_piece,20.0,60.0,40.0,0.95,1.0,1.0,33,38,41,31,43,8,24.2,Softening,Configured synthetic market scenario.,Karo Sambhav UP Aggregation Partner,CPCB/EPR-EW/2023/UP-011,Synthetic scenario generated from material baselines and configured location/date factors,Synthetic - requires independent market verification,True,base_mid * location_factor * category_location_factor * date_factor
PRC-UT-LUC-00925,MAT-060,MOBILE_TABLETS,Mobile Phone,Tablet - Generic Complete,Tablet,Kabadiwalla Uncle + Kabadiwala Online,direct_multi_source,https://www.kabadiwalla.in/cms-rates ; https://kabadiwalaonline.com/secrap-rates/,2026-09-05,DIRECT_RANGE,"Complete-device pickup prices depend heavily on model, storage, condition and lock status.",Uttar Pradesh,Lucknow,Transport Nagar / Talkatora Industrial Area,Tier 2,2026-09-05,10:30:00,per_piece,30.0,60.0,45.0,0.95,1.0,1.0,37,43,46,35,48,9,24.3,Softening,Configured synthetic market scenario.,Karo Sambhav UP Aggregation Partner,CPCB/EPR-EW/2023/UP-011,Synthetic scenario generated from material baselines and configured location/date factors,Synthetic - requires independent market verification,True,base_mid * location_factor * category_location_factor * date_factor
PRC-UT-LUC-00926,MAT-061,MOBILE_TABLETS,Mobile Phone,Android Smartphone - 16GB,Smartphone,Scrap Mitra,direct,https://scrapmitra.com/,2026-09-05,DIRECT,"Complete-device pickup prices depend heavily on model, storage, condition and lock status.",Uttar Pradesh,Lucknow,Transport Nagar / Talkatora Industrial Area,Tier 2,2026-09-05,10:30:00,per_piece,200.0,200.0,200.0,0.95,1.0,1.0,165,190,205,155,215,40,24.2,Softening,Configured synthetic market scenario.,Karo Sambhav UP Aggregation Partner,CPCB/EPR-EW/2023/UP-011,Synthetic scenario generated from material baselines and configured location/date factors,Synthetic - requires independent market verification,True,base_mid * location_factor * category_location_factor * date_factor
PRC-UT-LUC-00927,MAT-062,MOBILE_TABLETS,Mobile Phone,Android Smartphone - 32GB,Smartphone,Scrap Mitra,direct,https://scrapmitra.com/,2026-09-05,DIRECT,"Complete-device pickup prices depend heavily on model, storage, condition and lock status.",Uttar Pradesh,Lucknow,Transport Nagar / Talkatora Industrial Area,Tier 2,2026-09-05,10:30:00,per_piece,400.0,400.0,400.0,0.95,1.0,1.0,325,380,410,310,430,85,26.2,Softening,Configured synthetic market scenario.,Karo Sambhav UP Aggregation Partner,CPCB/EPR-EW/2023/UP-011,Synthetic scenario generated from material baselines and configured location/date factors,Synthetic - requires independent market verification,True,base_mid * location_factor * category_location_factor * date_factor
PRC-UT-LUC-00928,MAT-063,MOBILE_TABLETS,Mobile Phone,Android Smartphone - 64GB,Smartphone,Scrap Mitra,direct,https://scrapmitra.com/,2026-09-05,DIRECT,"Complete-device pickup prices depend heavily on model, storage, condition and lock status.",Uttar Pradesh,Lucknow,Transport Nagar / Talkatora Industrial Area,Tier 2,2026-09-05,10:30:00,per_piece,650.0,650.0,650.0,0.95,1.0,1.0,530,620,665,505,700,135,25.5,Softening,Configured synthetic market scenario.,Karo Sambhav UP Aggregation Partner,CPCB/EPR-EW/2023/UP-011,Synthetic scenario generated from material baselines and configured location/date factors,Synthetic - requires independent market verification,True,base_mid * location_factor * category_location_factor * date_factor
PRC-UT-LUC-00929,MAT-064,MOBILE_TABLETS,Mobile Phone,Android Smartphone - 128GB,Smartphone,Scrap Mitra,direct,https://scrapmitra.com/,2026-09-05,DIRECT,"Complete-device pickup prices depend heavily on model, storage, condition and lock status.",Uttar Pradesh,Lucknow,Transport Nagar / Talkatora Industrial Area,Tier 2,2026-09-05,10:30:00,per_piece,1000.0,1000.0,1000.0,0.95,1.0,1.0,815,950,1050,775,1100,235,28.8,Softening,Configured synthetic market scenario.,Karo Sambhav UP Aggregation Partner,CPCB/EPR-EW/2023/UP-011,Synthetic scenario generated from material baselines and configured location/date factors,Synthetic - requires independent market verification,True,base_mid * location_factor * category_location_factor * date_factor
PRC-UT-LUC-00930,MAT-065,MOBILE_TABLETS,Mobile Phone,Android Smartphone - 256GB,Smartphone,Scrap Mitra,direct,https://scrapmitra.com/,2026-09-05,DIRECT,"Complete-device pickup prices depend heavily on model, storage, condition and lock status.",Uttar Pradesh,Lucknow,Transport Nagar / Talkatora Industrial Area,Tier 2,2026-09-05,10:30:00,per_piece,2300.0,2300.0,2300.0,0.95,1.0,1.0,1900,2200,2350,1800,2450,450,23.7,Softening,Configured synthetic market scenario.,Karo Sambhav UP Aggregation Partner,CPCB/EPR-EW/2023/UP-011,Synthetic scenario generated from material baselines and configured location/date factors,Synthetic - requires independent market verification,True,base_mid * location_factor * category_location_factor * date_factor
PRC-MA-IND-00931,MAT-001,CRT,CRT,CRT Monitor - Standard,Desktop computer,Scrappbazaar + Scrap Savvy,direct_multi_source,https://www.scrappbazaar.com/rates ; https://scrapsavvykabadiwala.com/scrap-rates-today-scrap-prices/,2026-09-05,DIRECT_RANGE,Current pickup listings show ~₹150-180/piece.,Madhya Pradesh,Indore,Sanwer Road Industrial Area / Palda,Tier 2,2026-09-05,10:30:00,per_piece,150.0,180.0,165.0,0.96,1.0,1.0,135,160,170,130,180,35,25.9,Stable,Configured CRT-market scenario: stable.,The Kabadiwala Authorized MRF Hub,CPCB/EPR-EW/2023/MP-006,Synthetic scenario generated from material baselines and configured location/date factors,Synthetic - requires independent market verification,True,base_mid * location_factor * category_location_factor * date_factor
PRC-MA-IND-00932,MAT-002,CRT,CRT,CRT TV - Standard,Television,Scrappbazaar + Scrap Savvy,direct_multi_source,https://www.scrappbazaar.com/rates ; https://scrapsavvykabadiwala.com/scrap-rates-today-scrap-prices/,2026-09-05,DIRECT_RANGE,Current listings show ~₹150-200/piece.,Madhya Pradesh,Indore,Sanwer Road Industrial Area / Palda,Tier 2,2026-09-05,10:30:00,per_piece,150.0,200.0,175.0,0.96,1.0,1.0,145,170,180,140,190,35,24.1,Stable,Configured CRT-market scenario: stable.,The Kabadiwala Authorized MRF Hub,CPCB/EPR-EW/2023/MP-006,Synthetic scenario generated from material baselines and configured location/date factors,Synthetic - requires independent market verification,True,base_mid * location_factor * category_location_factor * date_factor
PRC-MA-IND-00933,MAT-003,CRT,CRT,CRT TV - Small 14-17 inch,Television,The Kabadiwala + Kabadiwala Online,proxy_from_direct,https://www.thekabadiwala.com/scrap-rates/Bhopal ; https://kabadiwalaonline.com/secrap-rates/,2026-09-05,PROXY,Size-specific value inferred from current CRT TV/monitor pickup rates.,Madhya Pradesh,Indore,Sanwer Road Industrial Area / Palda,Tier 2,2026-09-05,10:30:00,per_piece,100.0,160.0,130.0,0.96,1.0,1.0,105,125,135,100,140,30,28.6,Stable,Configured CRT-market scenario: stable.,The Kabadiwala Authorized MRF Hub,CPCB/EPR-EW/2023/MP-006,Synthetic scenario generated from material baselines and configured location/date factors,Synthetic - requires independent market verification,True,base_mid * location_factor * category_location_factor * date_factor
PRC-MA-IND-00934,MAT-004,CRT,CRT,CRT Monitor - 17 inch,Desktop computer,Kabadiwala Online + Scrap Savvy,direct_multi_source,https://kabadiwalaonline.com/secrap-rates/ ; https://scrapsavvykabadiwala.com/scrap-rates-today-scrap-prices/,2026-09-05,DIRECT_RANGE,Standard CRT monitor rate.,Madhya Pradesh,Indore,Sanwer Road Industrial Area / Palda,Tier 2,2026-09-05,10:30:00,per_piece,150.0,180.0,165.0,0.96,1.0,1.0,135,160,170,130,180,35,25.9,Stable,Configured CRT-market scenario: stable.,The Kabadiwala Authorized MRF Hub,CPCB/EPR-EW/2023/MP-006,Synthetic scenario generated from material baselines and configured location/date factors,Synthetic - requires independent market verification,True,base_mid * location_factor * category_location_factor * date_factor
PRC-MA-IND-00935,MAT-005,CRT,CRT,CRT TV - Large 21 inch+,Television,Scrappbazaar + Kabadiwalla Uncle,proxy_from_direct,https://www.scrappbazaar.com/rates ; https://www.kabadiwalla.in/cms-rates,2026-09-05,PROXY,Large-size premium is a conservative proxy around current CRT TV listings.,Madhya Pradesh,Indore,Sanwer Road Industrial Area / Palda,Tier 2,2026-09-05,10:30:00,per_piece,160.0,220.0,190.0,0.96,1.0,1.0,155,180,195,145,205,40,25.8,Stable,Configured CRT-market scenario: stable.,The Kabadiwala Authorized MRF Hub,CPCB/EPR-EW/2023/MP-006,Synthetic scenario generated from material baselines and configured location/date factors,Synthetic - requires independent market verification,True,base_mid * location_factor * category_location_factor * date_factor
PRC-MA-IND-00936,MAT-006,LCD_LED,LCD Panel,LCD Monitor,Desktop computer,Kabadiwalla Uncle + Kabadiwala Online,direct_multi_source,https://www.kabadiwalla.in/cms-rates ; https://kabadiwalaonline.com/secrap-rates/,2026-09-05,DIRECT_RANGE,Current LCD monitor listings: ₹25-30/kg.,Madhya Pradesh,Indore,Sanwer Road Industrial Area / Palda,Tier 2,2026-09-05,10:30:00,per_kg,25.0,30.0,27.5,0.96,1.0,1.0,23,26,29,22,30,6,26.1,Stable,Configured LCD/LED-market scenario: stable.,The Kabadiwala Authorized MRF Hub,CPCB/EPR-EW/2023/MP-006,Synthetic scenario generated from material baselines and configured location/date factors,Synthetic - requires independent market verification,True,base_mid * location_factor * category_location_factor * date_factor
PRC-MA-IND-00937,MAT-007,LCD_LED,LCD Panel,TFT Monitor,Desktop computer,Scrap Savvy,direct,https://scrapsavvykabadiwala.com/scrap-rates-today-scrap-prices/,2026-09-05,DIRECT,Quoted ₹30/kg.,Madhya Pradesh,Indore,Sanwer Road Industrial Area / Palda,Tier 2,2026-09-05,10:30:00,per_kg,30.0,30.0,30.0,0.96,1.0,1.0,25,29,31,24,33,6,24.0,Stable,Configured LCD/LED-market scenario: stable.,The Kabadiwala Authorized MRF Hub,CPCB/EPR-EW/2023/MP-006,Synthetic scenario generated from material baselines and configured location/date factors,Synthetic - requires independent market verification,True,base_mid * location_factor * category_location_factor * date_factor
PRC-MA-IND-00938,MAT-008,LCD_LED,LCD Panel,LCD TV Panel / Assembly,Television,Kabadiwala Online + MetalMandi,direct_multi_source,https://kabadiwalaonline.com/secrap-rates/ ; https://www.metalmandi.in/,2026-09-05,DIRECT_RANGE,LCD display quotes cluster around ₹20-30/kg.,Madhya Pradesh,Indore,Sanwer Road Industrial Area / Palda,Tier 2,2026-09-05,10:30:00,per_kg,20.0,30.0,25.0,0.96,1.0,1.0,21,24,26,19.9,27,5,23.8,Stable,Configured LCD/LED-market scenario: stable.,The Kabadiwala Authorized MRF Hub,CPCB/EPR-EW/2023/MP-006,Synthetic scenario generated from material baselines and configured location/date factors,Synthetic - requires independent market verification,True,base_mid * location_factor * category_location_factor * date_factor
PRC-MA-IND-00939,MAT-009,LCD_LED,LCD Panel,LED TV Panel / Assembly,Television,Scrappbazaar + MetalMandi,direct_multi_source,https://www.scrappbazaar.com/rates ; https://www.metalmandi.in/,2026-09-05,DIRECT_RANGE,Current LED/LCD listings around ₹20-22/kg.,Madhya Pradesh,Indore,Sanwer Road Industrial Area / Palda,Tier 2,2026-09-05,10:30:00,per_kg,20.0,22.0,21.0,0.96,1.0,1.0,17.3,20,22,16.4,23,4.7,27.2,Stable,Configured LCD/LED-market scenario: stable.,The Kabadiwala Authorized MRF Hub,CPCB/EPR-EW/2023/MP-006,Synthetic scenario generated from material baselines and configured location/date factors,Synthetic - requires independent market verification,True,base_mid * location_factor * category_location_factor * date_factor
PRC-MA-IND-00940,MAT-010,LCD_LED,LCD Panel,Broken LCD/LED Display Lot,TV / monitor,Scrap Savvy + Scrappbazaar,proxy_from_direct,https://scrapsavvykabadiwala.com/scrap-rates-today-scrap-prices/ ; https://www.scrappbazaar.com/rates,2026-09-05,PROXY,Lower-end proxy for broken mixed display assemblies.,Madhya Pradesh,Indore,Sanwer Road Industrial Area / Palda,Tier 2,2026-09-05,10:30:00,per_kg,18.0,25.0,21.5,0.96,1.0,1.0,17.8,21,22,16.9,23,4.2,23.6,Stable,Configured LCD/LED-market scenario: stable.,The Kabadiwala Authorized MRF Hub,CPCB/EPR-EW/2023/MP-006,Synthetic scenario generated from material baselines and configured location/date factors,Synthetic - requires independent market verification,True,base_mid * location_factor * category_location_factor * date_factor
PRC-MA-IND-00941,MAT-011,LCD_LED,LCD Panel,LCD/LED Display - Mixed Scrap,TV / monitor,Kabadiwala Online + Kabadiwalla Uncle,direct_multi_source,https://kabadiwalaonline.com/secrap-rates/ ; https://www.kabadiwalla.in/cms-rates,2026-09-05,DIRECT_RANGE,Generic mixed display baseline.,Madhya Pradesh,Indore,Sanwer Road Industrial Area / Palda,Tier 2,2026-09-05,10:30:00,per_kg,20.0,30.0,25.0,0.96,1.0,1.0,21,24,26,19.9,27,5,23.8,Stable,Configured LCD/LED-market scenario: stable.,The Kabadiwala Authorized MRF Hub,CPCB/EPR-EW/2023/MP-006,Synthetic scenario generated from material baselines and configured location/date factors,Synthetic - requires independent market verification,True,base_mid * location_factor * category_location_factor * date_factor
PRC-MA-IND-00942,MAT-012,PCB,PCB,Laptop PCB - China Chip,Laptop,MetalMandi,direct,https://www.metalmandi.in/,2026-09-05,DIRECT,"Current MetalMandi grade listing; use as a benchmark, not a guaranteed pickup quote.",Madhya Pradesh,Indore,Sanwer Road Industrial Area / Palda,Tier 2,2026-09-05,10:30:00,per_kg,720.0,720.0,720.0,0.96,1.0,1.0,595,690,745,565,780,150,25.2,Stable,Configured PCB-market scenario: stable.,The Kabadiwala Authorized MRF Hub,CPCB/EPR-EW/2023/MP-006,Synthetic scenario generated from material baselines and configured location/date factors,Synthetic - requires independent market verification,True,base_mid * location_factor * category_location_factor * date_factor
PRC-MA-IND-00943,MAT-013,PCB,PCB,Laptop PCB - VGA Chip,Laptop,MetalMandi,direct,https://www.metalmandi.in/,2026-09-05,DIRECT,"Current MetalMandi grade listing; use as a benchmark, not a guaranteed pickup quote.",Madhya Pradesh,Indore,Sanwer Road Industrial Area / Palda,Tier 2,2026-09-05,10:30:00,per_kg,810.0,810.0,810.0,0.96,1.0,1.0,670,780,840,635,880,170,25.4,Stable,Configured PCB-market scenario: stable.,The Kabadiwala Authorized MRF Hub,CPCB/EPR-EW/2023/MP-006,Synthetic scenario generated from material baselines and configured location/date factors,Synthetic - requires independent market verification,True,base_mid * location_factor * category_location_factor * date_factor
PRC-MA-IND-00944,MAT-014,PCB,PCB,Laptop PCB - Server Board,Laptop / server,MetalMandi,direct,https://www.metalmandi.in/,2026-09-05,DIRECT,"Current MetalMandi grade listing; use as a benchmark, not a guaranteed pickup quote.",Madhya Pradesh,Indore,Sanwer Road Industrial Area / Palda,Tier 2,2026-09-05,10:30:00,per_kg,1800.0,1800.0,1800.0,0.96,1.0,1.0,1500,1750,1850,1400,1950,350,23.3,Stable,Configured PCB-market scenario: stable.,The Kabadiwala Authorized MRF Hub,CPCB/EPR-EW/2023/MP-006,Synthetic scenario generated from material baselines and configured location/date factors,Synthetic - requires independent market verification,True,base_mid * location_factor * category_location_factor * date_factor
PRC-MA-IND-00945,MAT-015,PCB,PCB,Desktop PCB - China Chip,Desktop PC,MetalMandi,direct,https://www.metalmandi.in/,2026-09-05,DIRECT,"Current MetalMandi grade listing; use as a benchmark, not a guaranteed pickup quote.",Madhya Pradesh,Indore,Sanwer Road Industrial Area / Palda,Tier 2,2026-09-05,10:30:00,per_kg,180.0,180.0,180.0,0.96,1.0,1.0,150,175,185,140,195,35,23.3,Stable,Configured PCB-market scenario: stable.,The Kabadiwala Authorized MRF Hub,CPCB/EPR-EW/2023/MP-006,Synthetic scenario generated from material baselines and configured location/date factors,Synthetic - requires independent market verification,True,base_mid * location_factor * category_location_factor * date_factor
PRC-MA-IND-00946,MAT-016,PCB,PCB,Desktop PCB - Single Chip,Desktop PC,MetalMandi,direct,https://www.metalmandi.in/,2026-09-05,DIRECT,"Current MetalMandi grade listing; use as a benchmark, not a guaranteed pickup quote.",Madhya Pradesh,Indore,Sanwer Road Industrial Area / Palda,Tier 2,2026-09-05,10:30:00,per_kg,675.0,675.0,675.0,0.96,1.0,1.0,555,650,700,525,735,145,26.1,Stable,Configured PCB-market scenario: stable.,The Kabadiwala Authorized MRF Hub,CPCB/EPR-EW/2023/MP-006,Synthetic scenario generated from material baselines and configured location/date factors,Synthetic - requires independent market verification,True,base_mid * location_factor * category_location_factor * date_factor
PRC-MA-IND-00947,MAT-017,PCB,PCB,Desktop PCB - Double Chip,Desktop PC,MetalMandi,direct,https://www.metalmandi.in/,2026-09-05,DIRECT,"Current MetalMandi grade listing; use as a benchmark, not a guaranteed pickup quote.",Madhya Pradesh,Indore,Sanwer Road Industrial Area / Palda,Tier 2,2026-09-05,10:30:00,per_kg,1125.0,1125.0,1125.0,0.96,1.0,1.0,930,1100,1150,885,1200,220,23.7,Stable,Configured PCB-market scenario: stable.,The Kabadiwala Authorized MRF Hub,CPCB/EPR-EW/2023/MP-006,Synthetic scenario generated from material baselines and configured location/date factors,Synthetic - requires independent market verification,True,base_mid * location_factor * category_location_factor * date_factor
PRC-MA-IND-00948,MAT-018,PCB,PCB,Set-top Box PCB - China Chip,Set-top box,MetalMandi,direct,https://www.metalmandi.in/,2026-09-05,DIRECT,"Current MetalMandi grade listing; use as a benchmark, not a guaranteed pickup quote.",Madhya Pradesh,Indore,Sanwer Road Industrial Area / Palda,Tier 2,2026-09-05,10:30:00,per_kg,126.0,126.0,126.0,0.96,1.0,1.0,105,120,130,100,135,25,23.8,Stable,Configured PCB-market scenario: stable.,The Kabadiwala Authorized MRF Hub,CPCB/EPR-EW/2023/MP-006,Synthetic scenario generated from material baselines and configured location/date factors,Synthetic - requires independent market verification,True,base_mid * location_factor * category_location_factor * date_factor
PRC-MA-IND-00949,MAT-019,PCB,PCB,Set-top Box PCB - Black Chip,Set-top box,MetalMandi,direct,https://www.metalmandi.in/,2026-09-05,DIRECT,"Current MetalMandi grade listing; use as a benchmark, not a guaranteed pickup quote.",Madhya Pradesh,Indore,Sanwer Road Industrial Area / Palda,Tier 2,2026-09-05,10:30:00,per_kg,189.0,189.0,189.0,0.96,1.0,1.0,155,180,195,145,205,40,25.8,Stable,Configured PCB-market scenario: stable.,The Kabadiwala Authorized MRF Hub,CPCB/EPR-EW/2023/MP-006,Synthetic scenario generated from material baselines and configured location/date factors,Synthetic - requires independent market verification,True,base_mid * location_factor * category_location_factor * date_factor
PRC-MA-IND-00950,MAT-020,PCB,PCB,Set-top Box PCB - VGA Chip,Set-top box,MetalMandi,direct,https://www.metalmandi.in/,2026-09-05,DIRECT,"Current MetalMandi grade listing; use as a benchmark, not a guaranteed pickup quote.",Madhya Pradesh,Indore,Sanwer Road Industrial Area / Palda,Tier 2,2026-09-05,10:30:00,per_kg,252.0,252.0,252.0,0.96,1.0,1.0,210,240,260,200,275,50,23.8,Stable,Configured PCB-market scenario: stable.,The Kabadiwala Authorized MRF Hub,CPCB/EPR-EW/2023/MP-006,Synthetic scenario generated from material baselines and configured location/date factors,Synthetic - requires independent market verification,True,base_mid * location_factor * category_location_factor * date_factor
PRC-MA-IND-00951,MAT-021,PCB,PCB,Set-top Box PCB - Combo Chip,Set-top box,MetalMandi,direct,https://www.metalmandi.in/,2026-09-05,DIRECT,"Current MetalMandi grade listing; use as a benchmark, not a guaranteed pickup quote.",Madhya Pradesh,Indore,Sanwer Road Industrial Area / Palda,Tier 2,2026-09-05,10:30:00,per_kg,315.0,315.0,315.0,0.96,1.0,1.0,260,300,325,245,340,65,25.0,Stable,Configured PCB-market scenario: stable.,The Kabadiwala Authorized MRF Hub,CPCB/EPR-EW/2023/MP-006,Synthetic scenario generated from material baselines and configured location/date factors,Synthetic - requires independent market verification,True,base_mid * location_factor * category_location_factor * date_factor
PRC-MA-IND-00952,MAT-022,PCB,PCB,Keypad Phone PCB - Branded,Keypad phone,MetalMandi,direct,https://www.metalmandi.in/,2026-09-05,DIRECT,"Current MetalMandi grade listing; use as a benchmark, not a guaranteed pickup quote.",Madhya Pradesh,Indore,Sanwer Road Industrial Area / Palda,Tier 2,2026-09-05,10:30:00,per_kg,113.0,113.0,113.0,0.96,1.0,1.0,93,110,115,88,120,22,23.7,Stable,Configured PCB-market scenario: stable.,The Kabadiwala Authorized MRF Hub,CPCB/EPR-EW/2023/MP-006,Synthetic scenario generated from material baselines and configured location/date factors,Synthetic - requires independent market verification,True,base_mid * location_factor * category_location_factor * date_factor
PRC-MA-IND-00953,MAT-023,PCB,PCB,Keypad Phone PCB - China,Keypad phone,MetalMandi,direct,https://www.metalmandi.in/,2026-09-05,DIRECT,"Current MetalMandi grade listing; use as a benchmark, not a guaranteed pickup quote.",Madhya Pradesh,Indore,Sanwer Road Industrial Area / Palda,Tier 2,2026-09-05,10:30:00,per_kg,38.0,38.0,38.0,0.96,1.0,1.0,31,36,39,29,41,8,25.8,Stable,Configured PCB-market scenario: stable.,The Kabadiwala Authorized MRF Hub,CPCB/EPR-EW/2023/MP-006,Synthetic scenario generated from material baselines and configured location/date factors,Synthetic - requires independent market verification,True,base_mid * location_factor * category_location_factor * date_factor
PRC-MA-IND-00954,MAT-024,PCB,PCB,Smartphone PCB - 8GB Grade,Smartphone,MetalMandi,direct,https://www.metalmandi.in/,2026-09-05,DIRECT,"Current MetalMandi grade listing; use as a benchmark, not a guaranteed pickup quote.",Madhya Pradesh,Indore,Sanwer Road Industrial Area / Palda,Tier 2,2026-09-05,10:30:00,per_kg,420.0,420.0,420.0,0.96,1.0,1.0,345,405,435,330,455,90,26.1,Stable,Configured PCB-market scenario: stable.,The Kabadiwala Authorized MRF Hub,CPCB/EPR-EW/2023/MP-006,Synthetic scenario generated from material baselines and configured location/date factors,Synthetic - requires independent market verification,True,base_mid * location_factor * category_location_factor * date_factor
PRC-MA-IND-00955,MAT-025,PCB,PCB,Smartphone PCB - 128GB Grade,Smartphone,MetalMandi,direct,https://www.metalmandi.in/,2026-09-05,DIRECT,"Current MetalMandi grade listing; use as a benchmark, not a guaranteed pickup quote.",Madhya Pradesh,Indore,Sanwer Road Industrial Area / Palda,Tier 2,2026-09-05,10:30:00,per_kg,1260.0,1260.0,1260.0,0.96,1.0,1.0,1050,1200,1300,1000,1350,250,23.8,Stable,Configured PCB-market scenario: stable.,The Kabadiwala Authorized MRF Hub,CPCB/EPR-EW/2023/MP-006,Synthetic scenario generated from material baselines and configured location/date factors,Synthetic - requires independent market verification,True,base_mid * location_factor * category_location_factor * date_factor
PRC-MA-IND-00956,MAT-026,PCB,PCB,Smartphone PCB - 256GB Grade,Smartphone,MetalMandi,direct,https://www.metalmandi.in/,2026-09-05,DIRECT,"Current MetalMandi grade listing; use as a benchmark, not a guaranteed pickup quote.",Madhya Pradesh,Indore,Sanwer Road Industrial Area / Palda,Tier 2,2026-09-05,10:30:00,per_kg,1960.0,1960.0,1960.0,0.96,1.0,1.0,1600,1900,2050,1500,2150,450,28.1,Stable,Configured PCB-market scenario: stable.,The Kabadiwala Authorized MRF Hub,CPCB/EPR-EW/2023/MP-006,Synthetic scenario generated from material baselines and configured location/date factors,Synthetic - requires independent market verification,True,base_mid * location_factor * category_location_factor * date_factor
PRC-MA-IND-00957,MAT-027,PCB,PCB,Mixed Motherboard Scrap,Desktop / laptop,TradeIndia Ghaziabad listings,direct_range,https://www.tradeindia.com/ghaziabad/motherboard-scrap-city-193475.html,2026-09-05,DIRECT_RANGE,Current listings show roughly ₹360-500/kg for motherboard scrap.,Madhya Pradesh,Indore,Sanwer Road Industrial Area / Palda,Tier 2,2026-07-15,11:00:00,per_kg,360.0,500.0,430.0,0.96,1.0,0.965,345,400,430,330,450,85,24.6,Stable,Configured PCB-market scenario: stable.,The Kabadiwala Authorized MRF Hub,CPCB/EPR-EW/2023/MP-006,Synthetic scenario generated from material baselines and configured location/date factors,Synthetic - requires independent market verification,True,base_mid * location_factor * category_location_factor * date_factor
PRC-MA-IND-00958,MAT-027,PCB,PCB,Mixed Motherboard Scrap,Desktop / laptop,TradeIndia Ghaziabad listings,direct_range,https://www.tradeindia.com/ghaziabad/motherboard-scrap-city-193475.html,2026-09-05,DIRECT_RANGE,Current listings show roughly ₹360-500/kg for motherboard scrap.,Madhya Pradesh,Indore,Sanwer Road Industrial Area / Palda,Tier 2,2026-08-01,11:00:00,per_kg,360.0,500.0,430.0,0.96,1.0,0.978,345,405,435,330,455,90,26.1,Stable,Configured PCB-market scenario: stable.,The Kabadiwala Authorized MRF Hub,CPCB/EPR-EW/2023/MP-006,Synthetic scenario generated from material baselines and configured location/date factors,Synthetic - requires independent market verification,True,base_mid * location_factor * category_location_factor * date_factor
PRC-MA-IND-00959,MAT-027,PCB,PCB,Mixed Motherboard Scrap,Desktop / laptop,TradeIndia Ghaziabad listings,direct_range,https://www.tradeindia.com/ghaziabad/motherboard-scrap-city-193475.html,2026-09-05,DIRECT_RANGE,Current listings show roughly ₹360-500/kg for motherboard scrap.,Madhya Pradesh,Indore,Sanwer Road Industrial Area / Palda,Tier 2,2026-08-15,11:00:00,per_kg,360.0,500.0,430.0,0.96,1.0,0.985,350,405,440,330,460,90,25.7,Stable,Configured PCB-market scenario: stable.,The Kabadiwala Authorized MRF Hub,CPCB/EPR-EW/2023/MP-006,Synthetic scenario generated from material baselines and configured location/date factors,Synthetic - requires independent market verification,True,base_mid * location_factor * category_location_factor * date_factor
PRC-MA-IND-00960,MAT-027,PCB,PCB,Mixed Motherboard Scrap,Desktop / laptop,TradeIndia Ghaziabad listings,direct_range,https://www.tradeindia.com/ghaziabad/motherboard-scrap-city-193475.html,2026-09-05,DIRECT_RANGE,Current listings show roughly ₹360-500/kg for motherboard scrap.,Madhya Pradesh,Indore,Sanwer Road Industrial Area / Palda,Tier 2,2026-09-01,11:00:00,per_kg,360.0,500.0,430.0,0.96,1.0,0.995,355,410,445,335,465,90,25.4,Stable,Configured PCB-market scenario: stable.,The Kabadiwala Authorized MRF Hub,CPCB/EPR-EW/2023/MP-006,Synthetic scenario generated from material baselines and configured location/date factors,Synthetic - requires independent market verification,True,base_mid * location_factor * category_location_factor * date_factor
PRC-MA-IND-00961,MAT-027,PCB,PCB,Mixed Motherboard Scrap,Desktop / laptop,TradeIndia Ghaziabad listings,direct_range,https://www.tradeindia.com/ghaziabad/motherboard-scrap-city-193475.html,2026-09-05,DIRECT_RANGE,Current listings show roughly ₹360-500/kg for motherboard scrap.,Madhya Pradesh,Indore,Sanwer Road Industrial Area / Palda,Tier 2,2026-09-05,10:30:00,per_kg,360.0,500.0,430.0,0.96,1.0,1.0,355,415,445,335,465,90,25.4,Stable,Configured PCB-market scenario: stable.,The Kabadiwala Authorized MRF Hub,CPCB/EPR-EW/2023/MP-006,Synthetic scenario generated from material baselines and configured location/date factors,Synthetic - requires independent market verification,True,base_mid * location_factor * category_location_factor * date_factor
PRC-MA-IND-00962,MAT-028,CABLES_WIRES,Cable,Bare Bright Copper Wire,Electrical/electronic wiring,BIN 2026 guide,direct_range,https://joinbin.com/scrap-rate-copper-india,2026-09-05,DIRECT_RANGE,Grade and copper recovery strongly affect actual offer.,Madhya Pradesh,Indore,Sanwer Road Industrial Area / Palda,Tier 2,2026-07-15,11:00:00,per_kg,650.0,700.0,675.0,0.96,1.0,0.965,540,625,675,515,710,135,25.0,Stable,Configured cable-market scenario: stable.,The Kabadiwala Authorized MRF Hub,CPCB/EPR-EW/2023/MP-006,Synthetic scenario generated from material baselines and configured location/date factors,Synthetic - requires independent market verification,True,base_mid * location_factor * category_location_factor * date_factor
PRC-MA-IND-00963,MAT-028,CABLES_WIRES,Cable,Bare Bright Copper Wire,Electrical/electronic wiring,BIN 2026 guide,direct_range,https://joinbin.com/scrap-rate-copper-india,2026-09-05,DIRECT_RANGE,Grade and copper recovery strongly affect actual offer.,Madhya Pradesh,Indore,Sanwer Road Industrial Area / Palda,Tier 2,2026-08-01,11:00:00,per_kg,650.0,700.0,675.0,0.96,1.0,0.978,545,635,685,520,720,140,25.7,Stable,Configured cable-market scenario: stable.,The Kabadiwala Authorized MRF Hub,CPCB/EPR-EW/2023/MP-006,Synthetic scenario generated from material baselines and configured location/date factors,Synthetic - requires independent market verification,True,base_mid * location_factor * category_location_factor * date_factor
PRC-MA-IND-00964,MAT-028,CABLES_WIRES,Cable,Bare Bright Copper Wire,Electrical/electronic wiring,BIN 2026 guide,direct_range,https://joinbin.com/scrap-rate-copper-india,2026-09-05,DIRECT_RANGE,Grade and copper recovery strongly affect actual offer.,Madhya Pradesh,Indore,Sanwer Road Industrial Area / Palda,Tier 2,2026-08-15,11:00:00,per_kg,650.0,700.0,675.0,0.96,1.0,0.985,550,640,690,520,725,140,25.5,Stable,Configured cable-market scenario: stable.,The Kabadiwala Authorized MRF Hub,CPCB/EPR-EW/2023/MP-006,Synthetic scenario generated from material baselines and configured location/date factors,Synthetic - requires independent market verification,True,base_mid * location_factor * category_location_factor * date_factor
PRC-MA-IND-00965,MAT-028,CABLES_WIRES,Cable,Bare Bright Copper Wire,Electrical/electronic wiring,BIN 2026 guide,direct_range,https://joinbin.com/scrap-rate-copper-india,2026-09-05,DIRECT_RANGE,Grade and copper recovery strongly affect actual offer.,Madhya Pradesh,Indore,Sanwer Road Industrial Area / Palda,Tier 2,2026-09-01,11:00:00,per_kg,650.0,700.0,675.0,0.96,1.0,0.995,555,645,695,525,730,140,25.2,Stable,Configured cable-market scenario: stable.,The Kabadiwala Authorized MRF Hub,CPCB/EPR-EW/2023/MP-006,Synthetic scenario generated from material baselines and configured location/date factors,Synthetic - requires independent market verification,True,base_mid * location_factor * category_location_factor * date_factor
PRC-MA-IND-00966,MAT-028,CABLES_WIRES,Cable,Bare Bright Copper Wire,Electrical/electronic wiring,BIN 2026 guide,direct_range,https://joinbin.com/scrap-rate-copper-india,2026-09-05,DIRECT_RANGE,Grade and copper recovery strongly affect actual offer.,Madhya Pradesh,Indore,Sanwer Road Industrial Area / Palda,Tier 2,2026-09-05,10:30:00,per_kg,650.0,700.0,675.0,0.96,1.0,1.0,555,650,700,525,735,145,26.1,Stable,Configured cable-market scenario: stable.,The Kabadiwala Authorized MRF Hub,CPCB/EPR-EW/2023/MP-006,Synthetic scenario generated from material baselines and configured location/date factors,Synthetic - requires independent market verification,True,base_mid * location_factor * category_location_factor * date_factor
PRC-MA-IND-00967,MAT-029,CABLES_WIRES,Cable,#1 Clean Copper Wire,Electrical/electronic wiring,BIN 2026 guide,direct_range,https://joinbin.com/scrap-rate-copper-india,2026-09-05,DIRECT_RANGE,Grade and copper recovery strongly affect actual offer.,Madhya Pradesh,Indore,Sanwer Road Industrial Area / Palda,Tier 2,2026-09-05,10:30:00,per_kg,620.0,680.0,650.0,0.96,1.0,1.0,535,625,675,510,710,140,26.2,Stable,Configured cable-market scenario: stable.,The Kabadiwala Authorized MRF Hub,CPCB/EPR-EW/2023/MP-006,Synthetic scenario generated from material baselines and configured location/date factors,Synthetic - requires independent market verification,True,base_mid * location_factor * category_location_factor * date_factor
PRC-MA-IND-00968,MAT-030,CABLES_WIRES,Cable,#2 Mixed Copper Wire,Electrical/electronic wiring,BIN 2026 guide,direct_range,https://joinbin.com/scrap-rate-copper-india,2026-09-05,DIRECT_RANGE,Grade and copper recovery strongly affect actual offer.,Madhya Pradesh,Indore,Sanwer Road Industrial Area / Palda,Tier 2,2026-09-05,10:30:00,per_kg,550.0,620.0,585.0,0.96,1.0,1.0,485,560,605,460,635,120,24.7,Stable,Configured cable-market scenario: stable.,The Kabadiwala Authorized MRF Hub,CPCB/EPR-EW/2023/MP-006,Synthetic scenario generated from material baselines and configured location/date factors,Synthetic - requires independent market verification,True,base_mid * location_factor * category_location_factor * date_factor
PRC-MA-IND-00969,MAT-031,CABLES_WIRES,Cable,Insulated Copper Wire,Power/data cable,BIN 2026 guide,direct_range,https://joinbin.com/scrap-rate-copper-india,2026-09-05,DIRECT_RANGE,Grade and copper recovery strongly affect actual offer.,Madhya Pradesh,Indore,Sanwer Road Industrial Area / Palda,Tier 2,2026-07-15,11:00:00,per_kg,350.0,500.0,425.0,0.96,1.0,0.965,340,395,425,325,445,85,25.0,Stable,Configured cable-market scenario: stable.,The Kabadiwala Authorized MRF Hub,CPCB/EPR-EW/2023/MP-006,Synthetic scenario generated from material baselines and configured location/date factors,Synthetic - requires independent market verification,True,base_mid * location_factor * category_location_factor * date_factor
PRC-MA-IND-00970,MAT-031,CABLES_WIRES,Cable,Insulated Copper Wire,Power/data cable,BIN 2026 guide,direct_range,https://joinbin.com/scrap-rate-copper-india,2026-09-05,DIRECT_RANGE,Grade and copper recovery strongly affect actual offer.,Madhya Pradesh,Indore,Sanwer Road Industrial Area / Palda,Tier 2,2026-08-01,11:00:00,per_kg,350.0,500.0,425.0,0.96,1.0,0.978,345,400,430,330,450,85,24.6,Stable,Configured cable-market scenario: stable.,The Kabadiwala Authorized MRF Hub,CPCB/EPR-EW/2023/MP-006,Synthetic scenario generated from material baselines and configured location/date factors,Synthetic - requires independent market verification,True,base_mid * location_factor * category_location_factor * date_factor
PRC-MA-IND-00971,MAT-031,CABLES_WIRES,Cable,Insulated Copper Wire,Power/data cable,BIN 2026 guide,direct_range,https://joinbin.com/scrap-rate-copper-india,2026-09-05,DIRECT_RANGE,Grade and copper recovery strongly affect actual offer.,Madhya Pradesh,Indore,Sanwer Road Industrial Area / Palda,Tier 2,2026-08-15,11:00:00,per_kg,350.0,500.0,425.0,0.96,1.0,0.985,345,400,435,330,455,90,26.1,Stable,Configured cable-market scenario: stable.,The Kabadiwala Authorized MRF Hub,CPCB/EPR-EW/2023/MP-006,Synthetic scenario generated from material baselines and configured location/date factors,Synthetic - requires independent market verification,True,base_mid * location_factor * category_location_factor * date_factor
PRC-MA-IND-00972,MAT-031,CABLES_WIRES,Cable,Insulated Copper Wire,Power/data cable,BIN 2026 guide,direct_range,https://joinbin.com/scrap-rate-copper-india,2026-09-05,DIRECT_RANGE,Grade and copper recovery strongly affect actual offer.,Madhya Pradesh,Indore,Sanwer Road Industrial Area / Palda,Tier 2,2026-09-01,11:00:00,per_kg,350.0,500.0,425.0,0.96,1.0,0.995,350,405,440,330,460,90,25.7,Stable,Configured cable-market scenario: stable.,The Kabadiwala Authorized MRF Hub,CPCB/EPR-EW/2023/MP-006,Synthetic scenario generated from material baselines and configured location/date factors,Synthetic - requires independent market verification,True,base_mid * location_factor * category_location_factor * date_factor
PRC-MA-IND-00973,MAT-031,CABLES_WIRES,Cable,Insulated Copper Wire,Power/data cable,BIN 2026 guide,direct_range,https://joinbin.com/scrap-rate-copper-india,2026-09-05,DIRECT_RANGE,Grade and copper recovery strongly affect actual offer.,Madhya Pradesh,Indore,Sanwer Road Industrial Area / Palda,Tier 2,2026-09-05,10:30:00,per_kg,350.0,500.0,425.0,0.96,1.0,1.0,350,410,440,330,460,90,25.7,Stable,Configured cable-market scenario: stable.,The Kabadiwala Authorized MRF Hub,CPCB/EPR-EW/2023/MP-006,Synthetic scenario generated from material baselines and configured location/date factors,Synthetic - requires independent market verification,True,base_mid * location_factor * category_location_factor * date_factor
PRC-MA-IND-00974,MAT-032,CABLES_WIRES,Cable,Copper Motor Winding Wire,Motor / fan winding,Scrapyard India,direct_range,https://www.scrapyard.co.in/copper-scrap-rates-india,2026-09-05,DIRECT_RANGE,Grade and copper recovery strongly affect actual offer.,Madhya Pradesh,Indore,Sanwer Road Industrial Area / Palda,Tier 2,2026-09-05,10:30:00,per_kg,420.0,450.0,435.0,0.96,1.0,1.0,360,420,450,340,470,90,25.0,Stable,Configured cable-market scenario: stable.,The Kabadiwala Authorized MRF Hub,CPCB/EPR-EW/2023/MP-006,Synthetic scenario generated from material baselines and configured location/date factors,Synthetic - requires independent market verification,True,base_mid * location_factor * category_location_factor * date_factor
PRC-MA-IND-00975,MAT-033,CABLES_WIRES,Cable,Copper Transformer Winding,Transformer / PSU,Scrapyard India,direct_range,https://www.scrapyard.co.in/copper-scrap-rates-india,2026-09-05,DIRECT_RANGE,Grade and copper recovery strongly affect actual offer.,Madhya Pradesh,Indore,Sanwer Road Industrial Area / Palda,Tier 2,2026-09-05,10:30:00,per_kg,380.0,420.0,400.0,0.96,1.0,1.0,330,385,415,315,435,85,25.8,Stable,Configured cable-market scenario: stable.,The Kabadiwala Authorized MRF Hub,CPCB/EPR-EW/2023/MP-006,Synthetic scenario generated from material baselines and configured location/date factors,Synthetic - requires independent market verification,True,base_mid * location_factor * category_location_factor * date_factor
PRC-MA-IND-00976,MAT-034,CABLES_WIRES,Cable,Copper Cable Scrap - High Grade,Power cable,ExportersIndia,direct_range,https://www.exportersindia.com/indian-suppliers/copper-cable-scrap.htm,2026-09-05,DIRECT_RANGE,Grade and copper recovery strongly affect actual offer.,Madhya Pradesh,Indore,Sanwer Road Industrial Area / Palda,Tier 2,2026-09-05,10:30:00,per_kg,650.0,775.0,712.5,0.96,1.0,1.0,590,685,740,560,775,150,25.4,Stable,Configured cable-market scenario: stable.,The Kabadiwala Authorized MRF Hub,CPCB/EPR-EW/2023/MP-006,Synthetic scenario generated from material baselines and configured location/date factors,Synthetic - requires independent market verification,True,base_mid * location_factor * category_location_factor * date_factor
PRC-MA-IND-00977,MAT-035,CABLES_WIRES,Cable,Mixed Low-Grade Electronic Cable,Chargers / data cables,TradeIndia + Scrapyard India,proxy_from_direct,https://www.tradeindia.com/products/icw-insulated-copper-wire-scrap-9932932.html ; https://www.scrapyard.co.in/copper-scrap-rates-india,2026-09-05,PROXY,Grade and copper recovery strongly affect actual offer.,Madhya Pradesh,Indore,Sanwer Road Industrial Area / Palda,Tier 2,2026-09-05,10:30:00,per_kg,250.0,390.0,320.0,0.96,1.0,1.0,265,305,330,250,345,65,24.5,Stable,Configured cable-market scenario: stable.,The Kabadiwala Authorized MRF Hub,CPCB/EPR-EW/2023/MP-006,Synthetic scenario generated from material baselines and configured location/date factors,Synthetic - requires independent market verification,True,base_mid * location_factor * category_location_factor * date_factor
PRC-MA-IND-00978,MAT-036,BATTERIES,Battery,Car Lead-Acid Battery,Car / automotive,ScrapTech,direct,https://scraptechindia.com/,2026-09-05,DIRECT,Battery chemistry must be known before using a specific chemistry rate.,Madhya Pradesh,Indore,Sanwer Road Industrial Area / Palda,Tier 2,2026-07-15,11:00:00,per_kg,125.0,125.0,125.0,0.96,1.0,0.965,100,115,125,95,130,25,25.0,Stable,Configured battery-market scenario: stable.,The Kabadiwala Authorized MRF Hub,CPCB/EPR-EW/2023/MP-006,Synthetic scenario generated from material baselines and configured location/date factors,Synthetic - requires independent market verification,True,base_mid * location_factor * category_location_factor * date_factor
PRC-MA-IND-00979,MAT-036,BATTERIES,Battery,Car Lead-Acid Battery,Car / automotive,ScrapTech,direct,https://scraptechindia.com/,2026-09-05,DIRECT,Battery chemistry must be known before using a specific chemistry rate.,Madhya Pradesh,Indore,Sanwer Road Industrial Area / Palda,Tier 2,2026-08-01,11:00:00,per_kg,125.0,125.0,125.0,0.96,1.0,0.978,100,115,125,95,130,25,25.0,Stable,Configured battery-market scenario: stable.,The Kabadiwala Authorized MRF Hub,CPCB/EPR-EW/2023/MP-006,Synthetic scenario generated from material baselines and configured location/date factors,Synthetic - requires independent market verification,True,base_mid * location_factor * category_location_factor * date_factor
PRC-MA-IND-00980,MAT-036,BATTERIES,Battery,Car Lead-Acid Battery,Car / automotive,ScrapTech,direct,https://scraptechindia.com/,2026-09-05,DIRECT,Battery chemistry must be known before using a specific chemistry rate.,Madhya Pradesh,Indore,Sanwer Road Industrial Area / Palda,Tier 2,2026-08-15,11:00:00,per_kg,125.0,125.0,125.0,0.96,1.0,0.985,100,120,130,95,135,30,30.0,Stable,Configured battery-market scenario: stable.,The Kabadiwala Authorized MRF Hub,CPCB/EPR-EW/2023/MP-006,Synthetic scenario generated from material baselines and configured location/date factors,Synthetic - requires independent market verification,True,base_mid * location_factor * category_location_factor * date_factor
PRC-MA-IND-00981,MAT-036,BATTERIES,Battery,Car Lead-Acid Battery,Car / automotive,ScrapTech,direct,https://scraptechindia.com/,2026-09-05,DIRECT,Battery chemistry must be known before using a specific chemistry rate.,Madhya Pradesh,Indore,Sanwer Road Industrial Area / Palda,Tier 2,2026-09-01,11:00:00,per_kg,125.0,125.0,125.0,0.96,1.0,0.995,105,120,130,100,135,25,23.8,Stable,Configured battery-market scenario: stable.,The Kabadiwala Authorized MRF Hub,CPCB/EPR-EW/2023/MP-006,Synthetic scenario generated from material baselines and configured location/date factors,Synthetic - requires independent market verification,True,base_mid * location_factor * category_location_factor * date_factor
PRC-MA-IND-00982,MAT-036,BATTERIES,Battery,Car Lead-Acid Battery,Car / automotive,ScrapTech,direct,https://scraptechindia.com/,2026-09-05,DIRECT,Battery chemistry must be known before using a specific chemistry rate.,Madhya Pradesh,Indore,Sanwer Road Industrial Area / Palda,Tier 2,2026-09-05,10:30:00,per_kg,125.0,125.0,125.0,0.96,1.0,1.0,105,120,130,100,135,25,23.8,Stable,Configured battery-market scenario: stable.,The Kabadiwala Authorized MRF Hub,CPCB/EPR-EW/2023/MP-006,Synthetic scenario generated from material baselines and configured location/date factors,Synthetic - requires independent market verification,True,base_mid * location_factor * category_location_factor * date_factor
PRC-MA-IND-00983,MAT-037,BATTERIES,Battery,Inverter Battery,Home inverter,The Kabadiwala + ScrapTech,direct_multi_source,https://www.thekabadiwala.com/scrap-rates/Bhopal ; https://scraptechindia.com/,2026-09-05,DIRECT_RANGE,Battery chemistry must be known before using a specific chemistry rate.,Madhya Pradesh,Indore,Sanwer Road Industrial Area / Palda,Tier 2,2026-07-15,11:00:00,per_kg,80.0,110.0,95.0,0.96,1.0,0.965,76,88,95,72,100,19,25.0,Stable,Configured battery-market scenario: stable.,The Kabadiwala Authorized MRF Hub,CPCB/EPR-EW/2023/MP-006,Synthetic scenario generated from material baselines and configured location/date factors,Synthetic - requires independent market verification,True,base_mid * location_factor * category_location_factor * date_factor
PRC-MA-IND-00984,MAT-037,BATTERIES,Battery,Inverter Battery,Home inverter,The Kabadiwala + ScrapTech,direct_multi_source,https://www.thekabadiwala.com/scrap-rates/Bhopal ; https://scraptechindia.com/,2026-09-05,DIRECT_RANGE,Battery chemistry must be known before using a specific chemistry rate.,Madhya Pradesh,Indore,Sanwer Road Industrial Area / Palda,Tier 2,2026-08-01,11:00:00,per_kg,80.0,110.0,95.0,0.96,1.0,0.978,77,89,96,73,100,19,24.7,Stable,Configured battery-market scenario: stable.,The Kabadiwala Authorized MRF Hub,CPCB/EPR-EW/2023/MP-006,Synthetic scenario generated from material baselines and configured location/date factors,Synthetic - requires independent market verification,True,base_mid * location_factor * category_location_factor * date_factor
PRC-MA-IND-00985,MAT-037,BATTERIES,Battery,Inverter Battery,Home inverter,The Kabadiwala + ScrapTech,direct_multi_source,https://www.thekabadiwala.com/scrap-rates/Bhopal ; https://scraptechindia.com/,2026-09-05,DIRECT_RANGE,Battery chemistry must be known before using a specific chemistry rate.,Madhya Pradesh,Indore,Sanwer Road Industrial Area / Palda,Tier 2,2026-08-15,11:00:00,per_kg,80.0,110.0,95.0,0.96,1.0,0.985,77,90,97,73,100,20,26.0,Stable,Configured battery-market scenario: stable.,The Kabadiwala Authorized MRF Hub,CPCB/EPR-EW/2023/MP-006,Synthetic scenario generated from material baselines and configured location/date factors,Synthetic - requires independent market verification,True,base_mid * location_factor * category_location_factor * date_factor
PRC-MA-IND-00986,MAT-037,BATTERIES,Battery,Inverter Battery,Home inverter,The Kabadiwala + ScrapTech,direct_multi_source,https://www.thekabadiwala.com/scrap-rates/Bhopal ; https://scraptechindia.com/,2026-09-05,DIRECT_RANGE,Battery chemistry must be known before using a specific chemistry rate.,Madhya Pradesh,Indore,Sanwer Road Industrial Area / Palda,Tier 2,2026-09-01,11:00:00,per_kg,80.0,110.0,95.0,0.96,1.0,0.995,78,91,98,74,105,20,25.6,Stable,Configured battery-market scenario: stable.,The Kabadiwala Authorized MRF Hub,CPCB/EPR-EW/2023/MP-006,Synthetic scenario generated from material baselines and configured location/date factors,Synthetic - requires independent market verification,True,base_mid * location_factor * category_location_factor * date_factor
PRC-MA-IND-00987,MAT-037,BATTERIES,Battery,Inverter Battery,Home inverter,The Kabadiwala + ScrapTech,direct_multi_source,https://www.thekabadiwala.com/scrap-rates/Bhopal ; https://scraptechindia.com/,2026-09-05,DIRECT_RANGE,Battery chemistry must be known before using a specific chemistry rate.,Madhya Pradesh,Indore,Sanwer Road Industrial Area / Palda,Tier 2,2026-09-05,10:30:00,per_kg,80.0,110.0,95.0,0.96,1.0,1.0,78,91,98,74,105,20,25.6,Stable,Configured battery-market scenario: stable.,The Kabadiwala Authorized MRF Hub,CPCB/EPR-EW/2023/MP-006,Synthetic scenario generated from material baselines and configured location/date factors,Synthetic - requires independent market verification,True,base_mid * location_factor * category_location_factor * date_factor
PRC-MA-IND-00988,MAT-038,BATTERIES,Battery,Lead-Acid Battery - Generic,UPS / backup power,ScrapTech,direct,https://scraptechindia.com/,2026-09-05,DIRECT,Battery chemistry must be known before using a specific chemistry rate.,Madhya Pradesh,Indore,Sanwer Road Industrial Area / Palda,Tier 2,2026-09-05,10:30:00,per_kg,95.0,95.0,95.0,0.96,1.0,1.0,78,91,98,74,105,20,25.6,Stable,Configured battery-market scenario: stable.,The Kabadiwala Authorized MRF Hub,CPCB/EPR-EW/2023/MP-006,Synthetic scenario generated from material baselines and configured location/date factors,Synthetic - requires independent market verification,True,base_mid * location_factor * category_location_factor * date_factor
PRC-MA-IND-00989,MAT-039,BATTERIES,Battery,Li-ion Battery - Mixed,Consumer electronics,ScrapTech,direct,https://scraptechindia.com/,2026-09-05,DIRECT,Battery chemistry must be known before using a specific chemistry rate.,Madhya Pradesh,Indore,Sanwer Road Industrial Area / Palda,Tier 2,2026-09-05,10:30:00,per_kg,145.0,145.0,145.0,0.96,1.0,1.0,120,140,150,115,160,30,25.0,Stable,Configured battery-market scenario: stable.,The Kabadiwala Authorized MRF Hub,CPCB/EPR-EW/2023/MP-006,Synthetic scenario generated from material baselines and configured location/date factors,Synthetic - requires independent market verification,True,base_mid * location_factor * category_location_factor * date_factor
PRC-MA-IND-00990,MAT-040,BATTERIES,Battery,Laptop Li-ion Battery,Laptop,MetalMandi,direct,https://www.metalmandi.in/,2026-09-05,DIRECT,Battery chemistry must be known before using a specific chemistry rate.,Madhya Pradesh,Indore,Sanwer Road Industrial Area / Palda,Tier 2,2026-09-05,10:30:00,per_kg,298.0,298.0,298.0,0.96,1.0,1.0,245,285,310,235,325,65,26.5,Stable,Configured battery-market scenario: stable.,The Kabadiwala Authorized MRF Hub,CPCB/EPR-EW/2023/MP-006,Synthetic scenario generated from material baselines and configured location/date factors,Synthetic - requires independent market verification,True,base_mid * location_factor * category_location_factor * date_factor
PRC-MA-IND-00991,MAT-041,BATTERIES,Battery,Smartphone Li-ion Battery,Smartphone,MetalMandi,direct,https://www.metalmandi.in/,2026-09-05,DIRECT,Battery chemistry must be known before using a specific chemistry rate.,Madhya Pradesh,Indore,Sanwer Road Industrial Area / Palda,Tier 2,2026-09-05,10:30:00,per_kg,702.0,702.0,702.0,0.96,1.0,1.0,580,675,730,550,765,150,25.9,Stable,Configured battery-market scenario: stable.,The Kabadiwala Authorized MRF Hub,CPCB/EPR-EW/2023/MP-006,Synthetic scenario generated from material baselines and configured location/date factors,Synthetic - requires independent market verification,True,base_mid * location_factor * category_location_factor * date_factor
PRC-MA-IND-00992,MAT-042,BATTERIES,Battery,Keypad Phone Battery,Keypad phone,MetalMandi,direct,https://www.metalmandi.in/,2026-09-05,DIRECT,Battery chemistry must be known before using a specific chemistry rate.,Madhya Pradesh,Indore,Sanwer Road Industrial Area / Palda,Tier 2,2026-09-05,10:30:00,per_kg,347.0,347.0,347.0,0.96,1.0,1.0,285,335,360,270,380,75,26.3,Stable,Configured battery-market scenario: stable.,The Kabadiwala Authorized MRF Hub,CPCB/EPR-EW/2023/MP-006,Synthetic scenario generated from material baselines and configured location/date factors,Synthetic - requires independent market verification,True,base_mid * location_factor * category_location_factor * date_factor
PRC-MA-IND-00993,MAT-043,BATTERIES,Battery,Powerbank / Earbud / Small Gadget Battery,Small electronics,MetalMandi,direct,https://www.metalmandi.in/,2026-09-05,DIRECT,Battery chemistry must be known before using a specific chemistry rate.,Madhya Pradesh,Indore,Sanwer Road Industrial Area / Palda,Tier 2,2026-09-05,10:30:00,per_kg,273.0,273.0,273.0,0.96,1.0,1.0,225,260,285,215,300,60,26.7,Stable,Configured battery-market scenario: stable.,The Kabadiwala Authorized MRF Hub,CPCB/EPR-EW/2023/MP-006,Synthetic scenario generated from material baselines and configured location/date factors,Synthetic - requires independent market verification,True,base_mid * location_factor * category_location_factor * date_factor
PRC-MA-IND-00994,MAT-044,BATTERIES,Battery,UPS / Non-Portable Li-ion Battery,UPS / stationary storage,MetalMandi,direct,https://www.metalmandi.in/,2026-09-05,DIRECT,Battery chemistry must be known before using a specific chemistry rate.,Madhya Pradesh,Indore,Sanwer Road Industrial Area / Palda,Tier 2,2026-09-05,10:30:00,per_kg,70.0,70.0,70.0,0.96,1.0,1.0,58,67,73,55,77,15,25.9,Stable,Configured battery-market scenario: stable.,The Kabadiwala Authorized MRF Hub,CPCB/EPR-EW/2023/MP-006,Synthetic scenario generated from material baselines and configured location/date factors,Synthetic - requires independent market verification,True,base_mid * location_factor * category_location_factor * date_factor
PRC-MA-IND-00995,MAT-045,MOTORS,Motor,Mixed E-waste Motor - Copper Wiring,Small appliances,Kabadiwalla Uncle + Scrap Savvy,direct_multi_source,https://www.kabadiwalla.in/cms-rates ; https://scrapsavvykabadiwala.com/scrap-rates-today-scrap-prices/,2026-09-05,DIRECT_RANGE,Motor rate varies heavily with copper content and whether dismantled.,Madhya Pradesh,Indore,Sanwer Road Industrial Area / Palda,Tier 2,2026-09-05,10:30:00,per_kg,38.0,55.0,46.5,0.96,1.0,1.0,38,45,48,36,50,10,26.3,Stable,Configured motor-market scenario: stable.,The Kabadiwala Authorized MRF Hub,CPCB/EPR-EW/2023/MP-006,Synthetic scenario generated from material baselines and configured location/date factors,Synthetic - requires independent market verification,True,base_mid * location_factor * category_location_factor * date_factor
PRC-MA-IND-00996,MAT-046,MOTORS,Motor,DC Fan Motor Scrap,DC fan / electronics cooling,ExportersIndia - Musa Traders,direct_range,https://www.exportersindia.com/musa-traders/copperscrap.htm,2026-09-05,DIRECT_RANGE,Motor rate varies heavily with copper content and whether dismantled.,Madhya Pradesh,Indore,Sanwer Road Industrial Area / Palda,Tier 2,2026-07-15,11:00:00,per_kg,50.0,70.0,60.0,0.96,1.0,0.965,48,56,60,46,63,12,25.0,Stable,Configured motor-market scenario: stable.,The Kabadiwala Authorized MRF Hub,CPCB/EPR-EW/2023/MP-006,Synthetic scenario generated from material baselines and configured location/date factors,Synthetic - requires independent market verification,True,base_mid * location_factor * category_location_factor * date_factor
PRC-MA-IND-00997,MAT-046,MOTORS,Motor,DC Fan Motor Scrap,DC fan / electronics cooling,ExportersIndia - Musa Traders,direct_range,https://www.exportersindia.com/musa-traders/copperscrap.htm,2026-09-05,DIRECT_RANGE,Motor rate varies heavily with copper content and whether dismantled.,Madhya Pradesh,Indore,Sanwer Road Industrial Area / Palda,Tier 2,2026-08-01,11:00:00,per_kg,50.0,70.0,60.0,0.96,1.0,0.978,48,56,61,46,64,13,27.1,Stable,Configured motor-market scenario: stable.,The Kabadiwala Authorized MRF Hub,CPCB/EPR-EW/2023/MP-006,Synthetic scenario generated from material baselines and configured location/date factors,Synthetic - requires independent market verification,True,base_mid * location_factor * category_location_factor * date_factor
PRC-MA-IND-00998,MAT-046,MOTORS,Motor,DC Fan Motor Scrap,DC fan / electronics cooling,ExportersIndia - Musa Traders,direct_range,https://www.exportersindia.com/musa-traders/copperscrap.htm,2026-09-05,DIRECT_RANGE,Motor rate varies heavily with copper content and whether dismantled.,Madhya Pradesh,Indore,Sanwer Road Industrial Area / Palda,Tier 2,2026-08-15,11:00:00,per_kg,50.0,70.0,60.0,0.96,1.0,0.985,49,57,61,47,64,12,24.5,Stable,Configured motor-market scenario: stable.,The Kabadiwala Authorized MRF Hub,CPCB/EPR-EW/2023/MP-006,Synthetic scenario generated from material baselines and configured location/date factors,Synthetic - requires independent market verification,True,base_mid * location_factor * category_location_factor * date_factor
PRC-MA-IND-00999,MAT-046,MOTORS,Motor,DC Fan Motor Scrap,DC fan / electronics cooling,ExportersIndia - Musa Traders,direct_range,https://www.exportersindia.com/musa-traders/copperscrap.htm,2026-09-05,DIRECT_RANGE,Motor rate varies heavily with copper content and whether dismantled.,Madhya Pradesh,Indore,Sanwer Road Industrial Area / Palda,Tier 2,2026-09-01,11:00:00,per_kg,50.0,70.0,60.0,0.96,1.0,0.995,49,57,62,47,65,13,26.5,Stable,Configured motor-market scenario: stable.,The Kabadiwala Authorized MRF Hub,CPCB/EPR-EW/2023/MP-006,Synthetic scenario generated from material baselines and configured location/date factors,Synthetic - requires independent market verification,True,base_mid * location_factor * category_location_factor * date_factor
PRC-MA-IND-01000,MAT-046,MOTORS,Motor,DC Fan Motor Scrap,DC fan / electronics cooling,ExportersIndia - Musa Traders,direct_range,https://www.exportersindia.com/musa-traders/copperscrap.htm,2026-09-05,DIRECT_RANGE,Motor rate varies heavily with copper content and whether dismantled.,Madhya Pradesh,Indore,Sanwer Road Industrial Area / Palda,Tier 2,2026-09-05,10:30:00,per_kg,50.0,70.0,60.0,0.96,1.0,1.0,50,58,62,48,65,12,24.0,Stable,Configured motor-market scenario: stable.,The Kabadiwala Authorized MRF Hub,CPCB/EPR-EW/2023/MP-006,Synthetic scenario generated from material baselines and configured location/date factors,Synthetic - requires independent market verification,True,base_mid * location_factor * category_location_factor * date_factor
PRC-MA-IND-01001,MAT-047,MOTORS,Motor,Ceiling Fan Motor Scrap,Ceiling fan,Justdial supplier listing,direct_range,https://www.justdial.com/jdmart/Ernakulam/Ceiling-Fan-Scrap/pid-2216994813/0484P484STD3000251,2026-09-05,DIRECT_RANGE,Motor rate varies heavily with copper content and whether dismantled.,Madhya Pradesh,Indore,Sanwer Road Industrial Area / Palda,Tier 2,2026-07-15,11:00:00,per_kg,150.0,250.0,200.0,0.96,1.0,0.965,160,185,200,150,210,40,25.0,Stable,Configured motor-market scenario: stable.,The Kabadiwala Authorized MRF Hub,CPCB/EPR-EW/2023/MP-006,Synthetic scenario generated from material baselines and configured location/date factors,Synthetic - requires independent market verification,True,base_mid * location_factor * category_location_factor * date_factor
PRC-MA-IND-01002,MAT-047,MOTORS,Motor,Ceiling Fan Motor Scrap,Ceiling fan,Justdial supplier listing,direct_range,https://www.justdial.com/jdmart/Ernakulam/Ceiling-Fan-Scrap/pid-2216994813/0484P484STD3000251,2026-09-05,DIRECT_RANGE,Motor rate varies heavily with copper content and whether dismantled.,Madhya Pradesh,Indore,Sanwer Road Industrial Area / Palda,Tier 2,2026-08-01,11:00:00,per_kg,150.0,250.0,200.0,0.96,1.0,0.978,160,190,205,150,215,45,28.1,Stable,Configured motor-market scenario: stable.,The Kabadiwala Authorized MRF Hub,CPCB/EPR-EW/2023/MP-006,Synthetic scenario generated from material baselines and configured location/date factors,Synthetic - requires independent market verification,True,base_mid * location_factor * category_location_factor * date_factor
PRC-MA-IND-01003,MAT-047,MOTORS,Motor,Ceiling Fan Motor Scrap,Ceiling fan,Justdial supplier listing,direct_range,https://www.justdial.com/jdmart/Ernakulam/Ceiling-Fan-Scrap/pid-2216994813/0484P484STD3000251,2026-09-05,DIRECT_RANGE,Motor rate varies heavily with copper content and whether dismantled.,Madhya Pradesh,Indore,Sanwer Road Industrial Area / Palda,Tier 2,2026-08-15,11:00:00,per_kg,150.0,250.0,200.0,0.96,1.0,0.985,165,190,205,155,215,40,24.2,Stable,Configured motor-market scenario: stable.,The Kabadiwala Authorized MRF Hub,CPCB/EPR-EW/2023/MP-006,Synthetic scenario generated from material baselines and configured location/date factors,Synthetic - requires independent market verification,True,base_mid * location_factor * category_location_factor * date_factor
PRC-MA-IND-01004,MAT-047,MOTORS,Motor,Ceiling Fan Motor Scrap,Ceiling fan,Justdial supplier listing,direct_range,https://www.justdial.com/jdmart/Ernakulam/Ceiling-Fan-Scrap/pid-2216994813/0484P484STD3000251,2026-09-05,DIRECT_RANGE,Motor rate varies heavily with copper content and whether dismantled.,Madhya Pradesh,Indore,Sanwer Road Industrial Area / Palda,Tier 2,2026-09-01,11:00:00,per_kg,150.0,250.0,200.0,0.96,1.0,0.995,165,190,205,155,215,40,24.2,Stable,Configured motor-market scenario: stable.,The Kabadiwala Authorized MRF Hub,CPCB/EPR-EW/2023/MP-006,Synthetic scenario generated from material baselines and configured location/date factors,Synthetic - requires independent market verification,True,base_mid * location_factor * category_location_factor * date_factor
PRC-MA-IND-01005,MAT-047,MOTORS,Motor,Ceiling Fan Motor Scrap,Ceiling fan,Justdial supplier listing,direct_range,https://www.justdial.com/jdmart/Ernakulam/Ceiling-Fan-Scrap/pid-2216994813/0484P484STD3000251,2026-09-05,DIRECT_RANGE,Motor rate varies heavily with copper content and whether dismantled.,Madhya Pradesh,Indore,Sanwer Road Industrial Area / Palda,Tier 2,2026-09-05,10:30:00,per_kg,150.0,250.0,200.0,0.96,1.0,1.0,165,190,205,155,215,40,24.2,Stable,Configured motor-market scenario: stable.,The Kabadiwala Authorized MRF Hub,CPCB/EPR-EW/2023/MP-006,Synthetic scenario generated from material baselines and configured location/date factors,Synthetic - requires independent market verification,True,base_mid * location_factor * category_location_factor * date_factor
PRC-MA-IND-01006,MAT-048,MOTORS,Motor,Small Appliance Motor,Mixer / pump / appliance,Kabadiwalla Uncle + Musa Traders,proxy_from_direct,https://www.kabadiwalla.in/cms-rates ; https://www.exportersindia.com/musa-traders/copperscrap.htm,2026-09-05,PROXY,Motor rate varies heavily with copper content and whether dismantled.,Madhya Pradesh,Indore,Sanwer Road Industrial Area / Palda,Tier 2,2026-09-05,10:30:00,per_kg,38.0,70.0,54.0,0.96,1.0,1.0,45,52,56,43,59,11,24.4,Stable,Configured motor-market scenario: stable.,The Kabadiwala Authorized MRF Hub,CPCB/EPR-EW/2023/MP-006,Synthetic scenario generated from material baselines and configured location/date factors,Synthetic - requires independent market verification,True,base_mid * location_factor * category_location_factor * date_factor
PRC-MA-IND-01007,MAT-049,MOTORS,Motor,Printer / Scanner Motor,Printer / scanner,Kabadiwalla Uncle + Musa Traders,proxy_from_direct,https://www.kabadiwalla.in/cms-rates ; https://www.exportersindia.com/musa-traders/copperscrap.htm,2026-09-05,PROXY,Motor rate varies heavily with copper content and whether dismantled.,Madhya Pradesh,Indore,Sanwer Road Industrial Area / Palda,Tier 2,2026-09-05,10:30:00,per_kg,38.0,70.0,54.0,0.96,1.0,1.0,45,52,56,43,59,11,24.4,Stable,Configured motor-market scenario: stable.,The Kabadiwala Authorized MRF Hub,CPCB/EPR-EW/2023/MP-006,Synthetic scenario generated from material baselines and configured location/date factors,Synthetic - requires independent market verification,True,base_mid * location_factor * category_location_factor * date_factor
PRC-MA-IND-01008,MAT-050,MOTORS,Motor,Large Copper-Wound Motor,Industrial / appliance motor,Scrap Savvy + fan-motor listing,proxy_from_direct,https://scrapsavvykabadiwala.com/scrap-rates-today-scrap-prices/ ; https://www.justdial.com/jdmart/Ernakulam/Ceiling-Fan-Scrap/pid-2216994813/0484P484STD3000251,2026-09-05,PROXY,Motor rate varies heavily with copper content and whether dismantled.,Madhya Pradesh,Indore,Sanwer Road Industrial Area / Palda,Tier 2,2026-09-05,10:30:00,per_kg,55.0,150.0,102.5,0.96,1.0,1.0,85,98,105,81,110,20,23.5,Stable,Configured motor-market scenario: stable.,The Kabadiwala Authorized MRF Hub,CPCB/EPR-EW/2023/MP-006,Synthetic scenario generated from material baselines and configured location/date factors,Synthetic - requires independent market verification,True,base_mid * location_factor * category_location_factor * date_factor
PRC-MA-IND-01009,MAT-051,PLASTICS,Mixed Plastic,ABS Plastic - Electronics Housing,Computer / appliance casing,TradeIndia,direct_range,https://www.tradeindia.com/products/abs-plastic-scraps-c1707904.html,2026-09-05,DIRECT_RANGE,Plastic resin identification materially changes value.,Madhya Pradesh,Indore,Sanwer Road Industrial Area / Palda,Tier 2,2026-09-05,10:30:00,per_kg,30.0,40.0,35.0,0.96,1.0,1.0,29,34,36,28,38,7,24.1,Stable,Configured plastic-market scenario: stable.,The Kabadiwala Authorized MRF Hub,CPCB/EPR-EW/2023/MP-006,Synthetic scenario generated from material baselines and configured location/date factors,Synthetic - requires independent market verification,True,base_mid * location_factor * category_location_factor * date_factor
PRC-MA-IND-01010,MAT-052,PLASTICS,Mixed Plastic,HDPE Plastic Scrap,Cable/accessory housings,Scrapprice India,direct,https://scrapprice.in/scrap-materials,2026-09-05,DIRECT,Plastic resin identification materially changes value.,Madhya Pradesh,Indore,Sanwer Road Industrial Area / Palda,Tier 2,2026-09-05,10:30:00,per_kg,57.5,57.5,57.5,0.96,1.0,1.0,47,55,60,45,63,13,27.7,Stable,Configured plastic-market scenario: stable.,The Kabadiwala Authorized MRF Hub,CPCB/EPR-EW/2023/MP-006,Synthetic scenario generated from material baselines and configured location/date factors,Synthetic - requires independent market verification,True,base_mid * location_factor * category_location_factor * date_factor
PRC-MA-IND-01011,MAT-053,PLASTICS,Mixed Plastic,PP Plastic Scrap,Electronics housings / parts,Scrapprice India,direct,https://scrapprice.in/scrap-materials,2026-09-05,DIRECT,Plastic resin identification materially changes value.,Madhya Pradesh,Indore,Sanwer Road Industrial Area / Palda,Tier 2,2026-09-05,10:30:00,per_kg,77.83,77.83,77.83,0.96,1.0,1.0,64,75,81,61,85,17,26.6,Stable,Configured plastic-market scenario: stable.,The Kabadiwala Authorized MRF Hub,CPCB/EPR-EW/2023/MP-006,Synthetic scenario generated from material baselines and configured location/date factors,Synthetic - requires independent market verification,True,base_mid * location_factor * category_location_factor * date_factor
PRC-MA-IND-01012,MAT-054,PLASTICS,Mixed Plastic,LDPE Plastic Scrap,Flexible electronic packaging / insulation,Scrapprice India,direct,https://scrapprice.in/scrap-materials,2026-09-05,DIRECT,Plastic resin identification materially changes value.,Madhya Pradesh,Indore,Sanwer Road Industrial Area / Palda,Tier 2,2026-09-05,10:30:00,per_kg,83.0,83.0,83.0,0.96,1.0,1.0,69,80,86,66,90,17,24.6,Stable,Configured plastic-market scenario: stable.,The Kabadiwala Authorized MRF Hub,CPCB/EPR-EW/2023/MP-006,Synthetic scenario generated from material baselines and configured location/date factors,Synthetic - requires independent market verification,True,base_mid * location_factor * category_location_factor * date_factor
PRC-MA-IND-01013,MAT-055,PLASTICS,Mixed Plastic,PVC Plastic Scrap,Cable insulation / housings,Scrapprice India,direct,https://scrapprice.in/scrap-materials,2026-09-05,DIRECT,Plastic resin identification materially changes value.,Madhya Pradesh,Indore,Sanwer Road Industrial Area / Palda,Tier 2,2026-09-05,10:30:00,per_kg,22.2,22.2,22.2,0.96,1.0,1.0,18.3,21,23,17.4,24,4.7,25.7,Stable,Configured plastic-market scenario: stable.,The Kabadiwala Authorized MRF Hub,CPCB/EPR-EW/2023/MP-006,Synthetic scenario generated from material baselines and configured location/date factors,Synthetic - requires independent market verification,True,base_mid * location_factor * category_location_factor * date_factor
PRC-MA-IND-01014,MAT-056,PLASTICS,Mixed Plastic,PET Plastic Scrap,Packaging / accessory plastics,Scrapprice India,direct,https://scrapprice.in/scrap-materials,2026-09-05,DIRECT,Plastic resin identification materially changes value.,Madhya Pradesh,Indore,Sanwer Road Industrial Area / Palda,Tier 2,2026-09-05,10:30:00,per_kg,33.5,33.5,33.5,0.96,1.0,1.0,28,32,35,27,37,7,25.0,Stable,Configured plastic-market scenario: stable.,The Kabadiwala Authorized MRF Hub,CPCB/EPR-EW/2023/MP-006,Synthetic scenario generated from material baselines and configured location/date factors,Synthetic - requires independent market verification,True,base_mid * location_factor * category_location_factor * date_factor
PRC-MA-IND-01015,MAT-057,PLASTICS,Mixed Plastic,Mixed Plastic - E-waste,Mixed electronic plastic,The Kabadiwala + Scrapprice India,direct_multi_source,https://www.thekabadiwala.com/scrap-rates/Bhopal ; https://scrapprice.in/scrap-materials,2026-09-05,DIRECT_RANGE,Plastic resin identification materially changes value.,Madhya Pradesh,Indore,Sanwer Road Industrial Area / Palda,Tier 2,2026-09-05,10:30:00,per_kg,12.0,57.29,34.64,0.96,1.0,1.0,29,33,36,28,38,7,24.1,Stable,Configured plastic-market scenario: stable.,The Kabadiwala Authorized MRF Hub,CPCB/EPR-EW/2023/MP-006,Synthetic scenario generated from material baselines and configured location/date factors,Synthetic - requires independent market verification,True,base_mid * location_factor * category_location_factor * date_factor
PRC-MA-IND-01016,MAT-058,MOBILE_TABLETS,Mobile Phone,Keypad Phone - Complete,Keypad phone,Scrap Savvy + Kabadiwala Online,direct_multi_source,https://scrapsavvykabadiwala.com/scrap-rates-today-scrap-prices/ ; https://kabadiwalaonline.com/secrap-rates/,2026-09-05,DIRECT_RANGE,"Complete-device pickup prices depend heavily on model, storage, condition and lock status.",Madhya Pradesh,Indore,Sanwer Road Industrial Area / Palda,Tier 2,2026-09-05,10:30:00,per_piece,10.0,20.0,15.0,0.96,1.0,1.0,12.4,14.4,15.6,11.8,16.4,3.2,25.8,Stable,Configured synthetic market scenario.,The Kabadiwala Authorized MRF Hub,CPCB/EPR-EW/2023/MP-006,Synthetic scenario generated from material baselines and configured location/date factors,Synthetic - requires independent market verification,True,base_mid * location_factor * category_location_factor * date_factor
PRC-MA-IND-01017,MAT-059,MOBILE_TABLETS,Mobile Phone,Smartphone - Generic Complete,Smartphone,Scrap Savvy + Kabadiwala Online,direct_multi_source,https://scrapsavvykabadiwala.com/scrap-rates-today-scrap-prices/ ; https://kabadiwalaonline.com/secrap-rates/,2026-09-05,DIRECT_RANGE,"Complete-device pickup prices depend heavily on model, storage, condition and lock status.",Madhya Pradesh,Indore,Sanwer Road Industrial Area / Palda,Tier 2,2026-09-05,10:30:00,per_piece,20.0,60.0,40.0,0.96,1.0,1.0,33,38,41,31,43,8,24.2,Stable,Configured synthetic market scenario.,The Kabadiwala Authorized MRF Hub,CPCB/EPR-EW/2023/MP-006,Synthetic scenario generated from material baselines and configured location/date factors,Synthetic - requires independent market verification,True,base_mid * location_factor * category_location_factor * date_factor
PRC-MA-IND-01018,MAT-060,MOBILE_TABLETS,Mobile Phone,Tablet - Generic Complete,Tablet,Kabadiwalla Uncle + Kabadiwala Online,direct_multi_source,https://www.kabadiwalla.in/cms-rates ; https://kabadiwalaonline.com/secrap-rates/,2026-09-05,DIRECT_RANGE,"Complete-device pickup prices depend heavily on model, storage, condition and lock status.",Madhya Pradesh,Indore,Sanwer Road Industrial Area / Palda,Tier 2,2026-09-05,10:30:00,per_piece,30.0,60.0,45.0,0.96,1.0,1.0,37,43,47,35,49,10,27.0,Stable,Configured synthetic market scenario.,The Kabadiwala Authorized MRF Hub,CPCB/EPR-EW/2023/MP-006,Synthetic scenario generated from material baselines and configured location/date factors,Synthetic - requires independent market verification,True,base_mid * location_factor * category_location_factor * date_factor
PRC-MA-IND-01019,MAT-061,MOBILE_TABLETS,Mobile Phone,Android Smartphone - 16GB,Smartphone,Scrap Mitra,direct,https://scrapmitra.com/,2026-09-05,DIRECT,"Complete-device pickup prices depend heavily on model, storage, condition and lock status.",Madhya Pradesh,Indore,Sanwer Road Industrial Area / Palda,Tier 2,2026-09-05,10:30:00,per_piece,200.0,200.0,200.0,0.96,1.0,1.0,165,190,205,155,215,40,24.2,Stable,Configured synthetic market scenario.,The Kabadiwala Authorized MRF Hub,CPCB/EPR-EW/2023/MP-006,Synthetic scenario generated from material baselines and configured location/date factors,Synthetic - requires independent market verification,True,base_mid * location_factor * category_location_factor * date_factor
PRC-MA-IND-01020,MAT-062,MOBILE_TABLETS,Mobile Phone,Android Smartphone - 32GB,Smartphone,Scrap Mitra,direct,https://scrapmitra.com/,2026-09-05,DIRECT,"Complete-device pickup prices depend heavily on model, storage, condition and lock status.",Madhya Pradesh,Indore,Sanwer Road Industrial Area / Palda,Tier 2,2026-09-05,10:30:00,per_piece,400.0,400.0,400.0,0.96,1.0,1.0,330,385,415,315,435,85,25.8,Stable,Configured synthetic market scenario.,The Kabadiwala Authorized MRF Hub,CPCB/EPR-EW/2023/MP-006,Synthetic scenario generated from material baselines and configured location/date factors,Synthetic - requires independent market verification,True,base_mid * location_factor * category_location_factor * date_factor
PRC-MA-IND-01021,MAT-063,MOBILE_TABLETS,Mobile Phone,Android Smartphone - 64GB,Smartphone,Scrap Mitra,direct,https://scrapmitra.com/,2026-09-05,DIRECT,"Complete-device pickup prices depend heavily on model, storage, condition and lock status.",Madhya Pradesh,Indore,Sanwer Road Industrial Area / Palda,Tier 2,2026-09-05,10:30:00,per_piece,650.0,650.0,650.0,0.96,1.0,1.0,535,625,675,510,710,140,26.2,Stable,Configured synthetic market scenario.,The Kabadiwala Authorized MRF Hub,CPCB/EPR-EW/2023/MP-006,Synthetic scenario generated from material baselines and configured location/date factors,Synthetic - requires independent market verification,True,base_mid * location_factor * category_location_factor * date_factor
PRC-MA-IND-01022,MAT-064,MOBILE_TABLETS,Mobile Phone,Android Smartphone - 128GB,Smartphone,Scrap Mitra,direct,https://scrapmitra.com/,2026-09-05,DIRECT,"Complete-device pickup prices depend heavily on model, storage, condition and lock status.",Madhya Pradesh,Indore,Sanwer Road Industrial Area / Palda,Tier 2,2026-09-05,10:30:00,per_piece,1000.0,1000.0,1000.0,0.96,1.0,1.0,825,960,1050,785,1100,225,27.3,Stable,Configured synthetic market scenario.,The Kabadiwala Authorized MRF Hub,CPCB/EPR-EW/2023/MP-006,Synthetic scenario generated from material baselines and configured location/date factors,Synthetic - requires independent market verification,True,base_mid * location_factor * category_location_factor * date_factor
PRC-MA-IND-01023,MAT-065,MOBILE_TABLETS,Mobile Phone,Android Smartphone - 256GB,Smartphone,Scrap Mitra,direct,https://scrapmitra.com/,2026-09-05,DIRECT,"Complete-device pickup prices depend heavily on model, storage, condition and lock status.",Madhya Pradesh,Indore,Sanwer Road Industrial Area / Palda,Tier 2,2026-09-05,10:30:00,per_piece,2300.0,2300.0,2300.0,0.96,1.0,1.0,1900,2200,2400,1800,2500,500,26.3,Stable,Configured synthetic market scenario.,The Kabadiwala Authorized MRF Hub,CPCB/EPR-EW/2023/MP-006,Synthetic scenario generated from material baselines and configured location/date factors,Synthetic - requires independent market verification,True,base_mid * location_factor * category_location_factor * date_factor
PRC-RA-JAI-01024,MAT-001,CRT,CRT,CRT Monitor - Standard,Desktop computer,Scrappbazaar + Scrap Savvy,direct_multi_source,https://www.scrappbazaar.com/rates ; https://scrapsavvykabadiwala.com/scrap-rates-today-scrap-prices/,2026-09-05,DIRECT_RANGE,Current pickup listings show ~₹150-180/piece.,Rajasthan,Jaipur,Vishwakarma Industrial Area (VKIA) / Sitapura,Tier 2,2026-09-05,10:30:00,per_piece,150.0,180.0,165.0,0.95,1.0,1.0,135,155,170,130,180,35,25.9,Stable,Configured CRT-market scenario: stable.,Greenscape Eco Management Jaipur,CPCB/EPR-EW/2022/RJ-003,Synthetic scenario generated from material baselines and configured location/date factors,Synthetic - requires independent market verification,True,base_mid * location_factor * category_location_factor * date_factor
PRC-RA-JAI-01025,MAT-002,CRT,CRT,CRT TV - Standard,Television,Scrappbazaar + Scrap Savvy,direct_multi_source,https://www.scrappbazaar.com/rates ; https://scrapsavvykabadiwala.com/scrap-rates-today-scrap-prices/,2026-09-05,DIRECT_RANGE,Current listings show ~₹150-200/piece.,Rajasthan,Jaipur,Vishwakarma Industrial Area (VKIA) / Sitapura,Tier 2,2026-09-05,10:30:00,per_piece,150.0,200.0,175.0,0.95,1.0,1.0,145,165,180,140,190,35,24.1,Stable,Configured CRT-market scenario: stable.,Greenscape Eco Management Jaipur,CPCB/EPR-EW/2022/RJ-003,Synthetic scenario generated from material baselines and configured location/date factors,Synthetic - requires independent market verification,True,base_mid * location_factor * category_location_factor * date_factor
PRC-RA-JAI-01026,MAT-003,CRT,CRT,CRT TV - Small 14-17 inch,Television,The Kabadiwala + Kabadiwala Online,proxy_from_direct,https://www.thekabadiwala.com/scrap-rates/Bhopal ; https://kabadiwalaonline.com/secrap-rates/,2026-09-05,PROXY,Size-specific value inferred from current CRT TV/monitor pickup rates.,Rajasthan,Jaipur,Vishwakarma Industrial Area (VKIA) / Sitapura,Tier 2,2026-09-05,10:30:00,per_piece,100.0,160.0,130.0,0.95,1.0,1.0,105,125,135,100,140,30,28.6,Stable,Configured CRT-market scenario: stable.,Greenscape Eco Management Jaipur,CPCB/EPR-EW/2022/RJ-003,Synthetic scenario generated from material baselines and configured location/date factors,Synthetic - requires independent market verification,True,base_mid * location_factor * category_location_factor * date_factor
PRC-RA-JAI-01027,MAT-004,CRT,CRT,CRT Monitor - 17 inch,Desktop computer,Kabadiwala Online + Scrap Savvy,direct_multi_source,https://kabadiwalaonline.com/secrap-rates/ ; https://scrapsavvykabadiwala.com/scrap-rates-today-scrap-prices/,2026-09-05,DIRECT_RANGE,Standard CRT monitor rate.,Rajasthan,Jaipur,Vishwakarma Industrial Area (VKIA) / Sitapura,Tier 2,2026-09-05,10:30:00,per_piece,150.0,180.0,165.0,0.95,1.0,1.0,135,155,170,130,180,35,25.9,Stable,Configured CRT-market scenario: stable.,Greenscape Eco Management Jaipur,CPCB/EPR-EW/2022/RJ-003,Synthetic scenario generated from material baselines and configured location/date factors,Synthetic - requires independent market verification,True,base_mid * location_factor * category_location_factor * date_factor
PRC-RA-JAI-01028,MAT-005,CRT,CRT,CRT TV - Large 21 inch+,Television,Scrappbazaar + Kabadiwalla Uncle,proxy_from_direct,https://www.scrappbazaar.com/rates ; https://www.kabadiwalla.in/cms-rates,2026-09-05,PROXY,Large-size premium is a conservative proxy around current CRT TV listings.,Rajasthan,Jaipur,Vishwakarma Industrial Area (VKIA) / Sitapura,Tier 2,2026-09-05,10:30:00,per_piece,160.0,220.0,190.0,0.95,1.0,1.0,155,180,195,145,205,40,25.8,Stable,Configured CRT-market scenario: stable.,Greenscape Eco Management Jaipur,CPCB/EPR-EW/2022/RJ-003,Synthetic scenario generated from material baselines and configured location/date factors,Synthetic - requires independent market verification,True,base_mid * location_factor * category_location_factor * date_factor
PRC-RA-JAI-01029,MAT-006,LCD_LED,LCD Panel,LCD Monitor,Desktop computer,Kabadiwalla Uncle + Kabadiwala Online,direct_multi_source,https://www.kabadiwalla.in/cms-rates ; https://kabadiwalaonline.com/secrap-rates/,2026-09-05,DIRECT_RANGE,Current LCD monitor listings: ₹25-30/kg.,Rajasthan,Jaipur,Vishwakarma Industrial Area (VKIA) / Sitapura,Tier 2,2026-09-05,10:30:00,per_kg,25.0,30.0,27.5,0.95,1.0,1.0,22,26,28,21,29,6,27.3,Stable,Configured LCD/LED-market scenario: stable.,Greenscape Eco Management Jaipur,CPCB/EPR-EW/2022/RJ-003,Synthetic scenario generated from material baselines and configured location/date factors,Synthetic - requires independent market verification,True,base_mid * location_factor * category_location_factor * date_factor
PRC-RA-JAI-01030,MAT-007,LCD_LED,LCD Panel,TFT Monitor,Desktop computer,Scrap Savvy,direct,https://scrapsavvykabadiwala.com/scrap-rates-today-scrap-prices/,2026-09-05,DIRECT,Quoted ₹30/kg.,Rajasthan,Jaipur,Vishwakarma Industrial Area (VKIA) / Sitapura,Tier 2,2026-09-05,10:30:00,per_kg,30.0,30.0,30.0,0.95,1.0,1.0,25,28,31,24,33,6,24.0,Stable,Configured LCD/LED-market scenario: stable.,Greenscape Eco Management Jaipur,CPCB/EPR-EW/2022/RJ-003,Synthetic scenario generated from material baselines and configured location/date factors,Synthetic - requires independent market verification,True,base_mid * location_factor * category_location_factor * date_factor
PRC-RA-JAI-01031,MAT-008,LCD_LED,LCD Panel,LCD TV Panel / Assembly,Television,Kabadiwala Online + MetalMandi,direct_multi_source,https://kabadiwalaonline.com/secrap-rates/ ; https://www.metalmandi.in/,2026-09-05,DIRECT_RANGE,LCD display quotes cluster around ₹20-30/kg.,Rajasthan,Jaipur,Vishwakarma Industrial Area (VKIA) / Sitapura,Tier 2,2026-09-05,10:30:00,per_kg,20.0,30.0,25.0,0.95,1.0,1.0,20,24,26,19,27,6,30.0,Stable,Configured LCD/LED-market scenario: stable.,Greenscape Eco Management Jaipur,CPCB/EPR-EW/2022/RJ-003,Synthetic scenario generated from material baselines and configured location/date factors,Synthetic - requires independent market verification,True,base_mid * location_factor * category_location_factor * date_factor
PRC-RA-JAI-01032,MAT-009,LCD_LED,LCD Panel,LED TV Panel / Assembly,Television,Scrappbazaar + MetalMandi,direct_multi_source,https://www.scrappbazaar.com/rates ; https://www.metalmandi.in/,2026-09-05,DIRECT_RANGE,Current LED/LCD listings around ₹20-22/kg.,Rajasthan,Jaipur,Vishwakarma Industrial Area (VKIA) / Sitapura,Tier 2,2026-09-05,10:30:00,per_kg,20.0,22.0,21.0,0.95,1.0,1.0,17.2,19.9,22,16.3,23,4.8,27.9,Stable,Configured LCD/LED-market scenario: stable.,Greenscape Eco Management Jaipur,CPCB/EPR-EW/2022/RJ-003,Synthetic scenario generated from material baselines and configured location/date factors,Synthetic - requires independent market verification,True,base_mid * location_factor * category_location_factor * date_factor
PRC-RA-JAI-01033,MAT-010,LCD_LED,LCD Panel,Broken LCD/LED Display Lot,TV / monitor,Scrap Savvy + Scrappbazaar,proxy_from_direct,https://scrapsavvykabadiwala.com/scrap-rates-today-scrap-prices/ ; https://www.scrappbazaar.com/rates,2026-09-05,PROXY,Lower-end proxy for broken mixed display assemblies.,Rajasthan,Jaipur,Vishwakarma Industrial Area (VKIA) / Sitapura,Tier 2,2026-09-05,10:30:00,per_kg,18.0,25.0,21.5,0.95,1.0,1.0,17.6,20,22,16.7,23,4.4,25.0,Stable,Configured LCD/LED-market scenario: stable.,Greenscape Eco Management Jaipur,CPCB/EPR-EW/2022/RJ-003,Synthetic scenario generated from material baselines and configured location/date factors,Synthetic - requires independent market verification,True,base_mid * location_factor * category_location_factor * date_factor
PRC-RA-JAI-01034,MAT-011,LCD_LED,LCD Panel,LCD/LED Display - Mixed Scrap,TV / monitor,Kabadiwala Online + Kabadiwalla Uncle,direct_multi_source,https://kabadiwalaonline.com/secrap-rates/ ; https://www.kabadiwalla.in/cms-rates,2026-09-05,DIRECT_RANGE,Generic mixed display baseline.,Rajasthan,Jaipur,Vishwakarma Industrial Area (VKIA) / Sitapura,Tier 2,2026-09-05,10:30:00,per_kg,20.0,30.0,25.0,0.95,1.0,1.0,20,24,26,19,27,6,30.0,Stable,Configured LCD/LED-market scenario: stable.,Greenscape Eco Management Jaipur,CPCB/EPR-EW/2022/RJ-003,Synthetic scenario generated from material baselines and configured location/date factors,Synthetic - requires independent market verification,True,base_mid * location_factor * category_location_factor * date_factor
PRC-RA-JAI-01035,MAT-012,PCB,PCB,Laptop PCB - China Chip,Laptop,MetalMandi,direct,https://www.metalmandi.in/,2026-09-05,DIRECT,"Current MetalMandi grade listing; use as a benchmark, not a guaranteed pickup quote.",Rajasthan,Jaipur,Vishwakarma Industrial Area (VKIA) / Sitapura,Tier 2,2026-09-05,10:30:00,per_kg,720.0,720.0,720.0,0.95,1.0,1.0,590,685,740,560,775,150,25.4,Stable,Configured PCB-market scenario: stable.,Greenscape Eco Management Jaipur,CPCB/EPR-EW/2022/RJ-003,Synthetic scenario generated from material baselines and configured location/date factors,Synthetic - requires independent market verification,True,base_mid * location_factor * category_location_factor * date_factor
PRC-RA-JAI-01036,MAT-013,PCB,PCB,Laptop PCB - VGA Chip,Laptop,MetalMandi,direct,https://www.metalmandi.in/,2026-09-05,DIRECT,"Current MetalMandi grade listing; use as a benchmark, not a guaranteed pickup quote.",Rajasthan,Jaipur,Vishwakarma Industrial Area (VKIA) / Sitapura,Tier 2,2026-09-05,10:30:00,per_kg,810.0,810.0,810.0,0.95,1.0,1.0,660,770,830,625,870,170,25.8,Stable,Configured PCB-market scenario: stable.,Greenscape Eco Management Jaipur,CPCB/EPR-EW/2022/RJ-003,Synthetic scenario generated from material baselines and configured location/date factors,Synthetic - requires independent market verification,True,base_mid * location_factor * category_location_factor * date_factor
PRC-RA-JAI-01037,MAT-014,PCB,PCB,Laptop PCB - Server Board,Laptop / server,MetalMandi,direct,https://www.metalmandi.in/,2026-09-05,DIRECT,"Current MetalMandi grade listing; use as a benchmark, not a guaranteed pickup quote.",Rajasthan,Jaipur,Vishwakarma Industrial Area (VKIA) / Sitapura,Tier 2,2026-09-05,10:30:00,per_kg,1800.0,1800.0,1800.0,0.95,1.0,1.0,1450,1700,1850,1400,1950,400,27.6,Stable,Configured PCB-market scenario: stable.,Greenscape Eco Management Jaipur,CPCB/EPR-EW/2022/RJ-003,Synthetic scenario generated from material baselines and configured location/date factors,Synthetic - requires independent market verification,True,base_mid * location_factor * category_location_factor * date_factor
PRC-RA-JAI-01038,MAT-015,PCB,PCB,Desktop PCB - China Chip,Desktop PC,MetalMandi,direct,https://www.metalmandi.in/,2026-09-05,DIRECT,"Current MetalMandi grade listing; use as a benchmark, not a guaranteed pickup quote.",Rajasthan,Jaipur,Vishwakarma Industrial Area (VKIA) / Sitapura,Tier 2,2026-09-05,10:30:00,per_kg,180.0,180.0,180.0,0.95,1.0,1.0,145,170,185,140,195,40,27.6,Stable,Configured PCB-market scenario: stable.,Greenscape Eco Management Jaipur,CPCB/EPR-EW/2022/RJ-003,Synthetic scenario generated from material baselines and configured location/date factors,Synthetic - requires independent market verification,True,base_mid * location_factor * category_location_factor * date_factor
PRC-RA-JAI-01039,MAT-016,PCB,PCB,Desktop PCB - Single Chip,Desktop PC,MetalMandi,direct,https://www.metalmandi.in/,2026-09-05,DIRECT,"Current MetalMandi grade listing; use as a benchmark, not a guaranteed pickup quote.",Rajasthan,Jaipur,Vishwakarma Industrial Area (VKIA) / Sitapura,Tier 2,2026-09-05,10:30:00,per_kg,675.0,675.0,675.0,0.95,1.0,1.0,550,640,695,520,730,145,26.4,Stable,Configured PCB-market scenario: stable.,Greenscape Eco Management Jaipur,CPCB/EPR-EW/2022/RJ-003,Synthetic scenario generated from material baselines and configured location/date factors,Synthetic - requires independent market verification,True,base_mid * location_factor * category_location_factor * date_factor
PRC-RA-JAI-01040,MAT-017,PCB,PCB,Desktop PCB - Double Chip,Desktop PC,MetalMandi,direct,https://www.metalmandi.in/,2026-09-05,DIRECT,"Current MetalMandi grade listing; use as a benchmark, not a guaranteed pickup quote.",Rajasthan,Jaipur,Vishwakarma Industrial Area (VKIA) / Sitapura,Tier 2,2026-09-05,10:30:00,per_kg,1125.0,1125.0,1125.0,0.95,1.0,1.0,920,1050,1150,875,1200,230,25.0,Stable,Configured PCB-market scenario: stable.,Greenscape Eco Management Jaipur,CPCB/EPR-EW/2022/RJ-003,Synthetic scenario generated from material baselines and configured location/date factors,Synthetic - requires independent market verification,True,base_mid * location_factor * category_location_factor * date_factor
PRC-RA-JAI-01041,MAT-018,PCB,PCB,Set-top Box PCB - China Chip,Set-top box,MetalMandi,direct,https://www.metalmandi.in/,2026-09-05,DIRECT,"Current MetalMandi grade listing; use as a benchmark, not a guaranteed pickup quote.",Rajasthan,Jaipur,Vishwakarma Industrial Area (VKIA) / Sitapura,Tier 2,2026-09-05,10:30:00,per_kg,126.0,126.0,126.0,0.95,1.0,1.0,105,120,130,100,135,25,23.8,Stable,Configured PCB-market scenario: stable.,Greenscape Eco Management Jaipur,CPCB/EPR-EW/2022/RJ-003,Synthetic scenario generated from material baselines and configured location/date factors,Synthetic - requires independent market verification,True,base_mid * location_factor * category_location_factor * date_factor
PRC-RA-JAI-01042,MAT-019,PCB,PCB,Set-top Box PCB - Black Chip,Set-top box,MetalMandi,direct,https://www.metalmandi.in/,2026-09-05,DIRECT,"Current MetalMandi grade listing; use as a benchmark, not a guaranteed pickup quote.",Rajasthan,Jaipur,Vishwakarma Industrial Area (VKIA) / Sitapura,Tier 2,2026-09-05,10:30:00,per_kg,189.0,189.0,189.0,0.95,1.0,1.0,155,180,195,145,205,40,25.8,Stable,Configured PCB-market scenario: stable.,Greenscape Eco Management Jaipur,CPCB/EPR-EW/2022/RJ-003,Synthetic scenario generated from material baselines and configured location/date factors,Synthetic - requires independent market verification,True,base_mid * location_factor * category_location_factor * date_factor
PRC-RA-JAI-01043,MAT-020,PCB,PCB,Set-top Box PCB - VGA Chip,Set-top box,MetalMandi,direct,https://www.metalmandi.in/,2026-09-05,DIRECT,"Current MetalMandi grade listing; use as a benchmark, not a guaranteed pickup quote.",Rajasthan,Jaipur,Vishwakarma Industrial Area (VKIA) / Sitapura,Tier 2,2026-09-05,10:30:00,per_kg,252.0,252.0,252.0,0.95,1.0,1.0,205,240,260,195,275,55,26.8,Stable,Configured PCB-market scenario: stable.,Greenscape Eco Management Jaipur,CPCB/EPR-EW/2022/RJ-003,Synthetic scenario generated from material baselines and configured location/date factors,Synthetic - requires independent market verification,True,base_mid * location_factor * category_location_factor * date_factor
PRC-RA-JAI-01044,MAT-021,PCB,PCB,Set-top Box PCB - Combo Chip,Set-top box,MetalMandi,direct,https://www.metalmandi.in/,2026-09-05,DIRECT,"Current MetalMandi grade listing; use as a benchmark, not a guaranteed pickup quote.",Rajasthan,Jaipur,Vishwakarma Industrial Area (VKIA) / Sitapura,Tier 2,2026-09-05,10:30:00,per_kg,315.0,315.0,315.0,0.95,1.0,1.0,255,300,325,240,340,70,27.5,Stable,Configured PCB-market scenario: stable.,Greenscape Eco Management Jaipur,CPCB/EPR-EW/2022/RJ-003,Synthetic scenario generated from material baselines and configured location/date factors,Synthetic - requires independent market verification,True,base_mid * location_factor * category_location_factor * date_factor
PRC-RA-JAI-01045,MAT-022,PCB,PCB,Keypad Phone PCB - Branded,Keypad phone,MetalMandi,direct,https://www.metalmandi.in/,2026-09-05,DIRECT,"Current MetalMandi grade listing; use as a benchmark, not a guaranteed pickup quote.",Rajasthan,Jaipur,Vishwakarma Industrial Area (VKIA) / Sitapura,Tier 2,2026-09-05,10:30:00,per_kg,113.0,113.0,113.0,0.95,1.0,1.0,92,105,115,87,120,23,25.0,Stable,Configured PCB-market scenario: stable.,Greenscape Eco Management Jaipur,CPCB/EPR-EW/2022/RJ-003,Synthetic scenario generated from material baselines and configured location/date factors,Synthetic - requires independent market verification,True,base_mid * location_factor * category_location_factor * date_factor
PRC-RA-JAI-01046,MAT-023,PCB,PCB,Keypad Phone PCB - China,Keypad phone,MetalMandi,direct,https://www.metalmandi.in/,2026-09-05,DIRECT,"Current MetalMandi grade listing; use as a benchmark, not a guaranteed pickup quote.",Rajasthan,Jaipur,Vishwakarma Industrial Area (VKIA) / Sitapura,Tier 2,2026-09-05,10:30:00,per_kg,38.0,38.0,38.0,0.95,1.0,1.0,31,36,39,29,41,8,25.8,Stable,Configured PCB-market scenario: stable.,Greenscape Eco Management Jaipur,CPCB/EPR-EW/2022/RJ-003,Synthetic scenario generated from material baselines and configured location/date factors,Synthetic - requires independent market verification,True,base_mid * location_factor * category_location_factor * date_factor
PRC-RA-JAI-01047,MAT-024,PCB,PCB,Smartphone PCB - 8GB Grade,Smartphone,MetalMandi,direct,https://www.metalmandi.in/,2026-09-05,DIRECT,"Current MetalMandi grade listing; use as a benchmark, not a guaranteed pickup quote.",Rajasthan,Jaipur,Vishwakarma Industrial Area (VKIA) / Sitapura,Tier 2,2026-09-05,10:30:00,per_kg,420.0,420.0,420.0,0.95,1.0,1.0,345,400,430,330,450,85,24.6,Stable,Configured PCB-market scenario: stable.,Greenscape Eco Management Jaipur,CPCB/EPR-EW/2022/RJ-003,Synthetic scenario generated from material baselines and configured location/date factors,Synthetic - requires independent market verification,True,base_mid * location_factor * category_location_factor * date_factor
PRC-RA-JAI-01048,MAT-025,PCB,PCB,Smartphone PCB - 128GB Grade,Smartphone,MetalMandi,direct,https://www.metalmandi.in/,2026-09-05,DIRECT,"Current MetalMandi grade listing; use as a benchmark, not a guaranteed pickup quote.",Rajasthan,Jaipur,Vishwakarma Industrial Area (VKIA) / Sitapura,Tier 2,2026-09-05,10:30:00,per_kg,1260.0,1260.0,1260.0,0.95,1.0,1.0,1050,1200,1300,1000,1350,250,23.8,Stable,Configured PCB-market scenario: stable.,Greenscape Eco Management Jaipur,CPCB/EPR-EW/2022/RJ-003,Synthetic scenario generated from material baselines and configured location/date factors,Synthetic - requires independent market verification,True,base_mid * location_factor * category_location_factor * date_factor
PRC-RA-JAI-01049,MAT-026,PCB,PCB,Smartphone PCB - 256GB Grade,Smartphone,MetalMandi,direct,https://www.metalmandi.in/,2026-09-05,DIRECT,"Current MetalMandi grade listing; use as a benchmark, not a guaranteed pickup quote.",Rajasthan,Jaipur,Vishwakarma Industrial Area (VKIA) / Sitapura,Tier 2,2026-09-05,10:30:00,per_kg,1960.0,1960.0,1960.0,0.95,1.0,1.0,1600,1850,2000,1500,2100,400,25.0,Stable,Configured PCB-market scenario: stable.,Greenscape Eco Management Jaipur,CPCB/EPR-EW/2022/RJ-003,Synthetic scenario generated from material baselines and configured location/date factors,Synthetic - requires independent market verification,True,base_mid * location_factor * category_location_factor * date_factor
PRC-RA-JAI-01050,MAT-027,PCB,PCB,Mixed Motherboard Scrap,Desktop / laptop,TradeIndia Ghaziabad listings,direct_range,https://www.tradeindia.com/ghaziabad/motherboard-scrap-city-193475.html,2026-09-05,DIRECT_RANGE,Current listings show roughly ₹360-500/kg for motherboard scrap.,Rajasthan,Jaipur,Vishwakarma Industrial Area (VKIA) / Sitapura,Tier 2,2026-07-15,11:00:00,per_kg,360.0,500.0,430.0,0.95,1.0,0.965,340,395,425,325,445,85,25.0,Stable,Configured PCB-market scenario: stable.,Greenscape Eco Management Jaipur,CPCB/EPR-EW/2022/RJ-003,Synthetic scenario generated from material baselines and configured location/date factors,Synthetic - requires independent market verification,True,base_mid * location_factor * category_location_factor * date_factor
PRC-RA-JAI-01051,MAT-027,PCB,PCB,Mixed Motherboard Scrap,Desktop / laptop,TradeIndia Ghaziabad listings,direct_range,https://www.tradeindia.com/ghaziabad/motherboard-scrap-city-193475.html,2026-09-05,DIRECT_RANGE,Current listings show roughly ₹360-500/kg for motherboard scrap.,Rajasthan,Jaipur,Vishwakarma Industrial Area (VKIA) / Sitapura,Tier 2,2026-08-01,11:00:00,per_kg,360.0,500.0,430.0,0.95,1.0,0.978,345,400,430,330,450,85,24.6,Stable,Configured PCB-market scenario: stable.,Greenscape Eco Management Jaipur,CPCB/EPR-EW/2022/RJ-003,Synthetic scenario generated from material baselines and configured location/date factors,Synthetic - requires independent market verification,True,base_mid * location_factor * category_location_factor * date_factor
PRC-RA-JAI-01052,MAT-027,PCB,PCB,Mixed Motherboard Scrap,Desktop / laptop,TradeIndia Ghaziabad listings,direct_range,https://www.tradeindia.com/ghaziabad/motherboard-scrap-city-193475.html,2026-09-05,DIRECT_RANGE,Current listings show roughly ₹360-500/kg for motherboard scrap.,Rajasthan,Jaipur,Vishwakarma Industrial Area (VKIA) / Sitapura,Tier 2,2026-08-15,11:00:00,per_kg,360.0,500.0,430.0,0.95,1.0,0.985,345,400,435,330,455,90,26.1,Stable,Configured PCB-market scenario: stable.,Greenscape Eco Management Jaipur,CPCB/EPR-EW/2022/RJ-003,Synthetic scenario generated from material baselines and configured location/date factors,Synthetic - requires independent market verification,True,base_mid * location_factor * category_location_factor * date_factor
PRC-RA-JAI-01053,MAT-027,PCB,PCB,Mixed Motherboard Scrap,Desktop / laptop,TradeIndia Ghaziabad listings,direct_range,https://www.tradeindia.com/ghaziabad/motherboard-scrap-city-193475.html,2026-09-05,DIRECT_RANGE,Current listings show roughly ₹360-500/kg for motherboard scrap.,Rajasthan,Jaipur,Vishwakarma Industrial Area (VKIA) / Sitapura,Tier 2,2026-09-01,11:00:00,per_kg,360.0,500.0,430.0,0.95,1.0,0.995,350,405,440,330,460,90,25.7,Stable,Configured PCB-market scenario: stable.,Greenscape Eco Management Jaipur,CPCB/EPR-EW/2022/RJ-003,Synthetic scenario generated from material baselines and configured location/date factors,Synthetic - requires independent market verification,True,base_mid * location_factor * category_location_factor * date_factor
PRC-RA-JAI-01054,MAT-027,PCB,PCB,Mixed Motherboard Scrap,Desktop / laptop,TradeIndia Ghaziabad listings,direct_range,https://www.tradeindia.com/ghaziabad/motherboard-scrap-city-193475.html,2026-09-05,DIRECT_RANGE,Current listings show roughly ₹360-500/kg for motherboard scrap.,Rajasthan,Jaipur,Vishwakarma Industrial Area (VKIA) / Sitapura,Tier 2,2026-09-05,10:30:00,per_kg,360.0,500.0,430.0,0.95,1.0,1.0,350,410,440,330,460,90,25.7,Stable,Configured PCB-market scenario: stable.,Greenscape Eco Management Jaipur,CPCB/EPR-EW/2022/RJ-003,Synthetic scenario generated from material baselines and configured location/date factors,Synthetic - requires independent market verification,True,base_mid * location_factor * category_location_factor * date_factor
PRC-RA-JAI-01055,MAT-028,CABLES_WIRES,Cable,Bare Bright Copper Wire,Electrical/electronic wiring,BIN 2026 guide,direct_range,https://joinbin.com/scrap-rate-copper-india,2026-09-05,DIRECT_RANGE,Grade and copper recovery strongly affect actual offer.,Rajasthan,Jaipur,Vishwakarma Industrial Area (VKIA) / Sitapura,Tier 2,2026-07-15,11:00:00,per_kg,650.0,700.0,675.0,0.95,1.0,0.965,530,620,670,505,705,140,26.4,Stable,Configured cable-market scenario: stable.,Greenscape Eco Management Jaipur,CPCB/EPR-EW/2022/RJ-003,Synthetic scenario generated from material baselines and configured location/date factors,Synthetic - requires independent market verification,True,base_mid * location_factor * category_location_factor * date_factor
PRC-RA-JAI-01056,MAT-028,CABLES_WIRES,Cable,Bare Bright Copper Wire,Electrical/electronic wiring,BIN 2026 guide,direct_range,https://joinbin.com/scrap-rate-copper-india,2026-09-05,DIRECT_RANGE,Grade and copper recovery strongly affect actual offer.,Rajasthan,Jaipur,Vishwakarma Industrial Area (VKIA) / Sitapura,Tier 2,2026-08-01,11:00:00,per_kg,650.0,700.0,675.0,0.95,1.0,0.978,540,625,675,515,710,135,25.0,Stable,Configured cable-market scenario: stable.,Greenscape Eco Management Jaipur,CPCB/EPR-EW/2022/RJ-003,Synthetic scenario generated from material baselines and configured location/date factors,Synthetic - requires independent market verification,True,base_mid * location_factor * category_location_factor * date_factor
PRC-RA-JAI-01057,MAT-028,CABLES_WIRES,Cable,Bare Bright Copper Wire,Electrical/electronic wiring,BIN 2026 guide,direct_range,https://joinbin.com/scrap-rate-copper-india,2026-09-05,DIRECT_RANGE,Grade and copper recovery strongly affect actual offer.,Rajasthan,Jaipur,Vishwakarma Industrial Area (VKIA) / Sitapura,Tier 2,2026-08-15,11:00:00,per_kg,650.0,700.0,675.0,0.95,1.0,0.985,545,630,680,520,715,135,24.8,Stable,Configured cable-market scenario: stable.,Greenscape Eco Management Jaipur,CPCB/EPR-EW/2022/RJ-003,Synthetic scenario generated from material baselines and configured location/date factors,Synthetic - requires independent market verification,True,base_mid * location_factor * category_location_factor * date_factor
PRC-RA-JAI-01058,MAT-028,CABLES_WIRES,Cable,Bare Bright Copper Wire,Electrical/electronic wiring,BIN 2026 guide,direct_range,https://joinbin.com/scrap-rate-copper-india,2026-09-05,DIRECT_RANGE,Grade and copper recovery strongly affect actual offer.,Rajasthan,Jaipur,Vishwakarma Industrial Area (VKIA) / Sitapura,Tier 2,2026-09-01,11:00:00,per_kg,650.0,700.0,675.0,0.95,1.0,0.995,550,640,690,520,725,140,25.5,Stable,Configured cable-market scenario: stable.,Greenscape Eco Management Jaipur,CPCB/EPR-EW/2022/RJ-003,Synthetic scenario generated from material baselines and configured location/date factors,Synthetic - requires independent market verification,True,base_mid * location_factor * category_location_factor * date_factor
PRC-RA-JAI-01059,MAT-028,CABLES_WIRES,Cable,Bare Bright Copper Wire,Electrical/electronic wiring,BIN 2026 guide,direct_range,https://joinbin.com/scrap-rate-copper-india,2026-09-05,DIRECT_RANGE,Grade and copper recovery strongly affect actual offer.,Rajasthan,Jaipur,Vishwakarma Industrial Area (VKIA) / Sitapura,Tier 2,2026-09-05,10:30:00,per_kg,650.0,700.0,675.0,0.95,1.0,1.0,550,640,695,520,730,145,26.4,Stable,Configured cable-market scenario: stable.,Greenscape Eco Management Jaipur,CPCB/EPR-EW/2022/RJ-003,Synthetic scenario generated from material baselines and configured location/date factors,Synthetic - requires independent market verification,True,base_mid * location_factor * category_location_factor * date_factor
PRC-RA-JAI-01060,MAT-029,CABLES_WIRES,Cable,#1 Clean Copper Wire,Electrical/electronic wiring,BIN 2026 guide,direct_range,https://joinbin.com/scrap-rate-copper-india,2026-09-05,DIRECT_RANGE,Grade and copper recovery strongly affect actual offer.,Rajasthan,Jaipur,Vishwakarma Industrial Area (VKIA) / Sitapura,Tier 2,2026-09-05,10:30:00,per_kg,620.0,680.0,650.0,0.95,1.0,1.0,530,620,665,505,700,135,25.5,Stable,Configured cable-market scenario: stable.,Greenscape Eco Management Jaipur,CPCB/EPR-EW/2022/RJ-003,Synthetic scenario generated from material baselines and configured location/date factors,Synthetic - requires independent market verification,True,base_mid * location_factor * category_location_factor * date_factor
PRC-RA-JAI-01061,MAT-030,CABLES_WIRES,Cable,#2 Mixed Copper Wire,Electrical/electronic wiring,BIN 2026 guide,direct_range,https://joinbin.com/scrap-rate-copper-india,2026-09-05,DIRECT_RANGE,Grade and copper recovery strongly affect actual offer.,Rajasthan,Jaipur,Vishwakarma Industrial Area (VKIA) / Sitapura,Tier 2,2026-09-05,10:30:00,per_kg,550.0,620.0,585.0,0.95,1.0,1.0,480,555,600,455,630,120,25.0,Stable,Configured cable-market scenario: stable.,Greenscape Eco Management Jaipur,CPCB/EPR-EW/2022/RJ-003,Synthetic scenario generated from material baselines and configured location/date factors,Synthetic - requires independent market verification,True,base_mid * location_factor * category_location_factor * date_factor
PRC-RA-JAI-01062,MAT-031,CABLES_WIRES,Cable,Insulated Copper Wire,Power/data cable,BIN 2026 guide,direct_range,https://joinbin.com/scrap-rate-copper-india,2026-09-05,DIRECT_RANGE,Grade and copper recovery strongly affect actual offer.,Rajasthan,Jaipur,Vishwakarma Industrial Area (VKIA) / Sitapura,Tier 2,2026-07-15,11:00:00,per_kg,350.0,500.0,425.0,0.95,1.0,0.965,335,390,420,320,440,85,25.4,Stable,Configured cable-market scenario: stable.,Greenscape Eco Management Jaipur,CPCB/EPR-EW/2022/RJ-003,Synthetic scenario generated from material baselines and configured location/date factors,Synthetic - requires independent market verification,True,base_mid * location_factor * category_location_factor * date_factor
PRC-RA-JAI-01063,MAT-031,CABLES_WIRES,Cable,Insulated Copper Wire,Power/data cable,BIN 2026 guide,direct_range,https://joinbin.com/scrap-rate-copper-india,2026-09-05,DIRECT_RANGE,Grade and copper recovery strongly affect actual offer.,Rajasthan,Jaipur,Vishwakarma Industrial Area (VKIA) / Sitapura,Tier 2,2026-08-01,11:00:00,per_kg,350.0,500.0,425.0,0.95,1.0,0.978,340,395,425,325,445,85,25.0,Stable,Configured cable-market scenario: stable.,Greenscape Eco Management Jaipur,CPCB/EPR-EW/2022/RJ-003,Synthetic scenario generated from material baselines and configured location/date factors,Synthetic - requires independent market verification,True,base_mid * location_factor * category_location_factor * date_factor
PRC-RA-JAI-01064,MAT-031,CABLES_WIRES,Cable,Insulated Copper Wire,Power/data cable,BIN 2026 guide,direct_range,https://joinbin.com/scrap-rate-copper-india,2026-09-05,DIRECT_RANGE,Grade and copper recovery strongly affect actual offer.,Rajasthan,Jaipur,Vishwakarma Industrial Area (VKIA) / Sitapura,Tier 2,2026-08-15,11:00:00,per_kg,350.0,500.0,425.0,0.95,1.0,0.985,340,400,430,325,450,90,26.5,Stable,Configured cable-market scenario: stable.,Greenscape Eco Management Jaipur,CPCB/EPR-EW/2022/RJ-003,Synthetic scenario generated from material baselines and configured location/date factors,Synthetic - requires independent market verification,True,base_mid * location_factor * category_location_factor * date_factor
PRC-RA-JAI-01065,MAT-031,CABLES_WIRES,Cable,Insulated Copper Wire,Power/data cable,BIN 2026 guide,direct_range,https://joinbin.com/scrap-rate-copper-india,2026-09-05,DIRECT_RANGE,Grade and copper recovery strongly affect actual offer.,Rajasthan,Jaipur,Vishwakarma Industrial Area (VKIA) / Sitapura,Tier 2,2026-09-01,11:00:00,per_kg,350.0,500.0,425.0,0.95,1.0,0.995,345,400,435,330,455,90,26.1,Stable,Configured cable-market scenario: stable.,Greenscape Eco Management Jaipur,CPCB/EPR-EW/2022/RJ-003,Synthetic scenario generated from material baselines and configured location/date factors,Synthetic - requires independent market verification,True,base_mid * location_factor * category_location_factor * date_factor
PRC-RA-JAI-01066,MAT-031,CABLES_WIRES,Cable,Insulated Copper Wire,Power/data cable,BIN 2026 guide,direct_range,https://joinbin.com/scrap-rate-copper-india,2026-09-05,DIRECT_RANGE,Grade and copper recovery strongly affect actual offer.,Rajasthan,Jaipur,Vishwakarma Industrial Area (VKIA) / Sitapura,Tier 2,2026-09-05,10:30:00,per_kg,350.0,500.0,425.0,0.95,1.0,1.0,345,405,435,330,455,90,26.1,Stable,Configured cable-market scenario: stable.,Greenscape Eco Management Jaipur,CPCB/EPR-EW/2022/RJ-003,Synthetic scenario generated from material baselines and configured location/date factors,Synthetic - requires independent market verification,True,base_mid * location_factor * category_location_factor * date_factor
PRC-RA-JAI-01067,MAT-032,CABLES_WIRES,Cable,Copper Motor Winding Wire,Motor / fan winding,Scrapyard India,direct_range,https://www.scrapyard.co.in/copper-scrap-rates-india,2026-09-05,DIRECT_RANGE,Grade and copper recovery strongly affect actual offer.,Rajasthan,Jaipur,Vishwakarma Industrial Area (VKIA) / Sitapura,Tier 2,2026-09-05,10:30:00,per_kg,420.0,450.0,435.0,0.95,1.0,1.0,355,415,445,335,465,90,25.4,Stable,Configured cable-market scenario: stable.,Greenscape Eco Management Jaipur,CPCB/EPR-EW/2022/RJ-003,Synthetic scenario generated from material baselines and configured location/date factors,Synthetic - requires independent market verification,True,base_mid * location_factor * category_location_factor * date_factor
PRC-RA-JAI-01068,MAT-033,CABLES_WIRES,Cable,Copper Transformer Winding,Transformer / PSU,Scrapyard India,direct_range,https://www.scrapyard.co.in/copper-scrap-rates-india,2026-09-05,DIRECT_RANGE,Grade and copper recovery strongly affect actual offer.,Rajasthan,Jaipur,Vishwakarma Industrial Area (VKIA) / Sitapura,Tier 2,2026-09-05,10:30:00,per_kg,380.0,420.0,400.0,0.95,1.0,1.0,325,380,410,310,430,85,26.2,Stable,Configured cable-market scenario: stable.,Greenscape Eco Management Jaipur,CPCB/EPR-EW/2022/RJ-003,Synthetic scenario generated from material baselines and configured location/date factors,Synthetic - requires independent market verification,True,base_mid * location_factor * category_location_factor * date_factor
PRC-RA-JAI-01069,MAT-034,CABLES_WIRES,Cable,Copper Cable Scrap - High Grade,Power cable,ExportersIndia,direct_range,https://www.exportersindia.com/indian-suppliers/copper-cable-scrap.htm,2026-09-05,DIRECT_RANGE,Grade and copper recovery strongly affect actual offer.,Rajasthan,Jaipur,Vishwakarma Industrial Area (VKIA) / Sitapura,Tier 2,2026-09-05,10:30:00,per_kg,650.0,775.0,712.5,0.95,1.0,1.0,580,675,730,550,765,150,25.9,Stable,Configured cable-market scenario: stable.,Greenscape Eco Management Jaipur,CPCB/EPR-EW/2022/RJ-003,Synthetic scenario generated from material baselines and configured location/date factors,Synthetic - requires independent market verification,True,base_mid * location_factor * category_location_factor * date_factor
PRC-RA-JAI-01070,MAT-035,CABLES_WIRES,Cable,Mixed Low-Grade Electronic Cable,Chargers / data cables,TradeIndia + Scrapyard India,proxy_from_direct,https://www.tradeindia.com/products/icw-insulated-copper-wire-scrap-9932932.html ; https://www.scrapyard.co.in/copper-scrap-rates-india,2026-09-05,PROXY,Grade and copper recovery strongly affect actual offer.,Rajasthan,Jaipur,Vishwakarma Industrial Area (VKIA) / Sitapura,Tier 2,2026-09-05,10:30:00,per_kg,250.0,390.0,320.0,0.95,1.0,1.0,260,305,330,245,345,70,26.9,Stable,Configured cable-market scenario: stable.,Greenscape Eco Management Jaipur,CPCB/EPR-EW/2022/RJ-003,Synthetic scenario generated from material baselines and configured location/date factors,Synthetic - requires independent market verification,True,base_mid * location_factor * category_location_factor * date_factor
PRC-RA-JAI-01071,MAT-036,BATTERIES,Battery,Car Lead-Acid Battery,Car / automotive,ScrapTech,direct,https://scraptechindia.com/,2026-09-05,DIRECT,Battery chemistry must be known before using a specific chemistry rate.,Rajasthan,Jaipur,Vishwakarma Industrial Area (VKIA) / Sitapura,Tier 2,2026-07-15,11:00:00,per_kg,125.0,125.0,125.0,0.95,1.0,0.965,99,115,125,94,130,26,26.3,Stable,Configured battery-market scenario: stable.,Greenscape Eco Management Jaipur,CPCB/EPR-EW/2022/RJ-003,Synthetic scenario generated from material baselines and configured location/date factors,Synthetic - requires independent market verification,True,base_mid * location_factor * category_location_factor * date_factor
PRC-RA-JAI-01072,MAT-036,BATTERIES,Battery,Car Lead-Acid Battery,Car / automotive,ScrapTech,direct,https://scraptechindia.com/,2026-09-05,DIRECT,Battery chemistry must be known before using a specific chemistry rate.,Rajasthan,Jaipur,Vishwakarma Industrial Area (VKIA) / Sitapura,Tier 2,2026-08-01,11:00:00,per_kg,125.0,125.0,125.0,0.95,1.0,0.978,100,115,125,95,130,25,25.0,Stable,Configured battery-market scenario: stable.,Greenscape Eco Management Jaipur,CPCB/EPR-EW/2022/RJ-003,Synthetic scenario generated from material baselines and configured location/date factors,Synthetic - requires independent market verification,True,base_mid * location_factor * category_location_factor * date_factor
PRC-RA-JAI-01073,MAT-036,BATTERIES,Battery,Car Lead-Acid Battery,Car / automotive,ScrapTech,direct,https://scraptechindia.com/,2026-09-05,DIRECT,Battery chemistry must be known before using a specific chemistry rate.,Rajasthan,Jaipur,Vishwakarma Industrial Area (VKIA) / Sitapura,Tier 2,2026-08-15,11:00:00,per_kg,125.0,125.0,125.0,0.95,1.0,0.985,100,115,125,95,130,25,25.0,Stable,Configured battery-market scenario: stable.,Greenscape Eco Management Jaipur,CPCB/EPR-EW/2022/RJ-003,Synthetic scenario generated from material baselines and configured location/date factors,Synthetic - requires independent market verification,True,base_mid * location_factor * category_location_factor * date_factor
PRC-RA-JAI-01074,MAT-036,BATTERIES,Battery,Car Lead-Acid Battery,Car / automotive,ScrapTech,direct,https://scraptechindia.com/,2026-09-05,DIRECT,Battery chemistry must be known before using a specific chemistry rate.,Rajasthan,Jaipur,Vishwakarma Industrial Area (VKIA) / Sitapura,Tier 2,2026-09-01,11:00:00,per_kg,125.0,125.0,125.0,0.95,1.0,0.995,100,120,130,95,135,30,30.0,Stable,Configured battery-market scenario: stable.,Greenscape Eco Management Jaipur,CPCB/EPR-EW/2022/RJ-003,Synthetic scenario generated from material baselines and configured location/date factors,Synthetic - requires independent market verification,True,base_mid * location_factor * category_location_factor * date_factor
PRC-RA-JAI-01075,MAT-036,BATTERIES,Battery,Car Lead-Acid Battery,Car / automotive,ScrapTech,direct,https://scraptechindia.com/,2026-09-05,DIRECT,Battery chemistry must be known before using a specific chemistry rate.,Rajasthan,Jaipur,Vishwakarma Industrial Area (VKIA) / Sitapura,Tier 2,2026-09-05,10:30:00,per_kg,125.0,125.0,125.0,0.95,1.0,1.0,100,120,130,95,135,30,30.0,Stable,Configured battery-market scenario: stable.,Greenscape Eco Management Jaipur,CPCB/EPR-EW/2022/RJ-003,Synthetic scenario generated from material baselines and configured location/date factors,Synthetic - requires independent market verification,True,base_mid * location_factor * category_location_factor * date_factor
PRC-RA-JAI-01076,MAT-037,BATTERIES,Battery,Inverter Battery,Home inverter,The Kabadiwala + ScrapTech,direct_multi_source,https://www.thekabadiwala.com/scrap-rates/Bhopal ; https://scraptechindia.com/,2026-09-05,DIRECT_RANGE,Battery chemistry must be known before using a specific chemistry rate.,Rajasthan,Jaipur,Vishwakarma Industrial Area (VKIA) / Sitapura,Tier 2,2026-07-15,11:00:00,per_kg,80.0,110.0,95.0,0.95,1.0,0.965,75,87,94,71,99,19,25.3,Stable,Configured battery-market scenario: stable.,Greenscape Eco Management Jaipur,CPCB/EPR-EW/2022/RJ-003,Synthetic scenario generated from material baselines and configured location/date factors,Synthetic - requires independent market verification,True,base_mid * location_factor * category_location_factor * date_factor
PRC-RA-JAI-01077,MAT-037,BATTERIES,Battery,Inverter Battery,Home inverter,The Kabadiwala + ScrapTech,direct_multi_source,https://www.thekabadiwala.com/scrap-rates/Bhopal ; https://scraptechindia.com/,2026-09-05,DIRECT_RANGE,Battery chemistry must be known before using a specific chemistry rate.,Rajasthan,Jaipur,Vishwakarma Industrial Area (VKIA) / Sitapura,Tier 2,2026-08-01,11:00:00,per_kg,80.0,110.0,95.0,0.95,1.0,0.978,76,88,95,72,100,19,25.0,Stable,Configured battery-market scenario: stable.,Greenscape Eco Management Jaipur,CPCB/EPR-EW/2022/RJ-003,Synthetic scenario generated from material baselines and configured location/date factors,Synthetic - requires independent market verification,True,base_mid * location_factor * category_location_factor * date_factor
PRC-RA-JAI-01078,MAT-037,BATTERIES,Battery,Inverter Battery,Home inverter,The Kabadiwala + ScrapTech,direct_multi_source,https://www.thekabadiwala.com/scrap-rates/Bhopal ; https://scraptechindia.com/,2026-09-05,DIRECT_RANGE,Battery chemistry must be known before using a specific chemistry rate.,Rajasthan,Jaipur,Vishwakarma Industrial Area (VKIA) / Sitapura,Tier 2,2026-08-15,11:00:00,per_kg,80.0,110.0,95.0,0.95,1.0,0.985,76,89,96,72,100,20,26.3,Stable,Configured battery-market scenario: stable.,Greenscape Eco Management Jaipur,CPCB/EPR-EW/2022/RJ-003,Synthetic scenario generated from material baselines and configured location/date factors,Synthetic - requires independent market verification,True,base_mid * location_factor * category_location_factor * date_factor
PRC-RA-JAI-01079,MAT-037,BATTERIES,Battery,Inverter Battery,Home inverter,The Kabadiwala + ScrapTech,direct_multi_source,https://www.thekabadiwala.com/scrap-rates/Bhopal ; https://scraptechindia.com/,2026-09-05,DIRECT_RANGE,Battery chemistry must be known before using a specific chemistry rate.,Rajasthan,Jaipur,Vishwakarma Industrial Area (VKIA) / Sitapura,Tier 2,2026-09-01,11:00:00,per_kg,80.0,110.0,95.0,0.95,1.0,0.995,77,90,97,73,100,20,26.0,Stable,Configured battery-market scenario: stable.,Greenscape Eco Management Jaipur,CPCB/EPR-EW/2022/RJ-003,Synthetic scenario generated from material baselines and configured location/date factors,Synthetic - requires independent market verification,True,base_mid * location_factor * category_location_factor * date_factor
PRC-RA-JAI-01080,MAT-037,BATTERIES,Battery,Inverter Battery,Home inverter,The Kabadiwala + ScrapTech,direct_multi_source,https://www.thekabadiwala.com/scrap-rates/Bhopal ; https://scraptechindia.com/,2026-09-05,DIRECT_RANGE,Battery chemistry must be known before using a specific chemistry rate.,Rajasthan,Jaipur,Vishwakarma Industrial Area (VKIA) / Sitapura,Tier 2,2026-09-05,10:30:00,per_kg,80.0,110.0,95.0,0.95,1.0,1.0,78,90,97,74,100,19,24.4,Stable,Configured battery-market scenario: stable.,Greenscape Eco Management Jaipur,CPCB/EPR-EW/2022/RJ-003,Synthetic scenario generated from material baselines and configured location/date factors,Synthetic - requires independent market verification,True,base_mid * location_factor * category_location_factor * date_factor
PRC-RA-JAI-01081,MAT-038,BATTERIES,Battery,Lead-Acid Battery - Generic,UPS / backup power,ScrapTech,direct,https://scraptechindia.com/,2026-09-05,DIRECT,Battery chemistry must be known before using a specific chemistry rate.,Rajasthan,Jaipur,Vishwakarma Industrial Area (VKIA) / Sitapura,Tier 2,2026-09-05,10:30:00,per_kg,95.0,95.0,95.0,0.95,1.0,1.0,78,90,97,74,100,19,24.4,Stable,Configured battery-market scenario: stable.,Greenscape Eco Management Jaipur,CPCB/EPR-EW/2022/RJ-003,Synthetic scenario generated from material baselines and configured location/date factors,Synthetic - requires independent market verification,True,base_mid * location_factor * category_location_factor * date_factor
PRC-RA-JAI-01082,MAT-039,BATTERIES,Battery,Li-ion Battery - Mixed,Consumer electronics,ScrapTech,direct,https://scraptechindia.com/,2026-09-05,DIRECT,Battery chemistry must be known before using a specific chemistry rate.,Rajasthan,Jaipur,Vishwakarma Industrial Area (VKIA) / Sitapura,Tier 2,2026-09-05,10:30:00,per_kg,145.0,145.0,145.0,0.95,1.0,1.0,120,140,150,115,160,30,25.0,Stable,Configured battery-market scenario: stable.,Greenscape Eco Management Jaipur,CPCB/EPR-EW/2022/RJ-003,Synthetic scenario generated from material baselines and configured location/date factors,Synthetic - requires independent market verification,True,base_mid * location_factor * category_location_factor * date_factor
PRC-RA-JAI-01083,MAT-040,BATTERIES,Battery,Laptop Li-ion Battery,Laptop,MetalMandi,direct,https://www.metalmandi.in/,2026-09-05,DIRECT,Battery chemistry must be known before using a specific chemistry rate.,Rajasthan,Jaipur,Vishwakarma Industrial Area (VKIA) / Sitapura,Tier 2,2026-09-05,10:30:00,per_kg,298.0,298.0,298.0,0.95,1.0,1.0,245,285,305,235,320,60,24.5,Stable,Configured battery-market scenario: stable.,Greenscape Eco Management Jaipur,CPCB/EPR-EW/2022/RJ-003,Synthetic scenario generated from material baselines and configured location/date factors,Synthetic - requires independent market verification,True,base_mid * location_factor * category_location_factor * date_factor
PRC-RA-JAI-01084,MAT-041,BATTERIES,Battery,Smartphone Li-ion Battery,Smartphone,MetalMandi,direct,https://www.metalmandi.in/,2026-09-05,DIRECT,Battery chemistry must be known before using a specific chemistry rate.,Rajasthan,Jaipur,Vishwakarma Industrial Area (VKIA) / Sitapura,Tier 2,2026-09-05,10:30:00,per_kg,702.0,702.0,702.0,0.95,1.0,1.0,575,665,720,545,755,145,25.2,Stable,Configured battery-market scenario: stable.,Greenscape Eco Management Jaipur,CPCB/EPR-EW/2022/RJ-003,Synthetic scenario generated from material baselines and configured location/date factors,Synthetic - requires independent market verification,True,base_mid * location_factor * category_location_factor * date_factor
PRC-RA-JAI-01085,MAT-042,BATTERIES,Battery,Keypad Phone Battery,Keypad phone,MetalMandi,direct,https://www.metalmandi.in/,2026-09-05,DIRECT,Battery chemistry must be known before using a specific chemistry rate.,Rajasthan,Jaipur,Vishwakarma Industrial Area (VKIA) / Sitapura,Tier 2,2026-09-05,10:30:00,per_kg,347.0,347.0,347.0,0.95,1.0,1.0,285,330,355,270,375,70,24.6,Stable,Configured battery-market scenario: stable.,Greenscape Eco Management Jaipur,CPCB/EPR-EW/2022/RJ-003,Synthetic scenario generated from material baselines and configured location/date factors,Synthetic - requires independent market verification,True,base_mid * location_factor * category_location_factor * date_factor
PRC-RA-JAI-01086,MAT-043,BATTERIES,Battery,Powerbank / Earbud / Small Gadget Battery,Small electronics,MetalMandi,direct,https://www.metalmandi.in/,2026-09-05,DIRECT,Battery chemistry must be known before using a specific chemistry rate.,Rajasthan,Jaipur,Vishwakarma Industrial Area (VKIA) / Sitapura,Tier 2,2026-09-05,10:30:00,per_kg,273.0,273.0,273.0,0.95,1.0,1.0,225,260,280,215,295,55,24.4,Stable,Configured battery-market scenario: stable.,Greenscape Eco Management Jaipur,CPCB/EPR-EW/2022/RJ-003,Synthetic scenario generated from material baselines and configured location/date factors,Synthetic - requires independent market verification,True,base_mid * location_factor * category_location_factor * date_factor
PRC-RA-JAI-01087,MAT-044,BATTERIES,Battery,UPS / Non-Portable Li-ion Battery,UPS / stationary storage,MetalMandi,direct,https://www.metalmandi.in/,2026-09-05,DIRECT,Battery chemistry must be known before using a specific chemistry rate.,Rajasthan,Jaipur,Vishwakarma Industrial Area (VKIA) / Sitapura,Tier 2,2026-09-05,10:30:00,per_kg,70.0,70.0,70.0,0.95,1.0,1.0,57,66,72,54,76,15,26.3,Stable,Configured battery-market scenario: stable.,Greenscape Eco Management Jaipur,CPCB/EPR-EW/2022/RJ-003,Synthetic scenario generated from material baselines and configured location/date factors,Synthetic - requires independent market verification,True,base_mid * location_factor * category_location_factor * date_factor
PRC-RA-JAI-01088,MAT-045,MOTORS,Motor,Mixed E-waste Motor - Copper Wiring,Small appliances,Kabadiwalla Uncle + Scrap Savvy,direct_multi_source,https://www.kabadiwalla.in/cms-rates ; https://scrapsavvykabadiwala.com/scrap-rates-today-scrap-prices/,2026-09-05,DIRECT_RANGE,Motor rate varies heavily with copper content and whether dismantled.,Rajasthan,Jaipur,Vishwakarma Industrial Area (VKIA) / Sitapura,Tier 2,2026-09-05,10:30:00,per_kg,38.0,55.0,46.5,0.95,1.0,1.0,38,44,48,36,50,10,26.3,Stable,Configured motor-market scenario: stable.,Greenscape Eco Management Jaipur,CPCB/EPR-EW/2022/RJ-003,Synthetic scenario generated from material baselines and configured location/date factors,Synthetic - requires independent market verification,True,base_mid * location_factor * category_location_factor * date_factor
PRC-RA-JAI-01089,MAT-046,MOTORS,Motor,DC Fan Motor Scrap,DC fan / electronics cooling,ExportersIndia - Musa Traders,direct_range,https://www.exportersindia.com/musa-traders/copperscrap.htm,2026-09-05,DIRECT_RANGE,Motor rate varies heavily with copper content and whether dismantled.,Rajasthan,Jaipur,Vishwakarma Industrial Area (VKIA) / Sitapura,Tier 2,2026-07-15,11:00:00,per_kg,50.0,70.0,60.0,0.95,1.0,0.965,47,55,59,45,62,12,25.5,Stable,Configured motor-market scenario: stable.,Greenscape Eco Management Jaipur,CPCB/EPR-EW/2022/RJ-003,Synthetic scenario generated from material baselines and configured location/date factors,Synthetic - requires independent market verification,True,base_mid * location_factor * category_location_factor * date_factor
PRC-RA-JAI-01090,MAT-046,MOTORS,Motor,DC Fan Motor Scrap,DC fan / electronics cooling,ExportersIndia - Musa Traders,direct_range,https://www.exportersindia.com/musa-traders/copperscrap.htm,2026-09-05,DIRECT_RANGE,Motor rate varies heavily with copper content and whether dismantled.,Rajasthan,Jaipur,Vishwakarma Industrial Area (VKIA) / Sitapura,Tier 2,2026-08-01,11:00:00,per_kg,50.0,70.0,60.0,0.95,1.0,0.978,48,56,60,46,63,12,25.0,Stable,Configured motor-market scenario: stable.,Greenscape Eco Management Jaipur,CPCB/EPR-EW/2022/RJ-003,Synthetic scenario generated from material baselines and configured location/date factors,Synthetic - requires independent market verification,True,base_mid * location_factor * category_location_factor * date_factor
PRC-RA-JAI-01091,MAT-046,MOTORS,Motor,DC Fan Motor Scrap,DC fan / electronics cooling,ExportersIndia - Musa Traders,direct_range,https://www.exportersindia.com/musa-traders/copperscrap.htm,2026-09-05,DIRECT_RANGE,Motor rate varies heavily with copper content and whether dismantled.,Rajasthan,Jaipur,Vishwakarma Industrial Area (VKIA) / Sitapura,Tier 2,2026-08-15,11:00:00,per_kg,50.0,70.0,60.0,0.95,1.0,0.985,48,56,61,46,64,13,27.1,Stable,Configured motor-market scenario: stable.,Greenscape Eco Management Jaipur,CPCB/EPR-EW/2022/RJ-003,Synthetic scenario generated from material baselines and configured location/date factors,Synthetic - requires independent market verification,True,base_mid * location_factor * category_location_factor * date_factor
PRC-RA-JAI-01092,MAT-046,MOTORS,Motor,DC Fan Motor Scrap,DC fan / electronics cooling,ExportersIndia - Musa Traders,direct_range,https://www.exportersindia.com/musa-traders/copperscrap.htm,2026-09-05,DIRECT_RANGE,Motor rate varies heavily with copper content and whether dismantled.,Rajasthan,Jaipur,Vishwakarma Industrial Area (VKIA) / Sitapura,Tier 2,2026-09-01,11:00:00,per_kg,50.0,70.0,60.0,0.95,1.0,0.995,49,57,61,47,64,12,24.5,Stable,Configured motor-market scenario: stable.,Greenscape Eco Management Jaipur,CPCB/EPR-EW/2022/RJ-003,Synthetic scenario generated from material baselines and configured location/date factors,Synthetic - requires independent market verification,True,base_mid * location_factor * category_location_factor * date_factor
PRC-RA-JAI-01093,MAT-046,MOTORS,Motor,DC Fan Motor Scrap,DC fan / electronics cooling,ExportersIndia - Musa Traders,direct_range,https://www.exportersindia.com/musa-traders/copperscrap.htm,2026-09-05,DIRECT_RANGE,Motor rate varies heavily with copper content and whether dismantled.,Rajasthan,Jaipur,Vishwakarma Industrial Area (VKIA) / Sitapura,Tier 2,2026-09-05,10:30:00,per_kg,50.0,70.0,60.0,0.95,1.0,1.0,49,57,62,47,65,13,26.5,Stable,Configured motor-market scenario: stable.,Greenscape Eco Management Jaipur,CPCB/EPR-EW/2022/RJ-003,Synthetic scenario generated from material baselines and configured location/date factors,Synthetic - requires independent market verification,True,base_mid * location_factor * category_location_factor * date_factor
PRC-RA-JAI-01094,MAT-047,MOTORS,Motor,Ceiling Fan Motor Scrap,Ceiling fan,Justdial supplier listing,direct_range,https://www.justdial.com/jdmart/Ernakulam/Ceiling-Fan-Scrap/pid-2216994813/0484P484STD3000251,2026-09-05,DIRECT_RANGE,Motor rate varies heavily with copper content and whether dismantled.,Rajasthan,Jaipur,Vishwakarma Industrial Area (VKIA) / Sitapura,Tier 2,2026-07-15,11:00:00,per_kg,150.0,250.0,200.0,0.95,1.0,0.965,160,185,200,150,210,40,25.0,Stable,Configured motor-market scenario: stable.,Greenscape Eco Management Jaipur,CPCB/EPR-EW/2022/RJ-003,Synthetic scenario generated from material baselines and configured location/date factors,Synthetic - requires independent market verification,True,base_mid * location_factor * category_location_factor * date_factor
PRC-RA-JAI-01095,MAT-047,MOTORS,Motor,Ceiling Fan Motor Scrap,Ceiling fan,Justdial supplier listing,direct_range,https://www.justdial.com/jdmart/Ernakulam/Ceiling-Fan-Scrap/pid-2216994813/0484P484STD3000251,2026-09-05,DIRECT_RANGE,Motor rate varies heavily with copper content and whether dismantled.,Rajasthan,Jaipur,Vishwakarma Industrial Area (VKIA) / Sitapura,Tier 2,2026-08-01,11:00:00,per_kg,150.0,250.0,200.0,0.95,1.0,0.978,160,185,200,150,210,40,25.0,Stable,Configured motor-market scenario: stable.,Greenscape Eco Management Jaipur,CPCB/EPR-EW/2022/RJ-003,Synthetic scenario generated from material baselines and configured location/date factors,Synthetic - requires independent market verification,True,base_mid * location_factor * category_location_factor * date_factor
PRC-RA-JAI-01096,MAT-047,MOTORS,Motor,Ceiling Fan Motor Scrap,Ceiling fan,Justdial supplier listing,direct_range,https://www.justdial.com/jdmart/Ernakulam/Ceiling-Fan-Scrap/pid-2216994813/0484P484STD3000251,2026-09-05,DIRECT_RANGE,Motor rate varies heavily with copper content and whether dismantled.,Rajasthan,Jaipur,Vishwakarma Industrial Area (VKIA) / Sitapura,Tier 2,2026-08-15,11:00:00,per_kg,150.0,250.0,200.0,0.95,1.0,0.985,160,185,200,150,210,40,25.0,Stable,Configured motor-market scenario: stable.,Greenscape Eco Management Jaipur,CPCB/EPR-EW/2022/RJ-003,Synthetic scenario generated from material baselines and configured location/date factors,Synthetic - requires independent market verification,True,base_mid * location_factor * category_location_factor * date_factor
PRC-RA-JAI-01097,MAT-047,MOTORS,Motor,Ceiling Fan Motor Scrap,Ceiling fan,Justdial supplier listing,direct_range,https://www.justdial.com/jdmart/Ernakulam/Ceiling-Fan-Scrap/pid-2216994813/0484P484STD3000251,2026-09-05,DIRECT_RANGE,Motor rate varies heavily with copper content and whether dismantled.,Rajasthan,Jaipur,Vishwakarma Industrial Area (VKIA) / Sitapura,Tier 2,2026-09-01,11:00:00,per_kg,150.0,250.0,200.0,0.95,1.0,0.995,165,190,205,155,215,40,24.2,Stable,Configured motor-market scenario: stable.,Greenscape Eco Management Jaipur,CPCB/EPR-EW/2022/RJ-003,Synthetic scenario generated from material baselines and configured location/date factors,Synthetic - requires independent market verification,True,base_mid * location_factor * category_location_factor * date_factor
PRC-RA-JAI-01098,MAT-047,MOTORS,Motor,Ceiling Fan Motor Scrap,Ceiling fan,Justdial supplier listing,direct_range,https://www.justdial.com/jdmart/Ernakulam/Ceiling-Fan-Scrap/pid-2216994813/0484P484STD3000251,2026-09-05,DIRECT_RANGE,Motor rate varies heavily with copper content and whether dismantled.,Rajasthan,Jaipur,Vishwakarma Industrial Area (VKIA) / Sitapura,Tier 2,2026-09-05,10:30:00,per_kg,150.0,250.0,200.0,0.95,1.0,1.0,165,190,205,155,215,40,24.2,Stable,Configured motor-market scenario: stable.,Greenscape Eco Management Jaipur,CPCB/EPR-EW/2022/RJ-003,Synthetic scenario generated from material baselines and configured location/date factors,Synthetic - requires independent market verification,True,base_mid * location_factor * category_location_factor * date_factor
PRC-RA-JAI-01099,MAT-048,MOTORS,Motor,Small Appliance Motor,Mixer / pump / appliance,Kabadiwalla Uncle + Musa Traders,proxy_from_direct,https://www.kabadiwalla.in/cms-rates ; https://www.exportersindia.com/musa-traders/copperscrap.htm,2026-09-05,PROXY,Motor rate varies heavily with copper content and whether dismantled.,Rajasthan,Jaipur,Vishwakarma Industrial Area (VKIA) / Sitapura,Tier 2,2026-09-05,10:30:00,per_kg,38.0,70.0,54.0,0.95,1.0,1.0,44,51,55,42,58,11,25.0,Stable,Configured motor-market scenario: stable.,Greenscape Eco Management Jaipur,CPCB/EPR-EW/2022/RJ-003,Synthetic scenario generated from material baselines and configured location/date factors,Synthetic - requires independent market verification,True,base_mid * location_factor * category_location_factor * date_factor
PRC-RA-JAI-01100,MAT-049,MOTORS,Motor,Printer / Scanner Motor,Printer / scanner,Kabadiwalla Uncle + Musa Traders,proxy_from_direct,https://www.kabadiwalla.in/cms-rates ; https://www.exportersindia.com/musa-traders/copperscrap.htm,2026-09-05,PROXY,Motor rate varies heavily with copper content and whether dismantled.,Rajasthan,Jaipur,Vishwakarma Industrial Area (VKIA) / Sitapura,Tier 2,2026-09-05,10:30:00,per_kg,38.0,70.0,54.0,0.95,1.0,1.0,44,51,55,42,58,11,25.0,Stable,Configured motor-market scenario: stable.,Greenscape Eco Management Jaipur,CPCB/EPR-EW/2022/RJ-003,Synthetic scenario generated from material baselines and configured location/date factors,Synthetic - requires independent market verification,True,base_mid * location_factor * category_location_factor * date_factor
PRC-RA-JAI-01101,MAT-050,MOTORS,Motor,Large Copper-Wound Motor,Industrial / appliance motor,Scrap Savvy + fan-motor listing,proxy_from_direct,https://scrapsavvykabadiwala.com/scrap-rates-today-scrap-prices/ ; https://www.justdial.com/jdmart/Ernakulam/Ceiling-Fan-Scrap/pid-2216994813/0484P484STD3000251,2026-09-05,PROXY,Motor rate varies heavily with copper content and whether dismantled.,Rajasthan,Jaipur,Vishwakarma Industrial Area (VKIA) / Sitapura,Tier 2,2026-09-05,10:30:00,per_kg,55.0,150.0,102.5,0.95,1.0,1.0,84,97,105,80,110,21,25.0,Stable,Configured motor-market scenario: stable.,Greenscape Eco Management Jaipur,CPCB/EPR-EW/2022/RJ-003,Synthetic scenario generated from material baselines and configured location/date factors,Synthetic - requires independent market verification,True,base_mid * location_factor * category_location_factor * date_factor
PRC-RA-JAI-01102,MAT-051,PLASTICS,Mixed Plastic,ABS Plastic - Electronics Housing,Computer / appliance casing,TradeIndia,direct_range,https://www.tradeindia.com/products/abs-plastic-scraps-c1707904.html,2026-09-05,DIRECT_RANGE,Plastic resin identification materially changes value.,Rajasthan,Jaipur,Vishwakarma Industrial Area (VKIA) / Sitapura,Tier 2,2026-09-05,10:30:00,per_kg,30.0,40.0,35.0,0.95,1.0,1.0,29,33,36,28,38,7,24.1,Stable,Configured plastic-market scenario: stable.,Greenscape Eco Management Jaipur,CPCB/EPR-EW/2022/RJ-003,Synthetic scenario generated from material baselines and configured location/date factors,Synthetic - requires independent market verification,True,base_mid * location_factor * category_location_factor * date_factor
PRC-RA-JAI-01103,MAT-052,PLASTICS,Mixed Plastic,HDPE Plastic Scrap,Cable/accessory housings,Scrapprice India,direct,https://scrapprice.in/scrap-materials,2026-09-05,DIRECT,Plastic resin identification materially changes value.,Rajasthan,Jaipur,Vishwakarma Industrial Area (VKIA) / Sitapura,Tier 2,2026-09-05,10:30:00,per_kg,57.5,57.5,57.5,0.95,1.0,1.0,47,55,59,45,62,12,25.5,Stable,Configured plastic-market scenario: stable.,Greenscape Eco Management Jaipur,CPCB/EPR-EW/2022/RJ-003,Synthetic scenario generated from material baselines and configured location/date factors,Synthetic - requires independent market verification,True,base_mid * location_factor * category_location_factor * date_factor
PRC-RA-JAI-01104,MAT-053,PLASTICS,Mixed Plastic,PP Plastic Scrap,Electronics housings / parts,Scrapprice India,direct,https://scrapprice.in/scrap-materials,2026-09-05,DIRECT,Plastic resin identification materially changes value.,Rajasthan,Jaipur,Vishwakarma Industrial Area (VKIA) / Sitapura,Tier 2,2026-09-05,10:30:00,per_kg,77.83,77.83,77.83,0.95,1.0,1.0,64,74,80,61,84,16,25.0,Stable,Configured plastic-market scenario: stable.,Greenscape Eco Management Jaipur,CPCB/EPR-EW/2022/RJ-003,Synthetic scenario generated from material baselines and configured location/date factors,Synthetic - requires independent market verification,True,base_mid * location_factor * category_location_factor * date_factor
PRC-RA-JAI-01105,MAT-054,PLASTICS,Mixed Plastic,LDPE Plastic Scrap,Flexible electronic packaging / insulation,Scrapprice India,direct,https://scrapprice.in/scrap-materials,2026-09-05,DIRECT,Plastic resin identification materially changes value.,Rajasthan,Jaipur,Vishwakarma Industrial Area (VKIA) / Sitapura,Tier 2,2026-09-05,10:30:00,per_kg,83.0,83.0,83.0,0.95,1.0,1.0,68,79,85,65,89,17,25.0,Stable,Configured plastic-market scenario: stable.,Greenscape Eco Management Jaipur,CPCB/EPR-EW/2022/RJ-003,Synthetic scenario generated from material baselines and configured location/date factors,Synthetic - requires independent market verification,True,base_mid * location_factor * category_location_factor * date_factor
PRC-RA-JAI-01106,MAT-055,PLASTICS,Mixed Plastic,PVC Plastic Scrap,Cable insulation / housings,Scrapprice India,direct,https://scrapprice.in/scrap-materials,2026-09-05,DIRECT,Plastic resin identification materially changes value.,Rajasthan,Jaipur,Vishwakarma Industrial Area (VKIA) / Sitapura,Tier 2,2026-09-05,10:30:00,per_kg,22.2,22.2,22.2,0.95,1.0,1.0,18.1,21,23,17.2,24,4.9,27.1,Stable,Configured plastic-market scenario: stable.,Greenscape Eco Management Jaipur,CPCB/EPR-EW/2022/RJ-003,Synthetic scenario generated from material baselines and configured location/date factors,Synthetic - requires independent market verification,True,base_mid * location_factor * category_location_factor * date_factor
PRC-RA-JAI-01107,MAT-056,PLASTICS,Mixed Plastic,PET Plastic Scrap,Packaging / accessory plastics,Scrapprice India,direct,https://scrapprice.in/scrap-materials,2026-09-05,DIRECT,Plastic resin identification materially changes value.,Rajasthan,Jaipur,Vishwakarma Industrial Area (VKIA) / Sitapura,Tier 2,2026-09-05,10:30:00,per_kg,33.5,33.5,33.5,0.95,1.0,1.0,27,32,34,26,36,7,25.9,Stable,Configured plastic-market scenario: stable.,Greenscape Eco Management Jaipur,CPCB/EPR-EW/2022/RJ-003,Synthetic scenario generated from material baselines and configured location/date factors,Synthetic - requires independent market verification,True,base_mid * location_factor * category_location_factor * date_factor
PRC-RA-JAI-01108,MAT-057,PLASTICS,Mixed Plastic,Mixed Plastic - E-waste,Mixed electronic plastic,The Kabadiwala + Scrapprice India,direct_multi_source,https://www.thekabadiwala.com/scrap-rates/Bhopal ; https://scrapprice.in/scrap-materials,2026-09-05,DIRECT_RANGE,Plastic resin identification materially changes value.,Rajasthan,Jaipur,Vishwakarma Industrial Area (VKIA) / Sitapura,Tier 2,2026-09-05,10:30:00,per_kg,12.0,57.29,34.64,0.95,1.0,1.0,28,33,36,27,38,8,28.6,Stable,Configured plastic-market scenario: stable.,Greenscape Eco Management Jaipur,CPCB/EPR-EW/2022/RJ-003,Synthetic scenario generated from material baselines and configured location/date factors,Synthetic - requires independent market verification,True,base_mid * location_factor * category_location_factor * date_factor
PRC-RA-JAI-01109,MAT-058,MOBILE_TABLETS,Mobile Phone,Keypad Phone - Complete,Keypad phone,Scrap Savvy + Kabadiwala Online,direct_multi_source,https://scrapsavvykabadiwala.com/scrap-rates-today-scrap-prices/ ; https://kabadiwalaonline.com/secrap-rates/,2026-09-05,DIRECT_RANGE,"Complete-device pickup prices depend heavily on model, storage, condition and lock status.",Rajasthan,Jaipur,Vishwakarma Industrial Area (VKIA) / Sitapura,Tier 2,2026-09-05,10:30:00,per_piece,10.0,20.0,15.0,0.95,1.0,1.0,12.3,14.2,15.4,11.7,16.2,3.1,25.2,Stable,Configured synthetic market scenario.,Greenscape Eco Management Jaipur,CPCB/EPR-EW/2022/RJ-003,Synthetic scenario generated from material baselines and configured location/date factors,Synthetic - requires independent market verification,True,base_mid * location_factor * category_location_factor * date_factor
PRC-RA-JAI-01110,MAT-059,MOBILE_TABLETS,Mobile Phone,Smartphone - Generic Complete,Smartphone,Scrap Savvy + Kabadiwala Online,direct_multi_source,https://scrapsavvykabadiwala.com/scrap-rates-today-scrap-prices/ ; https://kabadiwalaonline.com/secrap-rates/,2026-09-05,DIRECT_RANGE,"Complete-device pickup prices depend heavily on model, storage, condition and lock status.",Rajasthan,Jaipur,Vishwakarma Industrial Area (VKIA) / Sitapura,Tier 2,2026-09-05,10:30:00,per_piece,20.0,60.0,40.0,0.95,1.0,1.0,33,38,41,31,43,8,24.2,Stable,Configured synthetic market scenario.,Greenscape Eco Management Jaipur,CPCB/EPR-EW/2022/RJ-003,Synthetic scenario generated from material baselines and configured location/date factors,Synthetic - requires independent market verification,True,base_mid * location_factor * category_location_factor * date_factor
PRC-RA-JAI-01111,MAT-060,MOBILE_TABLETS,Mobile Phone,Tablet - Generic Complete,Tablet,Kabadiwalla Uncle + Kabadiwala Online,direct_multi_source,https://www.kabadiwalla.in/cms-rates ; https://kabadiwalaonline.com/secrap-rates/,2026-09-05,DIRECT_RANGE,"Complete-device pickup prices depend heavily on model, storage, condition and lock status.",Rajasthan,Jaipur,Vishwakarma Industrial Area (VKIA) / Sitapura,Tier 2,2026-09-05,10:30:00,per_piece,30.0,60.0,45.0,0.95,1.0,1.0,37,43,46,35,48,9,24.3,Stable,Configured synthetic market scenario.,Greenscape Eco Management Jaipur,CPCB/EPR-EW/2022/RJ-003,Synthetic scenario generated from material baselines and configured location/date factors,Synthetic - requires independent market verification,True,base_mid * location_factor * category_location_factor * date_factor
PRC-RA-JAI-01112,MAT-061,MOBILE_TABLETS,Mobile Phone,Android Smartphone - 16GB,Smartphone,Scrap Mitra,direct,https://scrapmitra.com/,2026-09-05,DIRECT,"Complete-device pickup prices depend heavily on model, storage, condition and lock status.",Rajasthan,Jaipur,Vishwakarma Industrial Area (VKIA) / Sitapura,Tier 2,2026-09-05,10:30:00,per_piece,200.0,200.0,200.0,0.95,1.0,1.0,165,190,205,155,215,40,24.2,Stable,Configured synthetic market scenario.,Greenscape Eco Management Jaipur,CPCB/EPR-EW/2022/RJ-003,Synthetic scenario generated from material baselines and configured location/date factors,Synthetic - requires independent market verification,True,base_mid * location_factor * category_location_factor * date_factor
PRC-RA-JAI-01113,MAT-062,MOBILE_TABLETS,Mobile Phone,Android Smartphone - 32GB,Smartphone,Scrap Mitra,direct,https://scrapmitra.com/,2026-09-05,DIRECT,"Complete-device pickup prices depend heavily on model, storage, condition and lock status.",Rajasthan,Jaipur,Vishwakarma Industrial Area (VKIA) / Sitapura,Tier 2,2026-09-05,10:30:00,per_piece,400.0,400.0,400.0,0.95,1.0,1.0,325,380,410,310,430,85,26.2,Stable,Configured synthetic market scenario.,Greenscape Eco Management Jaipur,CPCB/EPR-EW/2022/RJ-003,Synthetic scenario generated from material baselines and configured location/date factors,Synthetic - requires independent market verification,True,base_mid * location_factor * category_location_factor * date_factor
PRC-RA-JAI-01114,MAT-063,MOBILE_TABLETS,Mobile Phone,Android Smartphone - 64GB,Smartphone,Scrap Mitra,direct,https://scrapmitra.com/,2026-09-05,DIRECT,"Complete-device pickup prices depend heavily on model, storage, condition and lock status.",Rajasthan,Jaipur,Vishwakarma Industrial Area (VKIA) / Sitapura,Tier 2,2026-09-05,10:30:00,per_piece,650.0,650.0,650.0,0.95,1.0,1.0,530,620,665,505,700,135,25.5,Stable,Configured synthetic market scenario.,Greenscape Eco Management Jaipur,CPCB/EPR-EW/2022/RJ-003,Synthetic scenario generated from material baselines and configured location/date factors,Synthetic - requires independent market verification,True,base_mid * location_factor * category_location_factor * date_factor
PRC-RA-JAI-01115,MAT-064,MOBILE_TABLETS,Mobile Phone,Android Smartphone - 128GB,Smartphone,Scrap Mitra,direct,https://scrapmitra.com/,2026-09-05,DIRECT,"Complete-device pickup prices depend heavily on model, storage, condition and lock status.",Rajasthan,Jaipur,Vishwakarma Industrial Area (VKIA) / Sitapura,Tier 2,2026-09-05,10:30:00,per_piece,1000.0,1000.0,1000.0,0.95,1.0,1.0,815,950,1050,775,1100,235,28.8,Stable,Configured synthetic market scenario.,Greenscape Eco Management Jaipur,CPCB/EPR-EW/2022/RJ-003,Synthetic scenario generated from material baselines and configured location/date factors,Synthetic - requires independent market verification,True,base_mid * location_factor * category_location_factor * date_factor
PRC-RA-JAI-01116,MAT-065,MOBILE_TABLETS,Mobile Phone,Android Smartphone - 256GB,Smartphone,Scrap Mitra,direct,https://scrapmitra.com/,2026-09-05,DIRECT,"Complete-device pickup prices depend heavily on model, storage, condition and lock status.",Rajasthan,Jaipur,Vishwakarma Industrial Area (VKIA) / Sitapura,Tier 2,2026-09-05,10:30:00,per_piece,2300.0,2300.0,2300.0,0.95,1.0,1.0,1900,2200,2350,1800,2450,450,23.7,Stable,Configured synthetic market scenario.,Greenscape Eco Management Jaipur,CPCB/EPR-EW/2022/RJ-003,Synthetic scenario generated from material baselines and configured location/date factors,Synthetic - requires independent market verification,True,base_mid * location_factor * category_location_factor * date_factor
